date,season,team,opponent,home_away,runs_for,runs_against,stadium,result,status,game_id,source_url
2024-03-23,2024,LG,한화,home,8,2,잠실,W,completed,20240323HHLG0,https://www.koreabaseball.com/Schedule/GameCenter/Main.aspx?gameDate=20240323&gameId=20240323HHLG0
2024-03-23,2024,한화,LG,away,2,8,잠실,L,completed,20240323HHLG0,https://www.koreabaseball.com/Schedule/GameCenter/Main.aspx?gameDate=20240323&gameId=20240323HHLG0
2024-03-23,2024,SSG,롯데,home,5,3,문학,W,completed,20240323LTSK0,https://www.koreabaseball.com/Schedule/GameCenter/Main.aspx?gameDate=20240323&gameId=20240323LTSK0
2024-03-23,2024,롯데,SSG,away,3,5,문학,L,completed,20240323LTSK0,https://www.koreabaseball.com/Schedule/GameCenter/Main.aspx?gameDate=20240323&gameId=20240323LTSK0
2024-03-23,2024,NC,두산,home,4,3,창원,W,completed,20240323OBNC0,https://www.koreabaseball.com/Schedule/GameCenter/Main.aspx?gameDate=20240323&gameId=20240323OBNC0
2024-03-23,2024,두산,NC,away,3,4,창원,L,completed,20240323OBNC0,https://www.koreabaseball.com/Schedule/GameCenter/Main.aspx?gameDate=20240323&gameId=20240323OBNC0
2024-03-23,2024,KT,삼성,home,2,6,수원,L,completed,20240323SSKT0,https://www.koreabaseball.com/Schedule/GameCenter/Main.aspx?gameDate=20240323&gameId=20240323SSKT0
2024-03-23,2024,삼성,KT,away,6,2,수원,W,completed,20240323SSKT0,https://www.koreabaseball.com/Schedule/GameCenter/Main.aspx?gameDate=20240323&gameId=20240323SSKT0
2024-03-23,2024,KIA,키움,home,7,5,광주,W,completed,20240323WOHT0,https://www.koreabaseball.com/Schedule/GameCenter/Main.aspx?gameDate=20240323&gameId=20240323WOHT0
2024-03-23,2024,키움,KIA,away,5,7,광주,L,completed,20240323WOHT0,https://www.koreabaseball.com/Schedule/GameCenter/Main.aspx?gameDate=20240323&gameId=20240323WOHT0
2024-03-24,2024,LG,한화,home,4,8,잠실,L,completed,20240324HHLG0,https://www.koreabaseball.com/Schedule/GameCenter/Main.aspx?gameDate=20240324&gameId=20240324HHLG0
2024-03-24,2024,한화,LG,away,8,4,잠실,W,completed,20240324HHLG0,https://www.koreabaseball.com/Schedule/GameCenter/Main.aspx?gameDate=20240324&gameId=20240324HHLG0
2024-03-24,2024,SSG,롯데,home,7,6,문학,W,completed,20240324LTSK0,https://www.koreabaseball.com/Schedule/GameCenter/Main.aspx?gameDate=20240324&gameId=20240324LTSK0
2024-03-24,2024,롯데,SSG,away,6,7,문학,L,completed,20240324LTSK0,https://www.koreabaseball.com/Schedule/GameCenter/Main.aspx?gameDate=20240324&gameId=20240324LTSK0
2024-03-24,2024,NC,두산,home,3,6,창원,L,completed,20240324OBNC0,https://www.koreabaseball.com/Schedule/GameCenter/Main.aspx?gameDate=20240324&gameId=20240324OBNC0
2024-03-24,2024,두산,NC,away,6,3,창원,W,completed,20240324OBNC0,https://www.koreabaseball.com/Schedule/GameCenter/Main.aspx?gameDate=20240324&gameId=20240324OBNC0
2024-03-24,2024,KT,삼성,home,8,11,수원,L,completed,20240324SSKT0,https://www.koreabaseball.com/Schedule/GameCenter/Main.aspx?gameDate=20240324&gameId=20240324SSKT0
2024-03-24,2024,삼성,KT,away,11,8,수원,W,completed,20240324SSKT0,https://www.koreabaseball.com/Schedule/GameCenter/Main.aspx?gameDate=20240324&gameId=20240324SSKT0
2024-03-26,2024,SSG,한화,home,0,6,문학,L,completed,20240326HHSK0,https://www.koreabaseball.com/Schedule/GameCenter/Main.aspx?gameDate=20240326&gameId=20240326HHSK0
2024-03-26,2024,한화,SSG,away,6,0,문학,W,completed,20240326HHSK0,https://www.koreabaseball.com/Schedule/GameCenter/Main.aspx?gameDate=20240326&gameId=20240326HHSK0
2024-03-26,2024,KIA,롯데,home,2,1,광주,W,completed,20240326LTHT0,https://www.koreabaseball.com/Schedule/GameCenter/Main.aspx?gameDate=20240326&gameId=20240326LTHT0
2024-03-26,2024,롯데,KIA,away,1,2,광주,L,completed,20240326LTHT0,https://www.koreabaseball.com/Schedule/GameCenter/Main.aspx?gameDate=20240326&gameId=20240326LTHT0
2024-03-26,2024,KT,두산,home,5,8,수원,L,completed,20240326OBKT0,https://www.koreabaseball.com/Schedule/GameCenter/Main.aspx?gameDate=20240326&gameId=20240326OBKT0
2024-03-26,2024,두산,KT,away,8,5,수원,W,completed,20240326OBKT0,https://www.koreabaseball.com/Schedule/GameCenter/Main.aspx?gameDate=20240326&gameId=20240326OBKT0
2024-03-26,2024,LG,삼성,home,4,3,잠실,W,completed,20240326SSLG0,https://www.koreabaseball.com/Schedule/GameCenter/Main.aspx?gameDate=20240326&gameId=20240326SSLG0
2024-03-26,2024,삼성,LG,away,3,4,잠실,L,completed,20240326SSLG0,https://www.koreabaseball.com/Schedule/GameCenter/Main.aspx?gameDate=20240326&gameId=20240326SSLG0
2024-03-26,2024,NC,키움,home,10,5,창원,W,completed,20240326WONC0,https://www.koreabaseball.com/Schedule/GameCenter/Main.aspx?gameDate=20240326&gameId=20240326WONC0
2024-03-26,2024,키움,NC,away,5,10,창원,L,completed,20240326WONC0,https://www.koreabaseball.com/Schedule/GameCenter/Main.aspx?gameDate=20240326&gameId=20240326WONC0
2024-03-27,2024,SSG,한화,home,1,3,문학,L,completed,20240327HHSK0,https://www.koreabaseball.com/Schedule/GameCenter/Main.aspx?gameDate=20240327&gameId=20240327HHSK0
2024-03-27,2024,한화,SSG,away,3,1,문학,W,completed,20240327HHSK0,https://www.koreabaseball.com/Schedule/GameCenter/Main.aspx?gameDate=20240327&gameId=20240327HHSK0
2024-03-27,2024,KIA,롯데,home,8,2,광주,W,completed,20240327LTHT0,https://www.koreabaseball.com/Schedule/GameCenter/Main.aspx?gameDate=20240327&gameId=20240327LTHT0
2024-03-27,2024,롯데,KIA,away,2,8,광주,L,completed,20240327LTHT0,https://www.koreabaseball.com/Schedule/GameCenter/Main.aspx?gameDate=20240327&gameId=20240327LTHT0
2024-03-27,2024,KT,두산,home,8,11,수원,L,completed,20240327OBKT0,https://www.koreabaseball.com/Schedule/GameCenter/Main.aspx?gameDate=20240327&gameId=20240327OBKT0
2024-03-27,2024,두산,KT,away,11,8,수원,W,completed,20240327OBKT0,https://www.koreabaseball.com/Schedule/GameCenter/Main.aspx?gameDate=20240327&gameId=20240327OBKT0
2024-03-27,2024,LG,삼성,home,2,2,잠실,D,completed,20240327SSLG0,https://www.koreabaseball.com/Schedule/GameCenter/Main.aspx?gameDate=20240327&gameId=20240327SSLG0
2024-03-27,2024,삼성,LG,away,2,2,잠실,D,completed,20240327SSLG0,https://www.koreabaseball.com/Schedule/GameCenter/Main.aspx?gameDate=20240327&gameId=20240327SSLG0
2024-03-27,2024,NC,키움,home,6,2,창원,W,completed,20240327WONC0,https://www.koreabaseball.com/Schedule/GameCenter/Main.aspx?gameDate=20240327&gameId=20240327WONC0
2024-03-27,2024,키움,NC,away,2,6,창원,L,completed,20240327WONC0,https://www.koreabaseball.com/Schedule/GameCenter/Main.aspx?gameDate=20240327&gameId=20240327WONC0
2024-03-28,2024,SSG,한화,home,6,10,문학,L,completed,20240328HHSK0,https://www.koreabaseball.com/Schedule/GameCenter/Main.aspx?gameDate=20240328&gameId=20240328HHSK0
2024-03-28,2024,한화,SSG,away,10,6,문학,W,completed,20240328HHSK0,https://www.koreabaseball.com/Schedule/GameCenter/Main.aspx?gameDate=20240328&gameId=20240328HHSK0
2024-03-28,2024,KT,두산,home,8,7,수원,W,completed,20240328OBKT0,https://www.koreabaseball.com/Schedule/GameCenter/Main.aspx?gameDate=20240328&gameId=20240328OBKT0
2024-03-28,2024,두산,KT,away,7,8,수원,L,completed,20240328OBKT0,https://www.koreabaseball.com/Schedule/GameCenter/Main.aspx?gameDate=20240328&gameId=20240328OBKT0
2024-03-28,2024,LG,삼성,home,18,1,잠실,W,completed,20240328SSLG0,https://www.koreabaseball.com/Schedule/GameCenter/Main.aspx?gameDate=20240328&gameId=20240328SSLG0
2024-03-28,2024,삼성,LG,away,1,18,잠실,L,completed,20240328SSLG0,https://www.koreabaseball.com/Schedule/GameCenter/Main.aspx?gameDate=20240328&gameId=20240328SSLG0
2024-03-29,2024,KIA,두산,away,4,2,잠실,W,completed,20240329HTOB0,https://www.koreabaseball.com/Schedule/GameCenter/Main.aspx?gameDate=20240329&gameId=20240329HTOB0
2024-03-29,2024,두산,KIA,home,2,4,잠실,L,completed,20240329HTOB0,https://www.koreabaseball.com/Schedule/GameCenter/Main.aspx?gameDate=20240329&gameId=20240329HTOB0
2024-03-29,2024,KT,한화,away,2,3,한밭,L,completed,20240329KTHH0,https://www.koreabaseball.com/Schedule/GameCenter/Main.aspx?gameDate=20240329&gameId=20240329KTHH0
2024-03-29,2024,한화,KT,home,3,2,한밭,W,completed,20240329KTHH0,https://www.koreabaseball.com/Schedule/GameCenter/Main.aspx?gameDate=20240329&gameId=20240329KTHH0
2024-03-29,2024,LG,키움,away,3,0,고척,W,completed,20240329LGWO0,https://www.koreabaseball.com/Schedule/GameCenter/Main.aspx?gameDate=20240329&gameId=20240329LGWO0
2024-03-29,2024,키움,LG,home,0,3,고척,L,completed,20240329LGWO0,https://www.koreabaseball.com/Schedule/GameCenter/Main.aspx?gameDate=20240329&gameId=20240329LGWO0
2024-03-29,2024,NC,롯데,away,1,3,사직,L,completed,20240329NCLT0,https://www.koreabaseball.com/Schedule/GameCenter/Main.aspx?gameDate=20240329&gameId=20240329NCLT0
2024-03-29,2024,롯데,NC,home,3,1,사직,W,completed,20240329NCLT0,https://www.koreabaseball.com/Schedule/GameCenter/Main.aspx?gameDate=20240329&gameId=20240329NCLT0
2024-03-29,2024,SSG,삼성,away,6,4,대구,W,completed,20240329SKSS0,https://www.koreabaseball.com/Schedule/GameCenter/Main.aspx?gameDate=20240329&gameId=20240329SKSS0
2024-03-29,2024,삼성,SSG,home,4,6,대구,L,completed,20240329SKSS0,https://www.koreabaseball.com/Schedule/GameCenter/Main.aspx?gameDate=20240329&gameId=20240329SKSS0
2024-03-30,2024,KIA,두산,away,0,8,잠실,L,completed,20240330HTOB0,https://www.koreabaseball.com/Schedule/GameCenter/Main.aspx?gameDate=20240330&gameId=20240330HTOB0
2024-03-30,2024,두산,KIA,home,8,0,잠실,W,completed,20240330HTOB0,https://www.koreabaseball.com/Schedule/GameCenter/Main.aspx?gameDate=20240330&gameId=20240330HTOB0
2024-03-30,2024,KT,한화,away,5,8,한밭,L,completed,20240330KTHH0,https://www.koreabaseball.com/Schedule/GameCenter/Main.aspx?gameDate=20240330&gameId=20240330KTHH0
2024-03-30,2024,한화,KT,home,8,5,한밭,W,completed,20240330KTHH0,https://www.koreabaseball.com/Schedule/GameCenter/Main.aspx?gameDate=20240330&gameId=20240330KTHH0
2024-03-30,2024,LG,키움,away,3,8,고척,L,completed,20240330LGWO0,https://www.koreabaseball.com/Schedule/GameCenter/Main.aspx?gameDate=20240330&gameId=20240330LGWO0
2024-03-30,2024,키움,LG,home,8,3,고척,W,completed,20240330LGWO0,https://www.koreabaseball.com/Schedule/GameCenter/Main.aspx?gameDate=20240330&gameId=20240330LGWO0
2024-03-30,2024,NC,롯데,away,8,0,사직,W,completed,20240330NCLT0,https://www.koreabaseball.com/Schedule/GameCenter/Main.aspx?gameDate=20240330&gameId=20240330NCLT0
2024-03-30,2024,롯데,NC,home,0,8,사직,L,completed,20240330NCLT0,https://www.koreabaseball.com/Schedule/GameCenter/Main.aspx?gameDate=20240330&gameId=20240330NCLT0
2024-03-30,2024,SSG,삼성,away,9,6,대구,W,completed,20240330SKSS0,https://www.koreabaseball.com/Schedule/GameCenter/Main.aspx?gameDate=20240330&gameId=20240330SKSS0
2024-03-30,2024,삼성,SSG,home,6,9,대구,L,completed,20240330SKSS0,https://www.koreabaseball.com/Schedule/GameCenter/Main.aspx?gameDate=20240330&gameId=20240330SKSS0
2024-03-31,2024,KIA,두산,away,9,3,잠실,W,completed,20240331HTOB0,https://www.koreabaseball.com/Schedule/GameCenter/Main.aspx?gameDate=20240331&gameId=20240331HTOB0
2024-03-31,2024,두산,KIA,home,3,9,잠실,L,completed,20240331HTOB0,https://www.koreabaseball.com/Schedule/GameCenter/Main.aspx?gameDate=20240331&gameId=20240331HTOB0
2024-03-31,2024,KT,한화,away,3,14,한밭,L,completed,20240331KTHH0,https://www.koreabaseball.com/Schedule/GameCenter/Main.aspx?gameDate=20240331&gameId=20240331KTHH0
2024-03-31,2024,한화,KT,home,14,3,한밭,W,completed,20240331KTHH0,https://www.koreabaseball.com/Schedule/GameCenter/Main.aspx?gameDate=20240331&gameId=20240331KTHH0
2024-03-31,2024,LG,키움,away,4,8,고척,L,completed,20240331LGWO0,https://www.koreabaseball.com/Schedule/GameCenter/Main.aspx?gameDate=20240331&gameId=20240331LGWO0
2024-03-31,2024,키움,LG,home,8,4,고척,W,completed,20240331LGWO0,https://www.koreabaseball.com/Schedule/GameCenter/Main.aspx?gameDate=20240331&gameId=20240331LGWO0
2024-03-31,2024,NC,롯데,away,8,7,사직,W,completed,20240331NCLT0,https://www.koreabaseball.com/Schedule/GameCenter/Main.aspx?gameDate=20240331&gameId=20240331NCLT0
2024-03-31,2024,롯데,NC,home,7,8,사직,L,completed,20240331NCLT0,https://www.koreabaseball.com/Schedule/GameCenter/Main.aspx?gameDate=20240331&gameId=20240331NCLT0
2024-03-31,2024,SSG,삼성,away,4,3,대구,W,completed,20240331SKSS0,https://www.koreabaseball.com/Schedule/GameCenter/Main.aspx?gameDate=20240331&gameId=20240331SKSS0
2024-03-31,2024,삼성,SSG,home,3,4,대구,L,completed,20240331SKSS0,https://www.koreabaseball.com/Schedule/GameCenter/Main.aspx?gameDate=20240331&gameId=20240331SKSS0
2024-04-02,2024,KIA,KT,away,6,10,수원,L,completed,20240402HTKT0,https://www.koreabaseball.com/Schedule/GameCenter/Main.aspx?gameDate=20240402&gameId=20240402HTKT0
2024-04-02,2024,KT,KIA,home,10,6,수원,W,completed,20240402HTKT0,https://www.koreabaseball.com/Schedule/GameCenter/Main.aspx?gameDate=20240402&gameId=20240402HTKT0
2024-04-02,2024,롯데,한화,away,1,0,한밭,W,completed,20240402LTHH0,https://www.koreabaseball.com/Schedule/GameCenter/Main.aspx?gameDate=20240402&gameId=20240402LTHH0
2024-04-02,2024,한화,롯데,home,0,1,한밭,L,completed,20240402LTHH0,https://www.koreabaseball.com/Schedule/GameCenter/Main.aspx?gameDate=20240402&gameId=20240402LTHH0
2024-04-02,2024,LG,NC,home,5,7,잠실,L,completed,20240402NCLG0,https://www.koreabaseball.com/Schedule/GameCenter/Main.aspx?gameDate=20240402&gameId=20240402NCLG0
2024-04-02,2024,NC,LG,away,7,5,잠실,W,completed,20240402NCLG0,https://www.koreabaseball.com/Schedule/GameCenter/Main.aspx?gameDate=20240402&gameId=20240402NCLG0
2024-04-02,2024,SSG,두산,home,13,6,문학,W,completed,20240402OBSK0,https://www.koreabaseball.com/Schedule/GameCenter/Main.aspx?gameDate=20240402&gameId=20240402OBSK0
2024-04-02,2024,두산,SSG,away,6,13,문학,L,completed,20240402OBSK0,https://www.koreabaseball.com/Schedule/GameCenter/Main.aspx?gameDate=20240402&gameId=20240402OBSK0
2024-04-02,2024,삼성,키움,home,3,8,대구,L,completed,20240402WOSS0,https://www.koreabaseball.com/Schedule/GameCenter/Main.aspx?gameDate=20240402&gameId=20240402WOSS0
2024-04-02,2024,키움,삼성,away,8,3,대구,W,completed,20240402WOSS0,https://www.koreabaseball.com/Schedule/GameCenter/Main.aspx?gameDate=20240402&gameId=20240402WOSS0
2024-04-03,2024,KIA,KT,away,5,1,수원,W,completed,20240403HTKT0,https://www.koreabaseball.com/Schedule/GameCenter/Main.aspx?gameDate=20240403&gameId=20240403HTKT0
2024-04-03,2024,KT,KIA,home,1,5,수원,L,completed,20240403HTKT0,https://www.koreabaseball.com/Schedule/GameCenter/Main.aspx?gameDate=20240403&gameId=20240403HTKT0
2024-04-03,2024,LG,NC,home,5,0,잠실,W,completed,20240403NCLG0,https://www.koreabaseball.com/Schedule/GameCenter/Main.aspx?gameDate=20240403&gameId=20240403NCLG0
2024-04-03,2024,NC,LG,away,0,5,잠실,L,completed,20240403NCLG0,https://www.koreabaseball.com/Schedule/GameCenter/Main.aspx?gameDate=20240403&gameId=20240403NCLG0
2024-04-03,2024,SSG,두산,home,5,3,문학,W,completed,20240403OBSK0,https://www.koreabaseball.com/Schedule/GameCenter/Main.aspx?gameDate=20240403&gameId=20240403OBSK0
2024-04-03,2024,두산,SSG,away,3,5,문학,L,completed,20240403OBSK0,https://www.koreabaseball.com/Schedule/GameCenter/Main.aspx?gameDate=20240403&gameId=20240403OBSK0
2024-04-04,2024,KIA,KT,away,6,3,수원,W,completed,20240404HTKT0,https://www.koreabaseball.com/Schedule/GameCenter/Main.aspx?gameDate=20240404&gameId=20240404HTKT0
2024-04-04,2024,KT,KIA,home,3,6,수원,L,completed,20240404HTKT0,https://www.koreabaseball.com/Schedule/GameCenter/Main.aspx?gameDate=20240404&gameId=20240404HTKT0
2024-04-04,2024,롯데,한화,away,5,6,한밭,L,completed,20240404LTHH0,https://www.koreabaseball.com/Schedule/GameCenter/Main.aspx?gameDate=20240404&gameId=20240404LTHH0
2024-04-04,2024,한화,롯데,home,6,5,한밭,W,completed,20240404LTHH0,https://www.koreabaseball.com/Schedule/GameCenter/Main.aspx?gameDate=20240404&gameId=20240404LTHH0
2024-04-04,2024,LG,NC,home,8,7,잠실,W,completed,20240404NCLG0,https://www.koreabaseball.com/Schedule/GameCenter/Main.aspx?gameDate=20240404&gameId=20240404NCLG0
2024-04-04,2024,NC,LG,away,7,8,잠실,L,completed,20240404NCLG0,https://www.koreabaseball.com/Schedule/GameCenter/Main.aspx?gameDate=20240404&gameId=20240404NCLG0
2024-04-04,2024,SSG,두산,home,3,2,문학,W,completed,20240404OBSK0,https://www.koreabaseball.com/Schedule/GameCenter/Main.aspx?gameDate=20240404&gameId=20240404OBSK0
2024-04-04,2024,두산,SSG,away,2,3,문학,L,completed,20240404OBSK0,https://www.koreabaseball.com/Schedule/GameCenter/Main.aspx?gameDate=20240404&gameId=20240404OBSK0
2024-04-04,2024,삼성,키움,home,1,10,대구,L,completed,20240404WOSS0,https://www.koreabaseball.com/Schedule/GameCenter/Main.aspx?gameDate=20240404&gameId=20240404WOSS0
2024-04-04,2024,키움,삼성,away,10,1,대구,W,completed,20240404WOSS0,https://www.koreabaseball.com/Schedule/GameCenter/Main.aspx?gameDate=20240404&gameId=20240404WOSS0
2024-04-05,2024,키움,한화,home,11,7,고척,W,completed,20240405HHWO0,https://www.koreabaseball.com/Schedule/GameCenter/Main.aspx?gameDate=20240405&gameId=20240405HHWO0
2024-04-05,2024,한화,키움,away,7,11,고척,L,completed,20240405HHWO0,https://www.koreabaseball.com/Schedule/GameCenter/Main.aspx?gameDate=20240405&gameId=20240405HHWO0
2024-04-05,2024,KT,LG,away,8,7,잠실,W,completed,20240405KTLG0,https://www.koreabaseball.com/Schedule/GameCenter/Main.aspx?gameDate=20240405&gameId=20240405KTLG0
2024-04-05,2024,LG,KT,home,7,8,잠실,L,completed,20240405KTLG0,https://www.koreabaseball.com/Schedule/GameCenter/Main.aspx?gameDate=20240405&gameId=20240405KTLG0
2024-04-05,2024,두산,롯데,away,4,3,사직,W,completed,20240405OBLT0,https://www.koreabaseball.com/Schedule/GameCenter/Main.aspx?gameDate=20240405&gameId=20240405OBLT0
2024-04-05,2024,롯데,두산,home,3,4,사직,L,completed,20240405OBLT0,https://www.koreabaseball.com/Schedule/GameCenter/Main.aspx?gameDate=20240405&gameId=20240405OBLT0
2024-04-05,2024,NC,SSG,home,5,0,창원,W,completed,20240405SKNC0,https://www.koreabaseball.com/Schedule/GameCenter/Main.aspx?gameDate=20240405&gameId=20240405SKNC0
2024-04-05,2024,SSG,NC,away,0,5,창원,L,completed,20240405SKNC0,https://www.koreabaseball.com/Schedule/GameCenter/Main.aspx?gameDate=20240405&gameId=20240405SKNC0
2024-04-05,2024,KIA,삼성,home,5,2,광주,W,completed,20240405SSHT0,https://www.koreabaseball.com/Schedule/GameCenter/Main.aspx?gameDate=20240405&gameId=20240405SSHT0
2024-04-05,2024,삼성,KIA,away,2,5,광주,L,completed,20240405SSHT0,https://www.koreabaseball.com/Schedule/GameCenter/Main.aspx?gameDate=20240405&gameId=20240405SSHT0
2024-04-06,2024,키움,한화,home,7,6,고척,W,completed,20240406HHWO0,https://www.koreabaseball.com/Schedule/GameCenter/Main.aspx?gameDate=20240406&gameId=20240406HHWO0
2024-04-06,2024,한화,키움,away,6,7,고척,L,completed,20240406HHWO0,https://www.koreabaseball.com/Schedule/GameCenter/Main.aspx?gameDate=20240406&gameId=20240406HHWO0
2024-04-06,2024,KT,LG,away,4,8,잠실,L,completed,20240406KTLG0,https://www.koreabaseball.com/Schedule/GameCenter/Main.aspx?gameDate=20240406&gameId=20240406KTLG0
2024-04-06,2024,LG,KT,home,8,4,잠실,W,completed,20240406KTLG0,https://www.koreabaseball.com/Schedule/GameCenter/Main.aspx?gameDate=20240406&gameId=20240406KTLG0
2024-04-06,2024,두산,롯데,away,1,8,사직,L,completed,20240406OBLT0,https://www.koreabaseball.com/Schedule/GameCenter/Main.aspx?gameDate=20240406&gameId=20240406OBLT0
2024-04-06,2024,롯데,두산,home,8,1,사직,W,completed,20240406OBLT0,https://www.koreabaseball.com/Schedule/GameCenter/Main.aspx?gameDate=20240406&gameId=20240406OBLT0
2024-04-06,2024,NC,SSG,home,16,3,창원,W,completed,20240406SKNC0,https://www.koreabaseball.com/Schedule/GameCenter/Main.aspx?gameDate=20240406&gameId=20240406SKNC0
2024-04-06,2024,SSG,NC,away,3,16,창원,L,completed,20240406SKNC0,https://www.koreabaseball.com/Schedule/GameCenter/Main.aspx?gameDate=20240406&gameId=20240406SKNC0
2024-04-06,2024,KIA,삼성,home,4,7,광주,L,completed,20240406SSHT0,https://www.koreabaseball.com/Schedule/GameCenter/Main.aspx?gameDate=20240406&gameId=20240406SSHT0
2024-04-06,2024,삼성,KIA,away,7,4,광주,W,completed,20240406SSHT0,https://www.koreabaseball.com/Schedule/GameCenter/Main.aspx?gameDate=20240406&gameId=20240406SSHT0
2024-04-07,2024,키움,한화,home,4,3,고척,W,completed,20240407HHWO0,https://www.koreabaseball.com/Schedule/GameCenter/Main.aspx?gameDate=20240407&gameId=20240407HHWO0
2024-04-07,2024,한화,키움,away,3,4,고척,L,completed,20240407HHWO0,https://www.koreabaseball.com/Schedule/GameCenter/Main.aspx?gameDate=20240407&gameId=20240407HHWO0
2024-04-07,2024,KT,LG,away,7,16,잠실,L,completed,20240407KTLG0,https://www.koreabaseball.com/Schedule/GameCenter/Main.aspx?gameDate=20240407&gameId=20240407KTLG0
2024-04-07,2024,LG,KT,home,16,7,잠실,W,completed,20240407KTLG0,https://www.koreabaseball.com/Schedule/GameCenter/Main.aspx?gameDate=20240407&gameId=20240407KTLG0
2024-04-07,2024,두산,롯데,away,6,7,사직,L,completed,20240407OBLT0,https://www.koreabaseball.com/Schedule/GameCenter/Main.aspx?gameDate=20240407&gameId=20240407OBLT0
2024-04-07,2024,롯데,두산,home,7,6,사직,W,completed,20240407OBLT0,https://www.koreabaseball.com/Schedule/GameCenter/Main.aspx?gameDate=20240407&gameId=20240407OBLT0
2024-04-07,2024,NC,SSG,home,10,1,창원,W,completed,20240407SKNC0,https://www.koreabaseball.com/Schedule/GameCenter/Main.aspx?gameDate=20240407&gameId=20240407SKNC0
2024-04-07,2024,SSG,NC,away,1,10,창원,L,completed,20240407SKNC0,https://www.koreabaseball.com/Schedule/GameCenter/Main.aspx?gameDate=20240407&gameId=20240407SKNC0
2024-04-07,2024,KIA,삼성,home,3,7,광주,L,completed,20240407SSHT0,https://www.koreabaseball.com/Schedule/GameCenter/Main.aspx?gameDate=20240407&gameId=20240407SSHT0
2024-04-07,2024,삼성,KIA,away,7,3,광주,W,completed,20240407SSHT0,https://www.koreabaseball.com/Schedule/GameCenter/Main.aspx?gameDate=20240407&gameId=20240407SSHT0
2024-04-09,2024,두산,한화,home,5,3,잠실,W,completed,20240409HHOB0,https://www.koreabaseball.com/Schedule/GameCenter/Main.aspx?gameDate=20240409&gameId=20240409HHOB0
2024-04-09,2024,한화,두산,away,3,5,잠실,L,completed,20240409HHOB0,https://www.koreabaseball.com/Schedule/GameCenter/Main.aspx?gameDate=20240409&gameId=20240409HHOB0
2024-04-09,2024,KT,NC,away,6,1,창원,W,completed,20240409KTNC0,https://www.koreabaseball.com/Schedule/GameCenter/Main.aspx?gameDate=20240409&gameId=20240409KTNC0
2024-04-09,2024,NC,KT,home,1,6,창원,L,completed,20240409KTNC0,https://www.koreabaseball.com/Schedule/GameCenter/Main.aspx?gameDate=20240409&gameId=20240409KTNC0
2024-04-09,2024,KIA,LG,home,7,2,광주,W,completed,20240409LGHT0,https://www.koreabaseball.com/Schedule/GameCenter/Main.aspx?gameDate=20240409&gameId=20240409LGHT0
2024-04-09,2024,LG,KIA,away,2,7,광주,L,completed,20240409LGHT0,https://www.koreabaseball.com/Schedule/GameCenter/Main.aspx?gameDate=20240409&gameId=20240409LGHT0
2024-04-09,2024,롯데,삼성,home,1,8,사직,L,completed,20240409SSLT0,https://www.koreabaseball.com/Schedule/GameCenter/Main.aspx?gameDate=20240409&gameId=20240409SSLT0
2024-04-09,2024,삼성,롯데,away,8,1,사직,W,completed,20240409SSLT0,https://www.koreabaseball.com/Schedule/GameCenter/Main.aspx?gameDate=20240409&gameId=20240409SSLT0
2024-04-09,2024,SSG,키움,home,8,5,문학,W,completed,20240409WOSK0,https://www.koreabaseball.com/Schedule/GameCenter/Main.aspx?gameDate=20240409&gameId=20240409WOSK0
2024-04-09,2024,키움,SSG,away,5,8,문학,L,completed,20240409WOSK0,https://www.koreabaseball.com/Schedule/GameCenter/Main.aspx?gameDate=20240409&gameId=20240409WOSK0
2024-04-10,2024,두산,한화,home,7,4,잠실,W,completed,20240410HHOB0,https://www.koreabaseball.com/Schedule/GameCenter/Main.aspx?gameDate=20240410&gameId=20240410HHOB0
2024-04-10,2024,한화,두산,away,4,7,잠실,L,completed,20240410HHOB0,https://www.koreabaseball.com/Schedule/GameCenter/Main.aspx?gameDate=20240410&gameId=20240410HHOB0
2024-04-10,2024,KT,NC,away,2,3,창원,L,completed,20240410KTNC0,https://www.koreabaseball.com/Schedule/GameCenter/Main.aspx?gameDate=20240410&gameId=20240410KTNC0
2024-04-10,2024,NC,KT,home,3,2,창원,W,completed,20240410KTNC0,https://www.koreabaseball.com/Schedule/GameCenter/Main.aspx?gameDate=20240410&gameId=20240410KTNC0
2024-04-10,2024,KIA,LG,home,5,4,광주,W,completed,20240410LGHT0,https://www.koreabaseball.com/Schedule/GameCenter/Main.aspx?gameDate=20240410&gameId=20240410LGHT0
2024-04-10,2024,LG,KIA,away,4,5,광주,L,completed,20240410LGHT0,https://www.koreabaseball.com/Schedule/GameCenter/Main.aspx?gameDate=20240410&gameId=20240410LGHT0
2024-04-10,2024,롯데,삼성,home,7,10,사직,L,completed,20240410SSLT0,https://www.koreabaseball.com/Schedule/GameCenter/Main.aspx?gameDate=20240410&gameId=20240410SSLT0
2024-04-10,2024,삼성,롯데,away,10,7,사직,W,completed,20240410SSLT0,https://www.koreabaseball.com/Schedule/GameCenter/Main.aspx?gameDate=20240410&gameId=20240410SSLT0
2024-04-10,2024,SSG,키움,home,8,4,문학,W,completed,20240410WOSK0,https://www.koreabaseball.com/Schedule/GameCenter/Main.aspx?gameDate=20240410&gameId=20240410WOSK0
2024-04-10,2024,키움,SSG,away,4,8,문학,L,completed,20240410WOSK0,https://www.koreabaseball.com/Schedule/GameCenter/Main.aspx?gameDate=20240410&gameId=20240410WOSK0
2024-04-11,2024,두산,한화,home,0,3,잠실,L,completed,20240411HHOB0,https://www.koreabaseball.com/Schedule/GameCenter/Main.aspx?gameDate=20240411&gameId=20240411HHOB0
2024-04-11,2024,한화,두산,away,3,0,잠실,W,completed,20240411HHOB0,https://www.koreabaseball.com/Schedule/GameCenter/Main.aspx?gameDate=20240411&gameId=20240411HHOB0
2024-04-11,2024,KT,NC,away,7,8,창원,L,completed,20240411KTNC0,https://www.koreabaseball.com/Schedule/GameCenter/Main.aspx?gameDate=20240411&gameId=20240411KTNC0
2024-04-11,2024,NC,KT,home,8,7,창원,W,completed,20240411KTNC0,https://www.koreabaseball.com/Schedule/GameCenter/Main.aspx?gameDate=20240411&gameId=20240411KTNC0
2024-04-11,2024,KIA,LG,home,8,4,광주,W,completed,20240411LGHT0,https://www.koreabaseball.com/Schedule/GameCenter/Main.aspx?gameDate=20240411&gameId=20240411LGHT0
2024-04-11,2024,LG,KIA,away,4,8,광주,L,completed,20240411LGHT0,https://www.koreabaseball.com/Schedule/GameCenter/Main.aspx?gameDate=20240411&gameId=20240411LGHT0
2024-04-11,2024,롯데,삼성,home,0,4,사직,L,completed,20240411SSLT0,https://www.koreabaseball.com/Schedule/GameCenter/Main.aspx?gameDate=20240411&gameId=20240411SSLT0
2024-04-11,2024,삼성,롯데,away,4,0,사직,W,completed,20240411SSLT0,https://www.koreabaseball.com/Schedule/GameCenter/Main.aspx?gameDate=20240411&gameId=20240411SSLT0
2024-04-11,2024,SSG,키움,home,2,5,문학,L,completed,20240411WOSK0,https://www.koreabaseball.com/Schedule/GameCenter/Main.aspx?gameDate=20240411&gameId=20240411WOSK0
2024-04-11,2024,키움,SSG,away,5,2,문학,W,completed,20240411WOSK0,https://www.koreabaseball.com/Schedule/GameCenter/Main.aspx?gameDate=20240411&gameId=20240411WOSK0
2024-04-12,2024,KIA,한화,away,8,4,한밭,W,completed,20240412HTHH0,https://www.koreabaseball.com/Schedule/GameCenter/Main.aspx?gameDate=20240412&gameId=20240412HTHH0
2024-04-12,2024,한화,KIA,home,4,8,한밭,L,completed,20240412HTHH0,https://www.koreabaseball.com/Schedule/GameCenter/Main.aspx?gameDate=20240412&gameId=20240412HTHH0
2024-04-12,2024,LG,두산,away,2,1,잠실,W,completed,20240412LGOB0,https://www.koreabaseball.com/Schedule/GameCenter/Main.aspx?gameDate=20240412&gameId=20240412LGOB0
2024-04-12,2024,두산,LG,home,1,2,잠실,L,completed,20240412LGOB0,https://www.koreabaseball.com/Schedule/GameCenter/Main.aspx?gameDate=20240412&gameId=20240412LGOB0
2024-04-12,2024,롯데,키움,away,4,9,고척,L,completed,20240412LTWO0,https://www.koreabaseball.com/Schedule/GameCenter/Main.aspx?gameDate=20240412&gameId=20240412LTWO0
2024-04-12,2024,키움,롯데,home,9,4,고척,W,completed,20240412LTWO0,https://www.koreabaseball.com/Schedule/GameCenter/Main.aspx?gameDate=20240412&gameId=20240412LTWO0
2024-04-12,2024,NC,삼성,away,8,3,대구,W,completed,20240412NCSS0,https://www.koreabaseball.com/Schedule/GameCenter/Main.aspx?gameDate=20240412&gameId=20240412NCSS0
2024-04-12,2024,삼성,NC,home,3,8,대구,L,completed,20240412NCSS0,https://www.koreabaseball.com/Schedule/GameCenter/Main.aspx?gameDate=20240412&gameId=20240412NCSS0
2024-04-12,2024,KT,SSG,home,8,3,수원,W,completed,20240412SKKT0,https://www.koreabaseball.com/Schedule/GameCenter/Main.aspx?gameDate=20240412&gameId=20240412SKKT0
2024-04-12,2024,SSG,KT,away,3,8,수원,L,completed,20240412SKKT0,https://www.koreabaseball.com/Schedule/GameCenter/Main.aspx?gameDate=20240412&gameId=20240412SKKT0
2024-04-13,2024,KIA,한화,away,11,9,한밭,W,completed,20240413HTHH0,https://www.koreabaseball.com/Schedule/GameCenter/Main.aspx?gameDate=20240413&gameId=20240413HTHH0
2024-04-13,2024,한화,KIA,home,9,11,한밭,L,completed,20240413HTHH0,https://www.koreabaseball.com/Schedule/GameCenter/Main.aspx?gameDate=20240413&gameId=20240413HTHH0
2024-04-13,2024,LG,두산,away,2,5,잠실,L,completed,20240413LGOB0,https://www.koreabaseball.com/Schedule/GameCenter/Main.aspx?gameDate=20240413&gameId=20240413LGOB0
2024-04-13,2024,두산,LG,home,5,2,잠실,W,completed,20240413LGOB0,https://www.koreabaseball.com/Schedule/GameCenter/Main.aspx?gameDate=20240413&gameId=20240413LGOB0
2024-04-13,2024,롯데,키움,away,1,8,고척,L,completed,20240413LTWO0,https://www.koreabaseball.com/Schedule/GameCenter/Main.aspx?gameDate=20240413&gameId=20240413LTWO0
2024-04-13,2024,키움,롯데,home,8,1,고척,W,completed,20240413LTWO0,https://www.koreabaseball.com/Schedule/GameCenter/Main.aspx?gameDate=20240413&gameId=20240413LTWO0
2024-04-13,2024,NC,삼성,away,4,3,대구,W,completed,20240413NCSS0,https://www.koreabaseball.com/Schedule/GameCenter/Main.aspx?gameDate=20240413&gameId=20240413NCSS0
2024-04-13,2024,삼성,NC,home,3,4,대구,L,completed,20240413NCSS0,https://www.koreabaseball.com/Schedule/GameCenter/Main.aspx?gameDate=20240413&gameId=20240413NCSS0
2024-04-13,2024,KT,SSG,home,8,11,수원,L,completed,20240413SKKT0,https://www.koreabaseball.com/Schedule/GameCenter/Main.aspx?gameDate=20240413&gameId=20240413SKKT0
2024-04-13,2024,SSG,KT,away,11,8,수원,W,completed,20240413SKKT0,https://www.koreabaseball.com/Schedule/GameCenter/Main.aspx?gameDate=20240413&gameId=20240413SKKT0
2024-04-14,2024,KIA,한화,away,5,2,한밭,W,completed,20240414HTHH0,https://www.koreabaseball.com/Schedule/GameCenter/Main.aspx?gameDate=20240414&gameId=20240414HTHH0
2024-04-14,2024,한화,KIA,home,2,5,한밭,L,completed,20240414HTHH0,https://www.koreabaseball.com/Schedule/GameCenter/Main.aspx?gameDate=20240414&gameId=20240414HTHH0
2024-04-14,2024,LG,두산,away,5,9,잠실,L,completed,20240414LGOB0,https://www.koreabaseball.com/Schedule/GameCenter/Main.aspx?gameDate=20240414&gameId=20240414LGOB0
2024-04-14,2024,두산,LG,home,9,5,잠실,W,completed,20240414LGOB0,https://www.koreabaseball.com/Schedule/GameCenter/Main.aspx?gameDate=20240414&gameId=20240414LGOB0
2024-04-14,2024,롯데,키움,away,5,7,고척,L,completed,20240414LTWO0,https://www.koreabaseball.com/Schedule/GameCenter/Main.aspx?gameDate=20240414&gameId=20240414LTWO0
2024-04-14,2024,키움,롯데,home,7,5,고척,W,completed,20240414LTWO0,https://www.koreabaseball.com/Schedule/GameCenter/Main.aspx?gameDate=20240414&gameId=20240414LTWO0
2024-04-14,2024,NC,삼성,away,5,12,대구,L,completed,20240414NCSS0,https://www.koreabaseball.com/Schedule/GameCenter/Main.aspx?gameDate=20240414&gameId=20240414NCSS0
2024-04-14,2024,삼성,NC,home,12,5,대구,W,completed,20240414NCSS0,https://www.koreabaseball.com/Schedule/GameCenter/Main.aspx?gameDate=20240414&gameId=20240414NCSS0
2024-04-14,2024,KT,SSG,home,1,8,수원,L,completed,20240414SKKT0,https://www.koreabaseball.com/Schedule/GameCenter/Main.aspx?gameDate=20240414&gameId=20240414SKKT0
2024-04-14,2024,SSG,KT,away,8,1,수원,W,completed,20240414SKKT0,https://www.koreabaseball.com/Schedule/GameCenter/Main.aspx?gameDate=20240414&gameId=20240414SKKT0
2024-04-16,2024,NC,한화,home,4,7,창원,L,completed,20240416HHNC0,https://www.koreabaseball.com/Schedule/GameCenter/Main.aspx?gameDate=20240416&gameId=20240416HHNC0
2024-04-16,2024,한화,NC,away,7,4,창원,W,completed,20240416HHNC0,https://www.koreabaseball.com/Schedule/GameCenter/Main.aspx?gameDate=20240416&gameId=20240416HHNC0
2024-04-16,2024,KIA,SSG,away,4,6,문학,L,completed,20240416HTSK0,https://www.koreabaseball.com/Schedule/GameCenter/Main.aspx?gameDate=20240416&gameId=20240416HTSK0
2024-04-16,2024,SSG,KIA,home,6,4,문학,W,completed,20240416HTSK0,https://www.koreabaseball.com/Schedule/GameCenter/Main.aspx?gameDate=20240416&gameId=20240416HTSK0
2024-04-16,2024,KT,키움,away,3,6,고척,L,completed,20240416KTWO0,https://www.koreabaseball.com/Schedule/GameCenter/Main.aspx?gameDate=20240416&gameId=20240416KTWO0
2024-04-16,2024,키움,KT,home,6,3,고척,W,completed,20240416KTWO0,https://www.koreabaseball.com/Schedule/GameCenter/Main.aspx?gameDate=20240416&gameId=20240416KTWO0
2024-04-16,2024,LG,롯데,home,7,2,잠실,W,completed,20240416LTLG0,https://www.koreabaseball.com/Schedule/GameCenter/Main.aspx?gameDate=20240416&gameId=20240416LTLG0
2024-04-16,2024,롯데,LG,away,2,7,잠실,L,completed,20240416LTLG0,https://www.koreabaseball.com/Schedule/GameCenter/Main.aspx?gameDate=20240416&gameId=20240416LTLG0
2024-04-16,2024,두산,삼성,away,5,7,대구,L,completed,20240416OBSS0,https://www.koreabaseball.com/Schedule/GameCenter/Main.aspx?gameDate=20240416&gameId=20240416OBSS0
2024-04-16,2024,삼성,두산,home,7,5,대구,W,completed,20240416OBSS0,https://www.koreabaseball.com/Schedule/GameCenter/Main.aspx?gameDate=20240416&gameId=20240416OBSS0
2024-04-17,2024,NC,한화,home,4,3,창원,W,completed,20240417HHNC0,https://www.koreabaseball.com/Schedule/GameCenter/Main.aspx?gameDate=20240417&gameId=20240417HHNC0
2024-04-17,2024,한화,NC,away,3,4,창원,L,completed,20240417HHNC0,https://www.koreabaseball.com/Schedule/GameCenter/Main.aspx?gameDate=20240417&gameId=20240417HHNC0
2024-04-17,2024,KIA,SSG,away,11,3,문학,W,completed,20240417HTSK0,https://www.koreabaseball.com/Schedule/GameCenter/Main.aspx?gameDate=20240417&gameId=20240417HTSK0
2024-04-17,2024,SSG,KIA,home,3,11,문학,L,completed,20240417HTSK0,https://www.koreabaseball.com/Schedule/GameCenter/Main.aspx?gameDate=20240417&gameId=20240417HTSK0
2024-04-17,2024,KT,키움,away,6,4,고척,W,completed,20240417KTWO0,https://www.koreabaseball.com/Schedule/GameCenter/Main.aspx?gameDate=20240417&gameId=20240417KTWO0
2024-04-17,2024,키움,KT,home,4,6,고척,L,completed,20240417KTWO0,https://www.koreabaseball.com/Schedule/GameCenter/Main.aspx?gameDate=20240417&gameId=20240417KTWO0
2024-04-17,2024,LG,롯데,home,6,5,잠실,W,completed,20240417LTLG0,https://www.koreabaseball.com/Schedule/GameCenter/Main.aspx?gameDate=20240417&gameId=20240417LTLG0
2024-04-17,2024,롯데,LG,away,5,6,잠실,L,completed,20240417LTLG0,https://www.koreabaseball.com/Schedule/GameCenter/Main.aspx?gameDate=20240417&gameId=20240417LTLG0
2024-04-17,2024,두산,삼성,away,2,9,대구,L,completed,20240417OBSS0,https://www.koreabaseball.com/Schedule/GameCenter/Main.aspx?gameDate=20240417&gameId=20240417OBSS0
2024-04-17,2024,삼성,두산,home,9,2,대구,W,completed,20240417OBSS0,https://www.koreabaseball.com/Schedule/GameCenter/Main.aspx?gameDate=20240417&gameId=20240417OBSS0
2024-04-18,2024,KIA,SSG,away,5,7,문학,L,completed,20240418HTSK0,https://www.koreabaseball.com/Schedule/GameCenter/Main.aspx?gameDate=20240418&gameId=20240418HTSK0
2024-04-18,2024,SSG,KIA,home,7,5,문학,W,completed,20240418HTSK0,https://www.koreabaseball.com/Schedule/GameCenter/Main.aspx?gameDate=20240418&gameId=20240418HTSK0
2024-04-18,2024,KT,키움,away,3,0,고척,W,completed,20240418KTWO0,https://www.koreabaseball.com/Schedule/GameCenter/Main.aspx?gameDate=20240418&gameId=20240418KTWO0
2024-04-18,2024,키움,KT,home,0,3,고척,L,completed,20240418KTWO0,https://www.koreabaseball.com/Schedule/GameCenter/Main.aspx?gameDate=20240418&gameId=20240418KTWO0
2024-04-18,2024,LG,롯데,home,2,9,잠실,L,completed,20240418LTLG0,https://www.koreabaseball.com/Schedule/GameCenter/Main.aspx?gameDate=20240418&gameId=20240418LTLG0
2024-04-18,2024,롯데,LG,away,9,2,잠실,W,completed,20240418LTLG0,https://www.koreabaseball.com/Schedule/GameCenter/Main.aspx?gameDate=20240418&gameId=20240418LTLG0
2024-04-18,2024,두산,삼성,away,2,5,대구,L,completed,20240418OBSS0,https://www.koreabaseball.com/Schedule/GameCenter/Main.aspx?gameDate=20240418&gameId=20240418OBSS0
2024-04-18,2024,삼성,두산,home,5,2,대구,W,completed,20240418OBSS0,https://www.koreabaseball.com/Schedule/GameCenter/Main.aspx?gameDate=20240418&gameId=20240418OBSS0
2024-04-19,2024,KT,롯데,away,3,4,사직,L,completed,20240419KTLT0,https://www.koreabaseball.com/Schedule/GameCenter/Main.aspx?gameDate=20240419&gameId=20240419KTLT0
2024-04-19,2024,롯데,KT,home,4,3,사직,W,completed,20240419KTLT0,https://www.koreabaseball.com/Schedule/GameCenter/Main.aspx?gameDate=20240419&gameId=20240419KTLT0
2024-04-19,2024,LG,SSG,away,4,1,문학,W,completed,20240419LGSK0,https://www.koreabaseball.com/Schedule/GameCenter/Main.aspx?gameDate=20240419&gameId=20240419LGSK0
2024-04-19,2024,SSG,LG,home,1,4,문학,L,completed,20240419LGSK0,https://www.koreabaseball.com/Schedule/GameCenter/Main.aspx?gameDate=20240419&gameId=20240419LGSK0
2024-04-19,2024,KIA,NC,home,4,3,광주,W,completed,20240419NCHT0,https://www.koreabaseball.com/Schedule/GameCenter/Main.aspx?gameDate=20240419&gameId=20240419NCHT0
2024-04-19,2024,NC,KIA,away,3,4,광주,L,completed,20240419NCHT0,https://www.koreabaseball.com/Schedule/GameCenter/Main.aspx?gameDate=20240419&gameId=20240419NCHT0
2024-04-19,2024,삼성,한화,away,1,6,한밭,L,completed,20240419SSHH0,https://www.koreabaseball.com/Schedule/GameCenter/Main.aspx?gameDate=20240419&gameId=20240419SSHH0
2024-04-19,2024,한화,삼성,home,6,1,한밭,W,completed,20240419SSHH0,https://www.koreabaseball.com/Schedule/GameCenter/Main.aspx?gameDate=20240419&gameId=20240419SSHH0
2024-04-19,2024,두산,키움,home,19,8,잠실,W,completed,20240419WOOB0,https://www.koreabaseball.com/Schedule/GameCenter/Main.aspx?gameDate=20240419&gameId=20240419WOOB0
2024-04-19,2024,키움,두산,away,8,19,잠실,L,completed,20240419WOOB0,https://www.koreabaseball.com/Schedule/GameCenter/Main.aspx?gameDate=20240419&gameId=20240419WOOB0
2024-04-20,2024,KIA,NC,home,9,2,광주,W,completed,20240420NCHT0,https://www.koreabaseball.com/Schedule/GameCenter/Main.aspx?gameDate=20240420&gameId=20240420NCHT0
2024-04-20,2024,NC,KIA,away,2,9,광주,L,completed,20240420NCHT0,https://www.koreabaseball.com/Schedule/GameCenter/Main.aspx?gameDate=20240420&gameId=20240420NCHT0
2024-04-20,2024,삼성,한화,away,1,0,한밭,W,completed,20240420SSHH0,https://www.koreabaseball.com/Schedule/GameCenter/Main.aspx?gameDate=20240420&gameId=20240420SSHH0
2024-04-20,2024,한화,삼성,home,0,1,한밭,L,completed,20240420SSHH0,https://www.koreabaseball.com/Schedule/GameCenter/Main.aspx?gameDate=20240420&gameId=20240420SSHH0
2024-04-21,2024,KT,롯데,away,9,9,사직,D,completed,20240421KTLT1,https://www.koreabaseball.com/Schedule/GameCenter/Main.aspx?gameDate=20240421&gameId=20240421KTLT1
2024-04-21,2024,롯데,KT,home,9,9,사직,D,completed,20240421KTLT1,https://www.koreabaseball.com/Schedule/GameCenter/Main.aspx?gameDate=20240421&gameId=20240421KTLT1
2024-04-21,2024,KT,롯데,away,5,7,사직,L,completed,20240421KTLT2,https://www.koreabaseball.com/Schedule/GameCenter/Main.aspx?gameDate=20240421&gameId=20240421KTLT2
2024-04-21,2024,롯데,KT,home,7,5,사직,W,completed,20240421KTLT2,https://www.koreabaseball.com/Schedule/GameCenter/Main.aspx?gameDate=20240421&gameId=20240421KTLT2
2024-04-21,2024,LG,SSG,away,10,8,문학,W,completed,20240421LGSK1,https://www.koreabaseball.com/Schedule/GameCenter/Main.aspx?gameDate=20240421&gameId=20240421LGSK1
2024-04-21,2024,SSG,LG,home,8,10,문학,L,completed,20240421LGSK1,https://www.koreabaseball.com/Schedule/GameCenter/Main.aspx?gameDate=20240421&gameId=20240421LGSK1
2024-04-21,2024,LG,SSG,away,5,5,문학,D,completed,20240421LGSK2,https://www.koreabaseball.com/Schedule/GameCenter/Main.aspx?gameDate=20240421&gameId=20240421LGSK2
2024-04-21,2024,SSG,LG,home,5,5,문학,D,completed,20240421LGSK2,https://www.koreabaseball.com/Schedule/GameCenter/Main.aspx?gameDate=20240421&gameId=20240421LGSK2
2024-04-21,2024,KIA,NC,home,4,15,광주,L,completed,20240421NCHT0,https://www.koreabaseball.com/Schedule/GameCenter/Main.aspx?gameDate=20240421&gameId=20240421NCHT0
2024-04-21,2024,NC,KIA,away,15,4,광주,W,completed,20240421NCHT0,https://www.koreabaseball.com/Schedule/GameCenter/Main.aspx?gameDate=20240421&gameId=20240421NCHT0
2024-04-21,2024,삼성,한화,away,5,3,한밭,W,completed,20240421SSHH0,https://www.koreabaseball.com/Schedule/GameCenter/Main.aspx?gameDate=20240421&gameId=20240421SSHH0
2024-04-21,2024,한화,삼성,home,3,5,한밭,L,completed,20240421SSHH0,https://www.koreabaseball.com/Schedule/GameCenter/Main.aspx?gameDate=20240421&gameId=20240421SSHH0
2024-04-21,2024,두산,키움,home,4,8,잠실,L,completed,20240421WOOB1,https://www.koreabaseball.com/Schedule/GameCenter/Main.aspx?gameDate=20240421&gameId=20240421WOOB1
2024-04-21,2024,키움,두산,away,8,4,잠실,W,completed,20240421WOOB1,https://www.koreabaseball.com/Schedule/GameCenter/Main.aspx?gameDate=20240421&gameId=20240421WOOB1
2024-04-21,2024,두산,키움,home,2,1,잠실,W,completed,20240421WOOB2,https://www.koreabaseball.com/Schedule/GameCenter/Main.aspx?gameDate=20240421&gameId=20240421WOOB2
2024-04-21,2024,키움,두산,away,1,2,잠실,L,completed,20240421WOOB2,https://www.koreabaseball.com/Schedule/GameCenter/Main.aspx?gameDate=20240421&gameId=20240421WOOB2
2024-04-23,2024,KT,한화,home,9,6,수원,W,completed,20240423HHKT0,https://www.koreabaseball.com/Schedule/GameCenter/Main.aspx?gameDate=20240423&gameId=20240423HHKT0
2024-04-23,2024,한화,KT,away,6,9,수원,L,completed,20240423HHKT0,https://www.koreabaseball.com/Schedule/GameCenter/Main.aspx?gameDate=20240423&gameId=20240423HHKT0
2024-04-23,2024,KIA,키움,away,5,2,고척,W,completed,20240423HTWO0,https://www.koreabaseball.com/Schedule/GameCenter/Main.aspx?gameDate=20240423&gameId=20240423HTWO0
2024-04-23,2024,키움,KIA,home,2,5,고척,L,completed,20240423HTWO0,https://www.koreabaseball.com/Schedule/GameCenter/Main.aspx?gameDate=20240423&gameId=20240423HTWO0
2024-04-23,2024,LG,삼성,away,3,7,대구,L,completed,20240423LGSS0,https://www.koreabaseball.com/Schedule/GameCenter/Main.aspx?gameDate=20240423&gameId=20240423LGSS0
2024-04-23,2024,삼성,LG,home,7,3,대구,W,completed,20240423LGSS0,https://www.koreabaseball.com/Schedule/GameCenter/Main.aspx?gameDate=20240423&gameId=20240423LGSS0
2024-04-23,2024,NC,두산,away,3,4,잠실,L,completed,20240423NCOB0,https://www.koreabaseball.com/Schedule/GameCenter/Main.aspx?gameDate=20240423&gameId=20240423NCOB0
2024-04-23,2024,두산,NC,home,4,3,잠실,W,completed,20240423NCOB0,https://www.koreabaseball.com/Schedule/GameCenter/Main.aspx?gameDate=20240423&gameId=20240423NCOB0
2024-04-24,2024,KT,한화,home,7,1,수원,W,completed,20240424HHKT0,https://www.koreabaseball.com/Schedule/GameCenter/Main.aspx?gameDate=20240424&gameId=20240424HHKT0
2024-04-24,2024,한화,KT,away,1,7,수원,L,completed,20240424HHKT0,https://www.koreabaseball.com/Schedule/GameCenter/Main.aspx?gameDate=20240424&gameId=20240424HHKT0
2024-04-24,2024,KIA,키움,away,6,4,고척,W,completed,20240424HTWO0,https://www.koreabaseball.com/Schedule/GameCenter/Main.aspx?gameDate=20240424&gameId=20240424HTWO0
2024-04-24,2024,키움,KIA,home,4,6,고척,L,completed,20240424HTWO0,https://www.koreabaseball.com/Schedule/GameCenter/Main.aspx?gameDate=20240424&gameId=20240424HTWO0
2024-04-24,2024,LG,삼성,away,0,6,대구,L,completed,20240424LGSS0,https://www.koreabaseball.com/Schedule/GameCenter/Main.aspx?gameDate=20240424&gameId=20240424LGSS0
2024-04-24,2024,삼성,LG,home,6,0,대구,W,completed,20240424LGSS0,https://www.koreabaseball.com/Schedule/GameCenter/Main.aspx?gameDate=20240424&gameId=20240424LGSS0
2024-04-24,2024,NC,두산,away,3,1,잠실,W,completed,20240424NCOB0,https://www.koreabaseball.com/Schedule/GameCenter/Main.aspx?gameDate=20240424&gameId=20240424NCOB0
2024-04-24,2024,두산,NC,home,1,3,잠실,L,completed,20240424NCOB0,https://www.koreabaseball.com/Schedule/GameCenter/Main.aspx?gameDate=20240424&gameId=20240424NCOB0
2024-04-24,2024,SSG,롯데,away,12,7,사직,W,completed,20240424SKLT0,https://www.koreabaseball.com/Schedule/GameCenter/Main.aspx?gameDate=20240424&gameId=20240424SKLT0
2024-04-24,2024,롯데,SSG,home,7,12,사직,L,completed,20240424SKLT0,https://www.koreabaseball.com/Schedule/GameCenter/Main.aspx?gameDate=20240424&gameId=20240424SKLT0
2024-04-25,2024,KT,한화,home,9,0,수원,W,completed,20240425HHKT0,https://www.koreabaseball.com/Schedule/GameCenter/Main.aspx?gameDate=20240425&gameId=20240425HHKT0
2024-04-25,2024,한화,KT,away,0,9,수원,L,completed,20240425HHKT0,https://www.koreabaseball.com/Schedule/GameCenter/Main.aspx?gameDate=20240425&gameId=20240425HHKT0
2024-04-25,2024,KIA,키움,away,13,2,고척,W,completed,20240425HTWO0,https://www.koreabaseball.com/Schedule/GameCenter/Main.aspx?gameDate=20240425&gameId=20240425HTWO0
2024-04-25,2024,키움,KIA,home,2,13,고척,L,completed,20240425HTWO0,https://www.koreabaseball.com/Schedule/GameCenter/Main.aspx?gameDate=20240425&gameId=20240425HTWO0
2024-04-25,2024,LG,삼성,away,8,2,대구,W,completed,20240425LGSS0,https://www.koreabaseball.com/Schedule/GameCenter/Main.aspx?gameDate=20240425&gameId=20240425LGSS0
2024-04-25,2024,삼성,LG,home,2,8,대구,L,completed,20240425LGSS0,https://www.koreabaseball.com/Schedule/GameCenter/Main.aspx?gameDate=20240425&gameId=20240425LGSS0
2024-04-25,2024,NC,두산,away,3,7,잠실,L,completed,20240425NCOB0,https://www.koreabaseball.com/Schedule/GameCenter/Main.aspx?gameDate=20240425&gameId=20240425NCOB0
2024-04-25,2024,두산,NC,home,7,3,잠실,W,completed,20240425NCOB0,https://www.koreabaseball.com/Schedule/GameCenter/Main.aspx?gameDate=20240425&gameId=20240425NCOB0
2024-04-25,2024,SSG,롯데,away,3,6,사직,L,completed,20240425SKLT0,https://www.koreabaseball.com/Schedule/GameCenter/Main.aspx?gameDate=20240425&gameId=20240425SKLT0
2024-04-25,2024,롯데,SSG,home,6,3,사직,W,completed,20240425SKLT0,https://www.koreabaseball.com/Schedule/GameCenter/Main.aspx?gameDate=20240425&gameId=20240425SKLT0
2024-04-26,2024,KIA,LG,away,6,7,잠실,L,completed,20240426HTLG0,https://www.koreabaseball.com/Schedule/GameCenter/Main.aspx?gameDate=20240426&gameId=20240426HTLG0
2024-04-26,2024,LG,KIA,home,7,6,잠실,W,completed,20240426HTLG0,https://www.koreabaseball.com/Schedule/GameCenter/Main.aspx?gameDate=20240426&gameId=20240426HTLG0
2024-04-26,2024,KT,SSG,away,2,5,문학,L,completed,20240426KTSK0,https://www.koreabaseball.com/Schedule/GameCenter/Main.aspx?gameDate=20240426&gameId=20240426KTSK0
2024-04-26,2024,SSG,KT,home,5,2,문학,W,completed,20240426KTSK0,https://www.koreabaseball.com/Schedule/GameCenter/Main.aspx?gameDate=20240426&gameId=20240426KTSK0
2024-04-26,2024,NC,롯데,home,4,0,창원,W,completed,20240426LTNC0,https://www.koreabaseball.com/Schedule/GameCenter/Main.aspx?gameDate=20240426&gameId=20240426LTNC0
2024-04-26,2024,롯데,NC,away,0,4,창원,L,completed,20240426LTNC0,https://www.koreabaseball.com/Schedule/GameCenter/Main.aspx?gameDate=20240426&gameId=20240426LTNC0
2024-04-26,2024,두산,한화,away,10,5,한밭,W,completed,20240426OBHH0,https://www.koreabaseball.com/Schedule/GameCenter/Main.aspx?gameDate=20240426&gameId=20240426OBHH0
2024-04-26,2024,한화,두산,home,5,10,한밭,L,completed,20240426OBHH0,https://www.koreabaseball.com/Schedule/GameCenter/Main.aspx?gameDate=20240426&gameId=20240426OBHH0
2024-04-26,2024,삼성,키움,away,3,0,고척,W,completed,20240426SSWO0,https://www.koreabaseball.com/Schedule/GameCenter/Main.aspx?gameDate=20240426&gameId=20240426SSWO0
2024-04-26,2024,키움,삼성,home,0,3,고척,L,completed,20240426SSWO0,https://www.koreabaseball.com/Schedule/GameCenter/Main.aspx?gameDate=20240426&gameId=20240426SSWO0
2024-04-27,2024,KIA,LG,away,3,6,잠실,L,completed,20240427HTLG0,https://www.koreabaseball.com/Schedule/GameCenter/Main.aspx?gameDate=20240427&gameId=20240427HTLG0
2024-04-27,2024,LG,KIA,home,6,3,잠실,W,completed,20240427HTLG0,https://www.koreabaseball.com/Schedule/GameCenter/Main.aspx?gameDate=20240427&gameId=20240427HTLG0
2024-04-27,2024,KT,SSG,away,5,2,문학,W,completed,20240427KTSK0,https://www.koreabaseball.com/Schedule/GameCenter/Main.aspx?gameDate=20240427&gameId=20240427KTSK0
2024-04-27,2024,SSG,KT,home,2,5,문학,L,completed,20240427KTSK0,https://www.koreabaseball.com/Schedule/GameCenter/Main.aspx?gameDate=20240427&gameId=20240427KTSK0
2024-04-27,2024,NC,롯데,home,2,0,창원,W,completed,20240427LTNC0,https://www.koreabaseball.com/Schedule/GameCenter/Main.aspx?gameDate=20240427&gameId=20240427LTNC0
2024-04-27,2024,롯데,NC,away,0,2,창원,L,completed,20240427LTNC0,https://www.koreabaseball.com/Schedule/GameCenter/Main.aspx?gameDate=20240427&gameId=20240427LTNC0
2024-04-27,2024,두산,한화,away,5,10,한밭,L,completed,20240427OBHH0,https://www.koreabaseball.com/Schedule/GameCenter/Main.aspx?gameDate=20240427&gameId=20240427OBHH0
2024-04-27,2024,한화,두산,home,10,5,한밭,W,completed,20240427OBHH0,https://www.koreabaseball.com/Schedule/GameCenter/Main.aspx?gameDate=20240427&gameId=20240427OBHH0
2024-04-27,2024,삼성,키움,away,11,0,고척,W,completed,20240427SSWO0,https://www.koreabaseball.com/Schedule/GameCenter/Main.aspx?gameDate=20240427&gameId=20240427SSWO0
2024-04-27,2024,키움,삼성,home,0,11,고척,L,completed,20240427SSWO0,https://www.koreabaseball.com/Schedule/GameCenter/Main.aspx?gameDate=20240427&gameId=20240427SSWO0
2024-04-28,2024,KIA,LG,away,10,7,잠실,W,completed,20240428HTLG0,https://www.koreabaseball.com/Schedule/GameCenter/Main.aspx?gameDate=20240428&gameId=20240428HTLG0
2024-04-28,2024,LG,KIA,home,7,10,잠실,L,completed,20240428HTLG0,https://www.koreabaseball.com/Schedule/GameCenter/Main.aspx?gameDate=20240428&gameId=20240428HTLG0
2024-04-28,2024,KT,SSG,away,6,11,문학,L,completed,20240428KTSK0,https://www.koreabaseball.com/Schedule/GameCenter/Main.aspx?gameDate=20240428&gameId=20240428KTSK0
2024-04-28,2024,SSG,KT,home,11,6,문학,W,completed,20240428KTSK0,https://www.koreabaseball.com/Schedule/GameCenter/Main.aspx?gameDate=20240428&gameId=20240428KTSK0
2024-04-28,2024,NC,롯데,home,5,3,창원,W,completed,20240428LTNC0,https://www.koreabaseball.com/Schedule/GameCenter/Main.aspx?gameDate=20240428&gameId=20240428LTNC0
2024-04-28,2024,롯데,NC,away,3,5,창원,L,completed,20240428LTNC0,https://www.koreabaseball.com/Schedule/GameCenter/Main.aspx?gameDate=20240428&gameId=20240428LTNC0
2024-04-28,2024,두산,한화,away,17,8,한밭,W,completed,20240428OBHH0,https://www.koreabaseball.com/Schedule/GameCenter/Main.aspx?gameDate=20240428&gameId=20240428OBHH0
2024-04-28,2024,한화,두산,home,8,17,한밭,L,completed,20240428OBHH0,https://www.koreabaseball.com/Schedule/GameCenter/Main.aspx?gameDate=20240428&gameId=20240428OBHH0
2024-04-28,2024,삼성,키움,away,11,6,고척,W,completed,20240428SSWO0,https://www.koreabaseball.com/Schedule/GameCenter/Main.aspx?gameDate=20240428&gameId=20240428SSWO0
2024-04-28,2024,키움,삼성,home,6,11,고척,L,completed,20240428SSWO0,https://www.koreabaseball.com/Schedule/GameCenter/Main.aspx?gameDate=20240428&gameId=20240428SSWO0
2024-04-30,2024,KIA,KT,home,4,11,광주,L,completed,20240430KTHT0,https://www.koreabaseball.com/Schedule/GameCenter/Main.aspx?gameDate=20240430&gameId=20240430KTHT0
2024-04-30,2024,KT,KIA,away,11,4,광주,W,completed,20240430KTHT0,https://www.koreabaseball.com/Schedule/GameCenter/Main.aspx?gameDate=20240430&gameId=20240430KTHT0
2024-04-30,2024,LG,NC,away,0,8,창원,L,completed,20240430LGNC0,https://www.koreabaseball.com/Schedule/GameCenter/Main.aspx?gameDate=20240430&gameId=20240430LGNC0
2024-04-30,2024,NC,LG,home,8,0,창원,W,completed,20240430LGNC0,https://www.koreabaseball.com/Schedule/GameCenter/Main.aspx?gameDate=20240430&gameId=20240430LGNC0
2024-04-30,2024,SSG,한화,away,2,8,한밭,L,completed,20240430SKHH0,https://www.koreabaseball.com/Schedule/GameCenter/Main.aspx?gameDate=20240430&gameId=20240430SKHH0
2024-04-30,2024,한화,SSG,home,8,2,한밭,W,completed,20240430SKHH0,https://www.koreabaseball.com/Schedule/GameCenter/Main.aspx?gameDate=20240430&gameId=20240430SKHH0
2024-04-30,2024,두산,삼성,home,4,0,잠실,W,completed,20240430SSOB0,https://www.koreabaseball.com/Schedule/GameCenter/Main.aspx?gameDate=20240430&gameId=20240430SSOB0
2024-04-30,2024,삼성,두산,away,0,4,잠실,L,completed,20240430SSOB0,https://www.koreabaseball.com/Schedule/GameCenter/Main.aspx?gameDate=20240430&gameId=20240430SSOB0
2024-04-30,2024,롯데,키움,home,7,9,사직,L,completed,20240430WOLT0,https://www.koreabaseball.com/Schedule/GameCenter/Main.aspx?gameDate=20240430&gameId=20240430WOLT0
2024-04-30,2024,키움,롯데,away,9,7,사직,W,completed,20240430WOLT0,https://www.koreabaseball.com/Schedule/GameCenter/Main.aspx?gameDate=20240430&gameId=20240430WOLT0
2024-05-01,2024,KIA,KT,home,9,1,광주,W,completed,20240501KTHT0,https://www.koreabaseball.com/Schedule/GameCenter/Main.aspx?gameDate=20240501&gameId=20240501KTHT0
2024-05-01,2024,KT,KIA,away,1,9,광주,L,completed,20240501KTHT0,https://www.koreabaseball.com/Schedule/GameCenter/Main.aspx?gameDate=20240501&gameId=20240501KTHT0
2024-05-01,2024,LG,NC,away,10,1,창원,W,completed,20240501LGNC0,https://www.koreabaseball.com/Schedule/GameCenter/Main.aspx?gameDate=20240501&gameId=20240501LGNC0
2024-05-01,2024,NC,LG,home,1,10,창원,L,completed,20240501LGNC0,https://www.koreabaseball.com/Schedule/GameCenter/Main.aspx?gameDate=20240501&gameId=20240501LGNC0
2024-05-01,2024,SSG,한화,away,8,7,한밭,W,completed,20240501SKHH0,https://www.koreabaseball.com/Schedule/GameCenter/Main.aspx?gameDate=20240501&gameId=20240501SKHH0
2024-05-01,2024,한화,SSG,home,7,8,한밭,L,completed,20240501SKHH0,https://www.koreabaseball.com/Schedule/GameCenter/Main.aspx?gameDate=20240501&gameId=20240501SKHH0
2024-05-01,2024,두산,삼성,home,2,9,잠실,L,completed,20240501SSOB0,https://www.koreabaseball.com/Schedule/GameCenter/Main.aspx?gameDate=20240501&gameId=20240501SSOB0
2024-05-01,2024,삼성,두산,away,9,2,잠실,W,completed,20240501SSOB0,https://www.koreabaseball.com/Schedule/GameCenter/Main.aspx?gameDate=20240501&gameId=20240501SSOB0
2024-05-01,2024,롯데,키움,home,3,6,사직,L,completed,20240501WOLT0,https://www.koreabaseball.com/Schedule/GameCenter/Main.aspx?gameDate=20240501&gameId=20240501WOLT0
2024-05-01,2024,키움,롯데,away,6,3,사직,W,completed,20240501WOLT0,https://www.koreabaseball.com/Schedule/GameCenter/Main.aspx?gameDate=20240501&gameId=20240501WOLT0
2024-05-02,2024,KIA,KT,home,5,12,광주,L,completed,20240502KTHT0,https://www.koreabaseball.com/Schedule/GameCenter/Main.aspx?gameDate=20240502&gameId=20240502KTHT0
2024-05-02,2024,KT,KIA,away,12,5,광주,W,completed,20240502KTHT0,https://www.koreabaseball.com/Schedule/GameCenter/Main.aspx?gameDate=20240502&gameId=20240502KTHT0
2024-05-02,2024,LG,NC,away,5,4,창원,W,completed,20240502LGNC0,https://www.koreabaseball.com/Schedule/GameCenter/Main.aspx?gameDate=20240502&gameId=20240502LGNC0
2024-05-02,2024,NC,LG,home,4,5,창원,L,completed,20240502LGNC0,https://www.koreabaseball.com/Schedule/GameCenter/Main.aspx?gameDate=20240502&gameId=20240502LGNC0
2024-05-02,2024,SSG,한화,away,4,3,한밭,W,completed,20240502SKHH0,https://www.koreabaseball.com/Schedule/GameCenter/Main.aspx?gameDate=20240502&gameId=20240502SKHH0
2024-05-02,2024,한화,SSG,home,3,4,한밭,L,completed,20240502SKHH0,https://www.koreabaseball.com/Schedule/GameCenter/Main.aspx?gameDate=20240502&gameId=20240502SKHH0
2024-05-02,2024,두산,삼성,home,2,4,잠실,L,completed,20240502SSOB0,https://www.koreabaseball.com/Schedule/GameCenter/Main.aspx?gameDate=20240502&gameId=20240502SSOB0
2024-05-02,2024,삼성,두산,away,4,2,잠실,W,completed,20240502SSOB0,https://www.koreabaseball.com/Schedule/GameCenter/Main.aspx?gameDate=20240502&gameId=20240502SSOB0
2024-05-02,2024,롯데,키움,home,6,5,사직,W,completed,20240502WOLT0,https://www.koreabaseball.com/Schedule/GameCenter/Main.aspx?gameDate=20240502&gameId=20240502WOLT0
2024-05-02,2024,키움,롯데,away,5,6,사직,L,completed,20240502WOLT0,https://www.koreabaseball.com/Schedule/GameCenter/Main.aspx?gameDate=20240502&gameId=20240502WOLT0
2024-05-03,2024,KIA,한화,home,2,4,광주,L,completed,20240503HHHT0,https://www.koreabaseball.com/Schedule/GameCenter/Main.aspx?gameDate=20240503&gameId=20240503HHHT0
2024-05-03,2024,한화,KIA,away,4,2,광주,W,completed,20240503HHHT0,https://www.koreabaseball.com/Schedule/GameCenter/Main.aspx?gameDate=20240503&gameId=20240503HHHT0
2024-05-03,2024,롯데,삼성,away,8,7,대구,W,completed,20240503LTSS0,https://www.koreabaseball.com/Schedule/GameCenter/Main.aspx?gameDate=20240503&gameId=20240503LTSS0
2024-05-03,2024,삼성,롯데,home,7,8,대구,L,completed,20240503LTSS0,https://www.koreabaseball.com/Schedule/GameCenter/Main.aspx?gameDate=20240503&gameId=20240503LTSS0
2024-05-03,2024,NC,SSG,away,19,5,문학,W,completed,20240503NCSK0,https://www.koreabaseball.com/Schedule/GameCenter/Main.aspx?gameDate=20240503&gameId=20240503NCSK0
2024-05-03,2024,SSG,NC,home,5,19,문학,L,completed,20240503NCSK0,https://www.koreabaseball.com/Schedule/GameCenter/Main.aspx?gameDate=20240503&gameId=20240503NCSK0
2024-05-03,2024,LG,두산,home,4,6,잠실,L,completed,20240503OBLG0,https://www.koreabaseball.com/Schedule/GameCenter/Main.aspx?gameDate=20240503&gameId=20240503OBLG0
2024-05-03,2024,두산,LG,away,6,4,잠실,W,completed,20240503OBLG0,https://www.koreabaseball.com/Schedule/GameCenter/Main.aspx?gameDate=20240503&gameId=20240503OBLG0
2024-05-03,2024,KT,키움,home,2,1,수원,W,completed,20240503WOKT0,https://www.koreabaseball.com/Schedule/GameCenter/Main.aspx?gameDate=20240503&gameId=20240503WOKT0
2024-05-03,2024,키움,KT,away,1,2,수원,L,completed,20240503WOKT0,https://www.koreabaseball.com/Schedule/GameCenter/Main.aspx?gameDate=20240503&gameId=20240503WOKT0
2024-05-04,2024,KIA,한화,home,10,2,광주,W,completed,20240504HHHT0,https://www.koreabaseball.com/Schedule/GameCenter/Main.aspx?gameDate=20240504&gameId=20240504HHHT0
2024-05-04,2024,한화,KIA,away,2,10,광주,L,completed,20240504HHHT0,https://www.koreabaseball.com/Schedule/GameCenter/Main.aspx?gameDate=20240504&gameId=20240504HHHT0
2024-05-04,2024,롯데,삼성,away,9,2,대구,W,completed,20240504LTSS0,https://www.koreabaseball.com/Schedule/GameCenter/Main.aspx?gameDate=20240504&gameId=20240504LTSS0
2024-05-04,2024,삼성,롯데,home,2,9,대구,L,completed,20240504LTSS0,https://www.koreabaseball.com/Schedule/GameCenter/Main.aspx?gameDate=20240504&gameId=20240504LTSS0
2024-05-04,2024,NC,SSG,away,8,6,문학,W,completed,20240504NCSK0,https://www.koreabaseball.com/Schedule/GameCenter/Main.aspx?gameDate=20240504&gameId=20240504NCSK0
2024-05-04,2024,SSG,NC,home,6,8,문학,L,completed,20240504NCSK0,https://www.koreabaseball.com/Schedule/GameCenter/Main.aspx?gameDate=20240504&gameId=20240504NCSK0
2024-05-04,2024,LG,두산,home,2,3,잠실,L,completed,20240504OBLG0,https://www.koreabaseball.com/Schedule/GameCenter/Main.aspx?gameDate=20240504&gameId=20240504OBLG0
2024-05-04,2024,두산,LG,away,3,2,잠실,W,completed,20240504OBLG0,https://www.koreabaseball.com/Schedule/GameCenter/Main.aspx?gameDate=20240504&gameId=20240504OBLG0
2024-05-04,2024,KT,키움,home,6,2,수원,W,completed,20240504WOKT0,https://www.koreabaseball.com/Schedule/GameCenter/Main.aspx?gameDate=20240504&gameId=20240504WOKT0
2024-05-04,2024,키움,KT,away,2,6,수원,L,completed,20240504WOKT0,https://www.koreabaseball.com/Schedule/GameCenter/Main.aspx?gameDate=20240504&gameId=20240504WOKT0
2024-05-07,2024,두산,키움,away,13,4,고척,W,completed,20240507OBWO0,https://www.koreabaseball.com/Schedule/GameCenter/Main.aspx?gameDate=20240507&gameId=20240507OBWO0
2024-05-07,2024,키움,두산,home,4,13,고척,L,completed,20240507OBWO0,https://www.koreabaseball.com/Schedule/GameCenter/Main.aspx?gameDate=20240507&gameId=20240507OBWO0
2024-05-07,2024,LG,SSG,home,2,4,잠실,L,completed,20240507SKLG0,https://www.koreabaseball.com/Schedule/GameCenter/Main.aspx?gameDate=20240507&gameId=20240507SKLG0
2024-05-07,2024,SSG,LG,away,4,2,잠실,W,completed,20240507SKLG0,https://www.koreabaseball.com/Schedule/GameCenter/Main.aspx?gameDate=20240507&gameId=20240507SKLG0
2024-05-08,2024,롯데,한화,home,6,1,사직,W,completed,20240508HHLT0,https://www.koreabaseball.com/Schedule/GameCenter/Main.aspx?gameDate=20240508&gameId=20240508HHLT0
2024-05-08,2024,한화,롯데,away,1,6,사직,L,completed,20240508HHLT0,https://www.koreabaseball.com/Schedule/GameCenter/Main.aspx?gameDate=20240508&gameId=20240508HHLT0
2024-05-08,2024,KIA,삼성,away,4,2,대구,W,completed,20240508HTSS0,https://www.koreabaseball.com/Schedule/GameCenter/Main.aspx?gameDate=20240508&gameId=20240508HTSS0
2024-05-08,2024,삼성,KIA,home,2,4,대구,L,completed,20240508HTSS0,https://www.koreabaseball.com/Schedule/GameCenter/Main.aspx?gameDate=20240508&gameId=20240508HTSS0
2024-05-08,2024,KT,NC,home,7,6,수원,W,completed,20240508NCKT0,https://www.koreabaseball.com/Schedule/GameCenter/Main.aspx?gameDate=20240508&gameId=20240508NCKT0
2024-05-08,2024,NC,KT,away,6,7,수원,L,completed,20240508NCKT0,https://www.koreabaseball.com/Schedule/GameCenter/Main.aspx?gameDate=20240508&gameId=20240508NCKT0
2024-05-08,2024,두산,키움,away,6,1,고척,W,completed,20240508OBWO0,https://www.koreabaseball.com/Schedule/GameCenter/Main.aspx?gameDate=20240508&gameId=20240508OBWO0
2024-05-08,2024,키움,두산,home,1,6,고척,L,completed,20240508OBWO0,https://www.koreabaseball.com/Schedule/GameCenter/Main.aspx?gameDate=20240508&gameId=20240508OBWO0
2024-05-08,2024,LG,SSG,home,8,5,잠실,W,completed,20240508SKLG0,https://www.koreabaseball.com/Schedule/GameCenter/Main.aspx?gameDate=20240508&gameId=20240508SKLG0
2024-05-08,2024,SSG,LG,away,5,8,잠실,L,completed,20240508SKLG0,https://www.koreabaseball.com/Schedule/GameCenter/Main.aspx?gameDate=20240508&gameId=20240508SKLG0
2024-05-09,2024,롯데,한화,home,18,5,사직,W,completed,20240509HHLT0,https://www.koreabaseball.com/Schedule/GameCenter/Main.aspx?gameDate=20240509&gameId=20240509HHLT0
2024-05-09,2024,한화,롯데,away,5,18,사직,L,completed,20240509HHLT0,https://www.koreabaseball.com/Schedule/GameCenter/Main.aspx?gameDate=20240509&gameId=20240509HHLT0
2024-05-09,2024,KIA,삼성,away,2,5,대구,L,completed,20240509HTSS0,https://www.koreabaseball.com/Schedule/GameCenter/Main.aspx?gameDate=20240509&gameId=20240509HTSS0
2024-05-09,2024,삼성,KIA,home,5,2,대구,W,completed,20240509HTSS0,https://www.koreabaseball.com/Schedule/GameCenter/Main.aspx?gameDate=20240509&gameId=20240509HTSS0
2024-05-09,2024,KT,NC,home,6,2,수원,W,completed,20240509NCKT0,https://www.koreabaseball.com/Schedule/GameCenter/Main.aspx?gameDate=20240509&gameId=20240509NCKT0
2024-05-09,2024,NC,KT,away,2,6,수원,L,completed,20240509NCKT0,https://www.koreabaseball.com/Schedule/GameCenter/Main.aspx?gameDate=20240509&gameId=20240509NCKT0
2024-05-09,2024,두산,키움,away,5,2,고척,W,completed,20240509OBWO0,https://www.koreabaseball.com/Schedule/GameCenter/Main.aspx?gameDate=20240509&gameId=20240509OBWO0
2024-05-09,2024,키움,두산,home,2,5,고척,L,completed,20240509OBWO0,https://www.koreabaseball.com/Schedule/GameCenter/Main.aspx?gameDate=20240509&gameId=20240509OBWO0
2024-05-09,2024,LG,SSG,home,3,1,잠실,W,completed,20240509SKLG0,https://www.koreabaseball.com/Schedule/GameCenter/Main.aspx?gameDate=20240509&gameId=20240509SKLG0
2024-05-09,2024,SSG,LG,away,1,3,잠실,L,completed,20240509SKLG0,https://www.koreabaseball.com/Schedule/GameCenter/Main.aspx?gameDate=20240509&gameId=20240509SKLG0
2024-05-10,2024,KT,두산,away,3,7,잠실,L,completed,20240510KTOB0,https://www.koreabaseball.com/Schedule/GameCenter/Main.aspx?gameDate=20240510&gameId=20240510KTOB0
2024-05-10,2024,두산,KT,home,7,3,잠실,W,completed,20240510KTOB0,https://www.koreabaseball.com/Schedule/GameCenter/Main.aspx?gameDate=20240510&gameId=20240510KTOB0
2024-05-10,2024,LG,롯데,away,9,1,사직,W,completed,20240510LGLT0,https://www.koreabaseball.com/Schedule/GameCenter/Main.aspx?gameDate=20240510&gameId=20240510LGLT0
2024-05-10,2024,롯데,LG,home,1,9,사직,L,completed,20240510LGLT0,https://www.koreabaseball.com/Schedule/GameCenter/Main.aspx?gameDate=20240510&gameId=20240510LGLT0
2024-05-10,2024,KIA,SSG,home,2,4,광주,L,completed,20240510SKHT0,https://www.koreabaseball.com/Schedule/GameCenter/Main.aspx?gameDate=20240510&gameId=20240510SKHT0
2024-05-10,2024,SSG,KIA,away,4,2,광주,W,completed,20240510SKHT0,https://www.koreabaseball.com/Schedule/GameCenter/Main.aspx?gameDate=20240510&gameId=20240510SKHT0
2024-05-10,2024,NC,삼성,home,10,3,창원,W,completed,20240510SSNC0,https://www.koreabaseball.com/Schedule/GameCenter/Main.aspx?gameDate=20240510&gameId=20240510SSNC0
2024-05-10,2024,삼성,NC,away,3,10,창원,L,completed,20240510SSNC0,https://www.koreabaseball.com/Schedule/GameCenter/Main.aspx?gameDate=20240510&gameId=20240510SSNC0
2024-05-10,2024,키움,한화,away,4,5,한밭,L,completed,20240510WOHH0,https://www.koreabaseball.com/Schedule/GameCenter/Main.aspx?gameDate=20240510&gameId=20240510WOHH0
2024-05-10,2024,한화,키움,home,5,4,한밭,W,completed,20240510WOHH0,https://www.koreabaseball.com/Schedule/GameCenter/Main.aspx?gameDate=20240510&gameId=20240510WOHH0
2024-05-11,2024,LG,롯데,away,2,1,사직,W,completed,20240511LGLT0,https://www.koreabaseball.com/Schedule/GameCenter/Main.aspx?gameDate=20240511&gameId=20240511LGLT0
2024-05-11,2024,롯데,LG,home,1,2,사직,L,completed,20240511LGLT0,https://www.koreabaseball.com/Schedule/GameCenter/Main.aspx?gameDate=20240511&gameId=20240511LGLT0
2024-05-11,2024,NC,삼성,home,2,3,창원,L,completed,20240511SSNC0,https://www.koreabaseball.com/Schedule/GameCenter/Main.aspx?gameDate=20240511&gameId=20240511SSNC0
2024-05-11,2024,삼성,NC,away,3,2,창원,W,completed,20240511SSNC0,https://www.koreabaseball.com/Schedule/GameCenter/Main.aspx?gameDate=20240511&gameId=20240511SSNC0
2024-05-11,2024,키움,한화,away,7,1,한밭,W,completed,20240511WOHH0,https://www.koreabaseball.com/Schedule/GameCenter/Main.aspx?gameDate=20240511&gameId=20240511WOHH0
2024-05-11,2024,한화,키움,home,1,7,한밭,L,completed,20240511WOHH0,https://www.koreabaseball.com/Schedule/GameCenter/Main.aspx?gameDate=20240511&gameId=20240511WOHH0
2024-05-12,2024,KT,두산,away,4,12,잠실,L,completed,20240512KTOB1,https://www.koreabaseball.com/Schedule/GameCenter/Main.aspx?gameDate=20240512&gameId=20240512KTOB1
2024-05-12,2024,두산,KT,home,12,4,잠실,W,completed,20240512KTOB1,https://www.koreabaseball.com/Schedule/GameCenter/Main.aspx?gameDate=20240512&gameId=20240512KTOB1
2024-05-12,2024,KT,두산,away,4,8,잠실,L,completed,20240512KTOB2,https://www.koreabaseball.com/Schedule/GameCenter/Main.aspx?gameDate=20240512&gameId=20240512KTOB2
2024-05-12,2024,두산,KT,home,8,4,잠실,W,completed,20240512KTOB2,https://www.koreabaseball.com/Schedule/GameCenter/Main.aspx?gameDate=20240512&gameId=20240512KTOB2
2024-05-12,2024,LG,롯데,away,6,4,사직,W,completed,20240512LGLT0,https://www.koreabaseball.com/Schedule/GameCenter/Main.aspx?gameDate=20240512&gameId=20240512LGLT0
2024-05-12,2024,롯데,LG,home,4,6,사직,L,completed,20240512LGLT0,https://www.koreabaseball.com/Schedule/GameCenter/Main.aspx?gameDate=20240512&gameId=20240512LGLT0
2024-05-12,2024,KIA,SSG,home,3,2,광주,W,completed,20240512SKHT1,https://www.koreabaseball.com/Schedule/GameCenter/Main.aspx?gameDate=20240512&gameId=20240512SKHT1
2024-05-12,2024,SSG,KIA,away,2,3,광주,L,completed,20240512SKHT1,https://www.koreabaseball.com/Schedule/GameCenter/Main.aspx?gameDate=20240512&gameId=20240512SKHT1
2024-05-12,2024,KIA,SSG,home,6,10,광주,L,completed,20240512SKHT2,https://www.koreabaseball.com/Schedule/GameCenter/Main.aspx?gameDate=20240512&gameId=20240512SKHT2
2024-05-12,2024,SSG,KIA,away,10,6,광주,W,completed,20240512SKHT2,https://www.koreabaseball.com/Schedule/GameCenter/Main.aspx?gameDate=20240512&gameId=20240512SKHT2
2024-05-12,2024,NC,삼성,home,2,7,창원,L,completed,20240512SSNC0,https://www.koreabaseball.com/Schedule/GameCenter/Main.aspx?gameDate=20240512&gameId=20240512SSNC0
2024-05-12,2024,삼성,NC,away,7,2,창원,W,completed,20240512SSNC0,https://www.koreabaseball.com/Schedule/GameCenter/Main.aspx?gameDate=20240512&gameId=20240512SSNC0
2024-05-12,2024,키움,한화,away,3,8,한밭,L,completed,20240512WOHH0,https://www.koreabaseball.com/Schedule/GameCenter/Main.aspx?gameDate=20240512&gameId=20240512WOHH0
2024-05-12,2024,한화,키움,home,8,3,한밭,W,completed,20240512WOHH0,https://www.koreabaseball.com/Schedule/GameCenter/Main.aspx?gameDate=20240512&gameId=20240512WOHH0
2024-05-14,2024,KT,롯데,home,7,4,수원,W,completed,20240514LTKT0,https://www.koreabaseball.com/Schedule/GameCenter/Main.aspx?gameDate=20240514&gameId=20240514LTKT0
2024-05-14,2024,롯데,KT,away,4,7,수원,L,completed,20240514LTKT0,https://www.koreabaseball.com/Schedule/GameCenter/Main.aspx?gameDate=20240514&gameId=20240514LTKT0
2024-05-14,2024,NC,한화,away,5,5,한밭,D,completed,20240514NCHH0,https://www.koreabaseball.com/Schedule/GameCenter/Main.aspx?gameDate=20240514&gameId=20240514NCHH0
2024-05-14,2024,한화,NC,home,5,5,한밭,D,completed,20240514NCHH0,https://www.koreabaseball.com/Schedule/GameCenter/Main.aspx?gameDate=20240514&gameId=20240514NCHH0
2024-05-14,2024,KIA,두산,home,5,8,광주,L,completed,20240514OBHT0,https://www.koreabaseball.com/Schedule/GameCenter/Main.aspx?gameDate=20240514&gameId=20240514OBHT0
2024-05-14,2024,두산,KIA,away,8,5,광주,W,completed,20240514OBHT0,https://www.koreabaseball.com/Schedule/GameCenter/Main.aspx?gameDate=20240514&gameId=20240514OBHT0
2024-05-14,2024,SSG,삼성,home,9,2,문학,W,completed,20240514SSSK0,https://www.koreabaseball.com/Schedule/GameCenter/Main.aspx?gameDate=20240514&gameId=20240514SSSK0
2024-05-14,2024,삼성,SSG,away,2,9,문학,L,completed,20240514SSSK0,https://www.koreabaseball.com/Schedule/GameCenter/Main.aspx?gameDate=20240514&gameId=20240514SSSK0
2024-05-14,2024,LG,키움,home,0,5,잠실,L,completed,20240514WOLG0,https://www.koreabaseball.com/Schedule/GameCenter/Main.aspx?gameDate=20240514&gameId=20240514WOLG0
2024-05-14,2024,키움,LG,away,5,0,잠실,W,completed,20240514WOLG0,https://www.koreabaseball.com/Schedule/GameCenter/Main.aspx?gameDate=20240514&gameId=20240514WOLG0
2024-05-15,2024,NC,한화,away,16,1,한밭,W,completed,20240515NCHH0,https://www.koreabaseball.com/Schedule/GameCenter/Main.aspx?gameDate=20240515&gameId=20240515NCHH0
2024-05-15,2024,한화,NC,home,1,16,한밭,L,completed,20240515NCHH0,https://www.koreabaseball.com/Schedule/GameCenter/Main.aspx?gameDate=20240515&gameId=20240515NCHH0
2024-05-15,2024,KIA,두산,home,8,4,광주,W,completed,20240515OBHT0,https://www.koreabaseball.com/Schedule/GameCenter/Main.aspx?gameDate=20240515&gameId=20240515OBHT0
2024-05-15,2024,두산,KIA,away,4,8,광주,L,completed,20240515OBHT0,https://www.koreabaseball.com/Schedule/GameCenter/Main.aspx?gameDate=20240515&gameId=20240515OBHT0
2024-05-16,2024,KT,롯데,home,0,2,수원,L,completed,20240516LTKT0,https://www.koreabaseball.com/Schedule/GameCenter/Main.aspx?gameDate=20240516&gameId=20240516LTKT0
2024-05-16,2024,롯데,KT,away,2,0,수원,W,completed,20240516LTKT0,https://www.koreabaseball.com/Schedule/GameCenter/Main.aspx?gameDate=20240516&gameId=20240516LTKT0
2024-05-16,2024,NC,한화,away,4,3,한밭,W,completed,20240516NCHH0,https://www.koreabaseball.com/Schedule/GameCenter/Main.aspx?gameDate=20240516&gameId=20240516NCHH0
2024-05-16,2024,한화,NC,home,3,4,한밭,L,completed,20240516NCHH0,https://www.koreabaseball.com/Schedule/GameCenter/Main.aspx?gameDate=20240516&gameId=20240516NCHH0
2024-05-16,2024,KIA,두산,home,7,7,광주,D,completed,20240516OBHT0,https://www.koreabaseball.com/Schedule/GameCenter/Main.aspx?gameDate=20240516&gameId=20240516OBHT0
2024-05-16,2024,두산,KIA,away,7,7,광주,D,completed,20240516OBHT0,https://www.koreabaseball.com/Schedule/GameCenter/Main.aspx?gameDate=20240516&gameId=20240516OBHT0
2024-05-16,2024,SSG,삼성,home,4,12,문학,L,completed,20240516SSSK0,https://www.koreabaseball.com/Schedule/GameCenter/Main.aspx?gameDate=20240516&gameId=20240516SSSK0
2024-05-16,2024,삼성,SSG,away,12,4,문학,W,completed,20240516SSSK0,https://www.koreabaseball.com/Schedule/GameCenter/Main.aspx?gameDate=20240516&gameId=20240516SSSK0
2024-05-16,2024,LG,키움,home,5,6,잠실,L,completed,20240516WOLG0,https://www.koreabaseball.com/Schedule/GameCenter/Main.aspx?gameDate=20240516&gameId=20240516WOLG0
2024-05-16,2024,키움,LG,away,6,5,잠실,W,completed,20240516WOLG0,https://www.koreabaseball.com/Schedule/GameCenter/Main.aspx?gameDate=20240516&gameId=20240516WOLG0
2024-05-17,2024,삼성,한화,home,7,5,대구,W,completed,20240517HHSS0,https://www.koreabaseball.com/Schedule/GameCenter/Main.aspx?gameDate=20240517&gameId=20240517HHSS0
2024-05-17,2024,한화,삼성,away,5,7,대구,L,completed,20240517HHSS0,https://www.koreabaseball.com/Schedule/GameCenter/Main.aspx?gameDate=20240517&gameId=20240517HHSS0
2024-05-17,2024,KIA,NC,away,7,4,창원,W,completed,20240517HTNC0,https://www.koreabaseball.com/Schedule/GameCenter/Main.aspx?gameDate=20240517&gameId=20240517HTNC0
2024-05-17,2024,NC,KIA,home,4,7,창원,L,completed,20240517HTNC0,https://www.koreabaseball.com/Schedule/GameCenter/Main.aspx?gameDate=20240517&gameId=20240517HTNC0
2024-05-17,2024,KT,LG,home,5,13,수원,L,completed,20240517LGKT0,https://www.koreabaseball.com/Schedule/GameCenter/Main.aspx?gameDate=20240517&gameId=20240517LGKT0
2024-05-17,2024,LG,KT,away,13,5,수원,W,completed,20240517LGKT0,https://www.koreabaseball.com/Schedule/GameCenter/Main.aspx?gameDate=20240517&gameId=20240517LGKT0
2024-05-17,2024,두산,롯데,home,1,5,잠실,L,completed,20240517LTOB0,https://www.koreabaseball.com/Schedule/GameCenter/Main.aspx?gameDate=20240517&gameId=20240517LTOB0
2024-05-17,2024,롯데,두산,away,5,1,잠실,W,completed,20240517LTOB0,https://www.koreabaseball.com/Schedule/GameCenter/Main.aspx?gameDate=20240517&gameId=20240517LTOB0
2024-05-17,2024,SSG,키움,away,5,4,고척,W,completed,20240517SKWO0,https://www.koreabaseball.com/Schedule/GameCenter/Main.aspx?gameDate=20240517&gameId=20240517SKWO0
2024-05-17,2024,키움,SSG,home,4,5,고척,L,completed,20240517SKWO0,https://www.koreabaseball.com/Schedule/GameCenter/Main.aspx?gameDate=20240517&gameId=20240517SKWO0
2024-05-18,2024,삼성,한화,home,9,8,대구,W,completed,20240518HHSS0,https://www.koreabaseball.com/Schedule/GameCenter/Main.aspx?gameDate=20240518&gameId=20240518HHSS0
2024-05-18,2024,한화,삼성,away,8,9,대구,L,completed,20240518HHSS0,https://www.koreabaseball.com/Schedule/GameCenter/Main.aspx?gameDate=20240518&gameId=20240518HHSS0
2024-05-18,2024,KIA,NC,away,7,2,창원,W,completed,20240518HTNC0,https://www.koreabaseball.com/Schedule/GameCenter/Main.aspx?gameDate=20240518&gameId=20240518HTNC0
2024-05-18,2024,NC,KIA,home,2,7,창원,L,completed,20240518HTNC0,https://www.koreabaseball.com/Schedule/GameCenter/Main.aspx?gameDate=20240518&gameId=20240518HTNC0
2024-05-18,2024,KT,LG,home,6,7,수원,L,completed,20240518LGKT0,https://www.koreabaseball.com/Schedule/GameCenter/Main.aspx?gameDate=20240518&gameId=20240518LGKT0
2024-05-18,2024,LG,KT,away,7,6,수원,W,completed,20240518LGKT0,https://www.koreabaseball.com/Schedule/GameCenter/Main.aspx?gameDate=20240518&gameId=20240518LGKT0
2024-05-18,2024,두산,롯데,home,8,3,잠실,W,completed,20240518LTOB0,https://www.koreabaseball.com/Schedule/GameCenter/Main.aspx?gameDate=20240518&gameId=20240518LTOB0
2024-05-18,2024,롯데,두산,away,3,8,잠실,L,completed,20240518LTOB0,https://www.koreabaseball.com/Schedule/GameCenter/Main.aspx?gameDate=20240518&gameId=20240518LTOB0
2024-05-18,2024,SSG,키움,away,3,0,고척,W,completed,20240518SKWO0,https://www.koreabaseball.com/Schedule/GameCenter/Main.aspx?gameDate=20240518&gameId=20240518SKWO0
2024-05-18,2024,키움,SSG,home,0,3,고척,L,completed,20240518SKWO0,https://www.koreabaseball.com/Schedule/GameCenter/Main.aspx?gameDate=20240518&gameId=20240518SKWO0
2024-05-19,2024,삼성,한화,home,2,12,대구,L,completed,20240519HHSS0,https://www.koreabaseball.com/Schedule/GameCenter/Main.aspx?gameDate=20240519&gameId=20240519HHSS0
2024-05-19,2024,한화,삼성,away,12,2,대구,W,completed,20240519HHSS0,https://www.koreabaseball.com/Schedule/GameCenter/Main.aspx?gameDate=20240519&gameId=20240519HHSS0
2024-05-19,2024,KIA,NC,away,2,1,창원,W,completed,20240519HTNC0,https://www.koreabaseball.com/Schedule/GameCenter/Main.aspx?gameDate=20240519&gameId=20240519HTNC0
2024-05-19,2024,NC,KIA,home,1,2,창원,L,completed,20240519HTNC0,https://www.koreabaseball.com/Schedule/GameCenter/Main.aspx?gameDate=20240519&gameId=20240519HTNC0
2024-05-19,2024,KT,LG,home,10,4,수원,W,completed,20240519LGKT0,https://www.koreabaseball.com/Schedule/GameCenter/Main.aspx?gameDate=20240519&gameId=20240519LGKT0
2024-05-19,2024,LG,KT,away,4,10,수원,L,completed,20240519LGKT0,https://www.koreabaseball.com/Schedule/GameCenter/Main.aspx?gameDate=20240519&gameId=20240519LGKT0
2024-05-19,2024,두산,롯데,home,3,3,잠실,D,completed,20240519LTOB0,https://www.koreabaseball.com/Schedule/GameCenter/Main.aspx?gameDate=20240519&gameId=20240519LTOB0
2024-05-19,2024,롯데,두산,away,3,3,잠실,D,completed,20240519LTOB0,https://www.koreabaseball.com/Schedule/GameCenter/Main.aspx?gameDate=20240519&gameId=20240519LTOB0
2024-05-19,2024,SSG,키움,away,3,10,고척,L,completed,20240519SKWO0,https://www.koreabaseball.com/Schedule/GameCenter/Main.aspx?gameDate=20240519&gameId=20240519SKWO0
2024-05-19,2024,키움,SSG,home,10,3,고척,W,completed,20240519SKWO0,https://www.koreabaseball.com/Schedule/GameCenter/Main.aspx?gameDate=20240519&gameId=20240519SKWO0
2024-05-21,2024,KIA,롯데,away,1,6,사직,L,completed,20240521HTLT0,https://www.koreabaseball.com/Schedule/GameCenter/Main.aspx?gameDate=20240521&gameId=20240521HTLT0
2024-05-21,2024,롯데,KIA,home,6,1,사직,W,completed,20240521HTLT0,https://www.koreabaseball.com/Schedule/GameCenter/Main.aspx?gameDate=20240521&gameId=20240521HTLT0
2024-05-21,2024,KT,삼성,away,8,5,대구,W,completed,20240521KTSS0,https://www.koreabaseball.com/Schedule/GameCenter/Main.aspx?gameDate=20240521&gameId=20240521KTSS0
2024-05-21,2024,삼성,KT,home,5,8,대구,L,completed,20240521KTSS0,https://www.koreabaseball.com/Schedule/GameCenter/Main.aspx?gameDate=20240521&gameId=20240521KTSS0
2024-05-21,2024,LG,한화,away,4,8,한밭,L,completed,20240521LGHH0,https://www.koreabaseball.com/Schedule/GameCenter/Main.aspx?gameDate=20240521&gameId=20240521LGHH0
2024-05-21,2024,한화,LG,home,8,4,한밭,W,completed,20240521LGHH0,https://www.koreabaseball.com/Schedule/GameCenter/Main.aspx?gameDate=20240521&gameId=20240521LGHH0
2024-05-21,2024,NC,키움,away,5,3,고척,W,completed,20240521NCWO0,https://www.koreabaseball.com/Schedule/GameCenter/Main.aspx?gameDate=20240521&gameId=20240521NCWO0
2024-05-21,2024,키움,NC,home,3,5,고척,L,completed,20240521NCWO0,https://www.koreabaseball.com/Schedule/GameCenter/Main.aspx?gameDate=20240521&gameId=20240521NCWO0
2024-05-21,2024,SSG,두산,away,6,8,잠실,L,completed,20240521SKOB0,https://www.koreabaseball.com/Schedule/GameCenter/Main.aspx?gameDate=20240521&gameId=20240521SKOB0
2024-05-21,2024,두산,SSG,home,8,6,잠실,W,completed,20240521SKOB0,https://www.koreabaseball.com/Schedule/GameCenter/Main.aspx?gameDate=20240521&gameId=20240521SKOB0
2024-05-22,2024,KIA,롯데,away,2,4,사직,L,completed,20240522HTLT0,https://www.koreabaseball.com/Schedule/GameCenter/Main.aspx?gameDate=20240522&gameId=20240522HTLT0
2024-05-22,2024,롯데,KIA,home,4,2,사직,W,completed,20240522HTLT0,https://www.koreabaseball.com/Schedule/GameCenter/Main.aspx?gameDate=20240522&gameId=20240522HTLT0
2024-05-22,2024,KT,삼성,away,1,3,대구,L,completed,20240522KTSS0,https://www.koreabaseball.com/Schedule/GameCenter/Main.aspx?gameDate=20240522&gameId=20240522KTSS0
2024-05-22,2024,삼성,KT,home,3,1,대구,W,completed,20240522KTSS0,https://www.koreabaseball.com/Schedule/GameCenter/Main.aspx?gameDate=20240522&gameId=20240522KTSS0
2024-05-22,2024,LG,한화,away,5,7,한밭,L,completed,20240522LGHH0,https://www.koreabaseball.com/Schedule/GameCenter/Main.aspx?gameDate=20240522&gameId=20240522LGHH0
2024-05-22,2024,한화,LG,home,7,5,한밭,W,completed,20240522LGHH0,https://www.koreabaseball.com/Schedule/GameCenter/Main.aspx?gameDate=20240522&gameId=20240522LGHH0
2024-05-22,2024,NC,키움,away,4,3,고척,W,completed,20240522NCWO0,https://www.koreabaseball.com/Schedule/GameCenter/Main.aspx?gameDate=20240522&gameId=20240522NCWO0
2024-05-22,2024,키움,NC,home,3,4,고척,L,completed,20240522NCWO0,https://www.koreabaseball.com/Schedule/GameCenter/Main.aspx?gameDate=20240522&gameId=20240522NCWO0
2024-05-22,2024,SSG,두산,away,1,3,잠실,L,completed,20240522SKOB0,https://www.koreabaseball.com/Schedule/GameCenter/Main.aspx?gameDate=20240522&gameId=20240522SKOB0
2024-05-22,2024,두산,SSG,home,3,1,잠실,W,completed,20240522SKOB0,https://www.koreabaseball.com/Schedule/GameCenter/Main.aspx?gameDate=20240522&gameId=20240522SKOB0
2024-05-23,2024,KIA,롯데,away,6,10,사직,L,completed,20240523HTLT0,https://www.koreabaseball.com/Schedule/GameCenter/Main.aspx?gameDate=20240523&gameId=20240523HTLT0
2024-05-23,2024,롯데,KIA,home,10,6,사직,W,completed,20240523HTLT0,https://www.koreabaseball.com/Schedule/GameCenter/Main.aspx?gameDate=20240523&gameId=20240523HTLT0
2024-05-23,2024,KT,삼성,away,9,2,대구,W,completed,20240523KTSS0,https://www.koreabaseball.com/Schedule/GameCenter/Main.aspx?gameDate=20240523&gameId=20240523KTSS0
2024-05-23,2024,삼성,KT,home,2,9,대구,L,completed,20240523KTSS0,https://www.koreabaseball.com/Schedule/GameCenter/Main.aspx?gameDate=20240523&gameId=20240523KTSS0
2024-05-23,2024,LG,한화,away,8,4,한밭,W,completed,20240523LGHH0,https://www.koreabaseball.com/Schedule/GameCenter/Main.aspx?gameDate=20240523&gameId=20240523LGHH0
2024-05-23,2024,한화,LG,home,4,8,한밭,L,completed,20240523LGHH0,https://www.koreabaseball.com/Schedule/GameCenter/Main.aspx?gameDate=20240523&gameId=20240523LGHH0
2024-05-23,2024,NC,키움,away,4,6,고척,L,completed,20240523NCWO0,https://www.koreabaseball.com/Schedule/GameCenter/Main.aspx?gameDate=20240523&gameId=20240523NCWO0
2024-05-23,2024,키움,NC,home,6,4,고척,W,completed,20240523NCWO0,https://www.koreabaseball.com/Schedule/GameCenter/Main.aspx?gameDate=20240523&gameId=20240523NCWO0
2024-05-23,2024,SSG,두산,away,3,10,잠실,L,completed,20240523SKOB0,https://www.koreabaseball.com/Schedule/GameCenter/Main.aspx?gameDate=20240523&gameId=20240523SKOB0
2024-05-23,2024,두산,SSG,home,10,3,잠실,W,completed,20240523SKOB0,https://www.koreabaseball.com/Schedule/GameCenter/Main.aspx?gameDate=20240523&gameId=20240523SKOB0
2024-05-24,2024,SSG,한화,home,5,7,문학,L,completed,20240524HHSK0,https://www.koreabaseball.com/Schedule/GameCenter/Main.aspx?gameDate=20240524&gameId=20240524HHSK0
2024-05-24,2024,한화,SSG,away,7,5,문학,W,completed,20240524HHSK0,https://www.koreabaseball.com/Schedule/GameCenter/Main.aspx?gameDate=20240524&gameId=20240524HHSK0
2024-05-24,2024,LG,NC,home,11,4,잠실,W,completed,20240524NCLG0,https://www.koreabaseball.com/Schedule/GameCenter/Main.aspx?gameDate=20240524&gameId=20240524NCLG0
2024-05-24,2024,NC,LG,away,4,11,잠실,L,completed,20240524NCLG0,https://www.koreabaseball.com/Schedule/GameCenter/Main.aspx?gameDate=20240524&gameId=20240524NCLG0
2024-05-24,2024,KIA,두산,home,5,7,광주,L,completed,20240524OBHT0,https://www.koreabaseball.com/Schedule/GameCenter/Main.aspx?gameDate=20240524&gameId=20240524OBHT0
2024-05-24,2024,두산,KIA,away,7,5,광주,W,completed,20240524OBHT0,https://www.koreabaseball.com/Schedule/GameCenter/Main.aspx?gameDate=20240524&gameId=20240524OBHT0
2024-05-24,2024,롯데,삼성,home,5,11,사직,L,completed,20240524SSLT0,https://www.koreabaseball.com/Schedule/GameCenter/Main.aspx?gameDate=20240524&gameId=20240524SSLT0
2024-05-24,2024,삼성,롯데,away,11,5,사직,W,completed,20240524SSLT0,https://www.koreabaseball.com/Schedule/GameCenter/Main.aspx?gameDate=20240524&gameId=20240524SSLT0
2024-05-24,2024,KT,키움,home,5,4,수원,W,completed,20240524WOKT0,https://www.koreabaseball.com/Schedule/GameCenter/Main.aspx?gameDate=20240524&gameId=20240524WOKT0
2024-05-24,2024,키움,KT,away,4,5,수원,L,completed,20240524WOKT0,https://www.koreabaseball.com/Schedule/GameCenter/Main.aspx?gameDate=20240524&gameId=20240524WOKT0
2024-05-25,2024,SSG,한화,home,2,4,문학,L,completed,20240525HHSK0,https://www.koreabaseball.com/Schedule/GameCenter/Main.aspx?gameDate=20240525&gameId=20240525HHSK0
2024-05-25,2024,한화,SSG,away,4,2,문학,W,completed,20240525HHSK0,https://www.koreabaseball.com/Schedule/GameCenter/Main.aspx?gameDate=20240525&gameId=20240525HHSK0
2024-05-25,2024,LG,NC,home,10,6,잠실,W,completed,20240525NCLG0,https://www.koreabaseball.com/Schedule/GameCenter/Main.aspx?gameDate=20240525&gameId=20240525NCLG0
2024-05-25,2024,NC,LG,away,6,10,잠실,L,completed,20240525NCLG0,https://www.koreabaseball.com/Schedule/GameCenter/Main.aspx?gameDate=20240525&gameId=20240525NCLG0
2024-05-25,2024,KIA,두산,home,6,2,광주,W,completed,20240525OBHT0,https://www.koreabaseball.com/Schedule/GameCenter/Main.aspx?gameDate=20240525&gameId=20240525OBHT0
2024-05-25,2024,두산,KIA,away,2,6,광주,L,completed,20240525OBHT0,https://www.koreabaseball.com/Schedule/GameCenter/Main.aspx?gameDate=20240525&gameId=20240525OBHT0
2024-05-25,2024,롯데,삼성,home,7,6,사직,W,completed,20240525SSLT0,https://www.koreabaseball.com/Schedule/GameCenter/Main.aspx?gameDate=20240525&gameId=20240525SSLT0
2024-05-25,2024,삼성,롯데,away,6,7,사직,L,completed,20240525SSLT0,https://www.koreabaseball.com/Schedule/GameCenter/Main.aspx?gameDate=20240525&gameId=20240525SSLT0
2024-05-25,2024,KT,키움,home,5,2,수원,W,completed,20240525WOKT0,https://www.koreabaseball.com/Schedule/GameCenter/Main.aspx?gameDate=20240525&gameId=20240525WOKT0
2024-05-25,2024,키움,KT,away,2,5,수원,L,completed,20240525WOKT0,https://www.koreabaseball.com/Schedule/GameCenter/Main.aspx?gameDate=20240525&gameId=20240525WOKT0
2024-05-26,2024,LG,NC,home,6,3,잠실,W,completed,20240526NCLG0,https://www.koreabaseball.com/Schedule/GameCenter/Main.aspx?gameDate=20240526&gameId=20240526NCLG0
2024-05-26,2024,NC,LG,away,3,6,잠실,L,completed,20240526NCLG0,https://www.koreabaseball.com/Schedule/GameCenter/Main.aspx?gameDate=20240526&gameId=20240526NCLG0
2024-05-26,2024,KIA,두산,home,5,2,광주,W,completed,20240526OBHT0,https://www.koreabaseball.com/Schedule/GameCenter/Main.aspx?gameDate=20240526&gameId=20240526OBHT0
2024-05-26,2024,두산,KIA,away,2,5,광주,L,completed,20240526OBHT0,https://www.koreabaseball.com/Schedule/GameCenter/Main.aspx?gameDate=20240526&gameId=20240526OBHT0
2024-05-26,2024,롯데,삼성,home,9,1,사직,W,completed,20240526SSLT0,https://www.koreabaseball.com/Schedule/GameCenter/Main.aspx?gameDate=20240526&gameId=20240526SSLT0
2024-05-26,2024,삼성,롯데,away,1,9,사직,L,completed,20240526SSLT0,https://www.koreabaseball.com/Schedule/GameCenter/Main.aspx?gameDate=20240526&gameId=20240526SSLT0
2024-05-28,2024,KIA,NC,away,11,8,창원,W,completed,20240528HTNC0,https://www.koreabaseball.com/Schedule/GameCenter/Main.aspx?gameDate=20240528&gameId=20240528HTNC0
2024-05-28,2024,NC,KIA,home,8,11,창원,L,completed,20240528HTNC0,https://www.koreabaseball.com/Schedule/GameCenter/Main.aspx?gameDate=20240528&gameId=20240528HTNC0
2024-05-28,2024,KT,두산,away,12,3,잠실,W,completed,20240528KTOB0,https://www.koreabaseball.com/Schedule/GameCenter/Main.aspx?gameDate=20240528&gameId=20240528KTOB0
2024-05-28,2024,두산,KT,home,3,12,잠실,L,completed,20240528KTOB0,https://www.koreabaseball.com/Schedule/GameCenter/Main.aspx?gameDate=20240528&gameId=20240528KTOB0
2024-05-28,2024,LG,SSG,away,7,5,문학,W,completed,20240528LGSK0,https://www.koreabaseball.com/Schedule/GameCenter/Main.aspx?gameDate=20240528&gameId=20240528LGSK0
2024-05-28,2024,SSG,LG,home,5,7,문학,L,completed,20240528LGSK0,https://www.koreabaseball.com/Schedule/GameCenter/Main.aspx?gameDate=20240528&gameId=20240528LGSK0
2024-05-28,2024,롯데,한화,away,3,12,한밭,L,completed,20240528LTHH0,https://www.koreabaseball.com/Schedule/GameCenter/Main.aspx?gameDate=20240528&gameId=20240528LTHH0
2024-05-28,2024,한화,롯데,home,12,3,한밭,W,completed,20240528LTHH0,https://www.koreabaseball.com/Schedule/GameCenter/Main.aspx?gameDate=20240528&gameId=20240528LTHH0
2024-05-28,2024,삼성,키움,home,3,4,대구,L,completed,20240528WOSS0,https://www.koreabaseball.com/Schedule/GameCenter/Main.aspx?gameDate=20240528&gameId=20240528WOSS0
2024-05-28,2024,키움,삼성,away,4,3,대구,W,completed,20240528WOSS0,https://www.koreabaseball.com/Schedule/GameCenter/Main.aspx?gameDate=20240528&gameId=20240528WOSS0
2024-05-29,2024,KIA,NC,away,6,3,창원,W,completed,20240529HTNC0,https://www.koreabaseball.com/Schedule/GameCenter/Main.aspx?gameDate=20240529&gameId=20240529HTNC0
2024-05-29,2024,NC,KIA,home,3,6,창원,L,completed,20240529HTNC0,https://www.koreabaseball.com/Schedule/GameCenter/Main.aspx?gameDate=20240529&gameId=20240529HTNC0
2024-05-29,2024,KT,두산,away,6,12,잠실,L,completed,20240529KTOB0,https://www.koreabaseball.com/Schedule/GameCenter/Main.aspx?gameDate=20240529&gameId=20240529KTOB0
2024-05-29,2024,두산,KT,home,12,6,잠실,W,completed,20240529KTOB0,https://www.koreabaseball.com/Schedule/GameCenter/Main.aspx?gameDate=20240529&gameId=20240529KTOB0
2024-05-29,2024,LG,SSG,away,13,4,문학,W,completed,20240529LGSK0,https://www.koreabaseball.com/Schedule/GameCenter/Main.aspx?gameDate=20240529&gameId=20240529LGSK0
2024-05-29,2024,SSG,LG,home,4,13,문학,L,completed,20240529LGSK0,https://www.koreabaseball.com/Schedule/GameCenter/Main.aspx?gameDate=20240529&gameId=20240529LGSK0
2024-05-29,2024,롯데,한화,away,0,3,한밭,L,completed,20240529LTHH0,https://www.koreabaseball.com/Schedule/GameCenter/Main.aspx?gameDate=20240529&gameId=20240529LTHH0
2024-05-29,2024,한화,롯데,home,3,0,한밭,W,completed,20240529LTHH0,https://www.koreabaseball.com/Schedule/GameCenter/Main.aspx?gameDate=20240529&gameId=20240529LTHH0
2024-05-29,2024,삼성,키움,home,5,11,대구,L,completed,20240529WOSS0,https://www.koreabaseball.com/Schedule/GameCenter/Main.aspx?gameDate=20240529&gameId=20240529WOSS0
2024-05-29,2024,키움,삼성,away,11,5,대구,W,completed,20240529WOSS0,https://www.koreabaseball.com/Schedule/GameCenter/Main.aspx?gameDate=20240529&gameId=20240529WOSS0
2024-05-30,2024,KIA,NC,away,11,2,창원,W,completed,20240530HTNC0,https://www.koreabaseball.com/Schedule/GameCenter/Main.aspx?gameDate=20240530&gameId=20240530HTNC0
2024-05-30,2024,NC,KIA,home,2,11,창원,L,completed,20240530HTNC0,https://www.koreabaseball.com/Schedule/GameCenter/Main.aspx?gameDate=20240530&gameId=20240530HTNC0
2024-05-30,2024,KT,두산,away,1,6,잠실,L,completed,20240530KTOB0,https://www.koreabaseball.com/Schedule/GameCenter/Main.aspx?gameDate=20240530&gameId=20240530KTOB0
2024-05-30,2024,두산,KT,home,6,1,잠실,W,completed,20240530KTOB0,https://www.koreabaseball.com/Schedule/GameCenter/Main.aspx?gameDate=20240530&gameId=20240530KTOB0
2024-05-30,2024,LG,SSG,away,2,8,문학,L,completed,20240530LGSK0,https://www.koreabaseball.com/Schedule/GameCenter/Main.aspx?gameDate=20240530&gameId=20240530LGSK0
2024-05-30,2024,SSG,LG,home,8,2,문학,W,completed,20240530LGSK0,https://www.koreabaseball.com/Schedule/GameCenter/Main.aspx?gameDate=20240530&gameId=20240530LGSK0
2024-05-30,2024,롯데,한화,away,0,15,한밭,L,completed,20240530LTHH0,https://www.koreabaseball.com/Schedule/GameCenter/Main.aspx?gameDate=20240530&gameId=20240530LTHH0
2024-05-30,2024,한화,롯데,home,15,0,한밭,W,completed,20240530LTHH0,https://www.koreabaseball.com/Schedule/GameCenter/Main.aspx?gameDate=20240530&gameId=20240530LTHH0
2024-05-30,2024,삼성,키움,home,4,2,대구,W,completed,20240530WOSS0,https://www.koreabaseball.com/Schedule/GameCenter/Main.aspx?gameDate=20240530&gameId=20240530WOSS0
2024-05-30,2024,키움,삼성,away,2,4,대구,L,completed,20240530WOSS0,https://www.koreabaseball.com/Schedule/GameCenter/Main.aspx?gameDate=20240530&gameId=20240530WOSS0
2024-05-31,2024,삼성,한화,home,8,6,대구,W,completed,20240531HHSS0,https://www.koreabaseball.com/Schedule/GameCenter/Main.aspx?gameDate=20240531&gameId=20240531HHSS0
2024-05-31,2024,한화,삼성,away,6,8,대구,L,completed,20240531HHSS0,https://www.koreabaseball.com/Schedule/GameCenter/Main.aspx?gameDate=20240531&gameId=20240531HHSS0
2024-05-31,2024,KIA,KT,home,5,8,광주,L,completed,20240531KTHT0,https://www.koreabaseball.com/Schedule/GameCenter/Main.aspx?gameDate=20240531&gameId=20240531KTHT0
2024-05-31,2024,KT,KIA,away,8,5,광주,W,completed,20240531KTHT0,https://www.koreabaseball.com/Schedule/GameCenter/Main.aspx?gameDate=20240531&gameId=20240531KTHT0
2024-05-31,2024,LG,두산,away,6,3,잠실,W,completed,20240531LGOB0,https://www.koreabaseball.com/Schedule/GameCenter/Main.aspx?gameDate=20240531&gameId=20240531LGOB0
2024-05-31,2024,두산,LG,home,3,6,잠실,L,completed,20240531LGOB0,https://www.koreabaseball.com/Schedule/GameCenter/Main.aspx?gameDate=20240531&gameId=20240531LGOB0
2024-05-31,2024,NC,롯데,away,5,13,사직,L,completed,20240531NCLT0,https://www.koreabaseball.com/Schedule/GameCenter/Main.aspx?gameDate=20240531&gameId=20240531NCLT0
2024-05-31,2024,롯데,NC,home,13,5,사직,W,completed,20240531NCLT0,https://www.koreabaseball.com/Schedule/GameCenter/Main.aspx?gameDate=20240531&gameId=20240531NCLT0
2024-05-31,2024,SSG,키움,away,4,2,고척,W,completed,20240531SKWO0,https://www.koreabaseball.com/Schedule/GameCenter/Main.aspx?gameDate=20240531&gameId=20240531SKWO0
2024-05-31,2024,키움,SSG,home,2,4,고척,L,completed,20240531SKWO0,https://www.koreabaseball.com/Schedule/GameCenter/Main.aspx?gameDate=20240531&gameId=20240531SKWO0
2024-06-01,2024,삼성,한화,home,6,4,대구,W,completed,20240601HHSS0,https://www.koreabaseball.com/Schedule/GameCenter/Main.aspx?gameDate=20240601&gameId=20240601HHSS0
2024-06-01,2024,한화,삼성,away,4,6,대구,L,completed,20240601HHSS0,https://www.koreabaseball.com/Schedule/GameCenter/Main.aspx?gameDate=20240601&gameId=20240601HHSS0
2024-06-01,2024,KIA,KT,home,4,2,광주,W,completed,20240601KTHT0,https://www.koreabaseball.com/Schedule/GameCenter/Main.aspx?gameDate=20240601&gameId=20240601KTHT0
2024-06-01,2024,KT,KIA,away,2,4,광주,L,completed,20240601KTHT0,https://www.koreabaseball.com/Schedule/GameCenter/Main.aspx?gameDate=20240601&gameId=20240601KTHT0
2024-06-01,2024,LG,두산,away,8,5,잠실,W,completed,20240601LGOB0,https://www.koreabaseball.com/Schedule/GameCenter/Main.aspx?gameDate=20240601&gameId=20240601LGOB0
2024-06-01,2024,두산,LG,home,5,8,잠실,L,completed,20240601LGOB0,https://www.koreabaseball.com/Schedule/GameCenter/Main.aspx?gameDate=20240601&gameId=20240601LGOB0
2024-06-01,2024,NC,롯데,away,4,2,사직,W,completed,20240601NCLT0,https://www.koreabaseball.com/Schedule/GameCenter/Main.aspx?gameDate=20240601&gameId=20240601NCLT0
2024-06-01,2024,롯데,NC,home,2,4,사직,L,completed,20240601NCLT0,https://www.koreabaseball.com/Schedule/GameCenter/Main.aspx?gameDate=20240601&gameId=20240601NCLT0
2024-06-01,2024,SSG,키움,away,9,0,고척,W,completed,20240601SKWO0,https://www.koreabaseball.com/Schedule/GameCenter/Main.aspx?gameDate=20240601&gameId=20240601SKWO0
2024-06-01,2024,키움,SSG,home,0,9,고척,L,completed,20240601SKWO0,https://www.koreabaseball.com/Schedule/GameCenter/Main.aspx?gameDate=20240601&gameId=20240601SKWO0
2024-06-02,2024,삼성,한화,home,1,0,대구,W,completed,20240602HHSS0,https://www.koreabaseball.com/Schedule/GameCenter/Main.aspx?gameDate=20240602&gameId=20240602HHSS0
2024-06-02,2024,한화,삼성,away,0,1,대구,L,completed,20240602HHSS0,https://www.koreabaseball.com/Schedule/GameCenter/Main.aspx?gameDate=20240602&gameId=20240602HHSS0
2024-06-02,2024,KIA,KT,home,3,11,광주,L,completed,20240602KTHT0,https://www.koreabaseball.com/Schedule/GameCenter/Main.aspx?gameDate=20240602&gameId=20240602KTHT0
2024-06-02,2024,KT,KIA,away,11,3,광주,W,completed,20240602KTHT0,https://www.koreabaseball.com/Schedule/GameCenter/Main.aspx?gameDate=20240602&gameId=20240602KTHT0
2024-06-02,2024,LG,두산,away,9,1,잠실,W,completed,20240602LGOB0,https://www.koreabaseball.com/Schedule/GameCenter/Main.aspx?gameDate=20240602&gameId=20240602LGOB0
2024-06-02,2024,두산,LG,home,1,9,잠실,L,completed,20240602LGOB0,https://www.koreabaseball.com/Schedule/GameCenter/Main.aspx?gameDate=20240602&gameId=20240602LGOB0
2024-06-02,2024,NC,롯데,away,4,13,사직,L,completed,20240602NCLT0,https://www.koreabaseball.com/Schedule/GameCenter/Main.aspx?gameDate=20240602&gameId=20240602NCLT0
2024-06-02,2024,롯데,NC,home,13,4,사직,W,completed,20240602NCLT0,https://www.koreabaseball.com/Schedule/GameCenter/Main.aspx?gameDate=20240602&gameId=20240602NCLT0
2024-06-02,2024,SSG,키움,away,6,2,고척,W,completed,20240602SKWO0,https://www.koreabaseball.com/Schedule/GameCenter/Main.aspx?gameDate=20240602&gameId=20240602SKWO0
2024-06-02,2024,키움,SSG,home,2,6,고척,L,completed,20240602SKWO0,https://www.koreabaseball.com/Schedule/GameCenter/Main.aspx?gameDate=20240602&gameId=20240602SKWO0
2024-06-04,2024,KT,한화,home,2,8,수원,L,completed,20240604HHKT0,https://www.koreabaseball.com/Schedule/GameCenter/Main.aspx?gameDate=20240604&gameId=20240604HHKT0
2024-06-04,2024,한화,KT,away,8,2,수원,W,completed,20240604HHKT0,https://www.koreabaseball.com/Schedule/GameCenter/Main.aspx?gameDate=20240604&gameId=20240604HHKT0
2024-06-04,2024,KIA,롯데,home,0,6,광주,L,completed,20240604LTHT0,https://www.koreabaseball.com/Schedule/GameCenter/Main.aspx?gameDate=20240604&gameId=20240604LTHT0
2024-06-04,2024,롯데,KIA,away,6,0,광주,W,completed,20240604LTHT0,https://www.koreabaseball.com/Schedule/GameCenter/Main.aspx?gameDate=20240604&gameId=20240604LTHT0
2024-06-04,2024,NC,두산,home,1,4,창원,L,completed,20240604OBNC0,https://www.koreabaseball.com/Schedule/GameCenter/Main.aspx?gameDate=20240604&gameId=20240604OBNC0
2024-06-04,2024,두산,NC,away,4,1,창원,W,completed,20240604OBNC0,https://www.koreabaseball.com/Schedule/GameCenter/Main.aspx?gameDate=20240604&gameId=20240604OBNC0
2024-06-04,2024,SSG,삼성,home,1,3,문학,L,completed,20240604SSSK0,https://www.koreabaseball.com/Schedule/GameCenter/Main.aspx?gameDate=20240604&gameId=20240604SSSK0
2024-06-04,2024,삼성,SSG,away,3,1,문학,W,completed,20240604SSSK0,https://www.koreabaseball.com/Schedule/GameCenter/Main.aspx?gameDate=20240604&gameId=20240604SSSK0
2024-06-04,2024,LG,키움,home,3,11,잠실,L,completed,20240604WOLG0,https://www.koreabaseball.com/Schedule/GameCenter/Main.aspx?gameDate=20240604&gameId=20240604WOLG0
2024-06-04,2024,키움,LG,away,11,3,잠실,W,completed,20240604WOLG0,https://www.koreabaseball.com/Schedule/GameCenter/Main.aspx?gameDate=20240604&gameId=20240604WOLG0
2024-06-05,2024,KT,한화,home,2,12,수원,L,completed,20240605HHKT0,https://www.koreabaseball.com/Schedule/GameCenter/Main.aspx?gameDate=20240605&gameId=20240605HHKT0
2024-06-05,2024,한화,KT,away,12,2,수원,W,completed,20240605HHKT0,https://www.koreabaseball.com/Schedule/GameCenter/Main.aspx?gameDate=20240605&gameId=20240605HHKT0
2024-06-05,2024,KIA,롯데,home,3,9,광주,L,completed,20240605LTHT0,https://www.koreabaseball.com/Schedule/GameCenter/Main.aspx?gameDate=20240605&gameId=20240605LTHT0
2024-06-05,2024,롯데,KIA,away,9,3,광주,W,completed,20240605LTHT0,https://www.koreabaseball.com/Schedule/GameCenter/Main.aspx?gameDate=20240605&gameId=20240605LTHT0
2024-06-05,2024,NC,두산,home,3,4,창원,L,completed,20240605OBNC0,https://www.koreabaseball.com/Schedule/GameCenter/Main.aspx?gameDate=20240605&gameId=20240605OBNC0
2024-06-05,2024,두산,NC,away,4,3,창원,W,completed,20240605OBNC0,https://www.koreabaseball.com/Schedule/GameCenter/Main.aspx?gameDate=20240605&gameId=20240605OBNC0
2024-06-05,2024,SSG,삼성,home,7,3,문학,W,completed,20240605SSSK0,https://www.koreabaseball.com/Schedule/GameCenter/Main.aspx?gameDate=20240605&gameId=20240605SSSK0
2024-06-05,2024,삼성,SSG,away,3,7,문학,L,completed,20240605SSSK0,https://www.koreabaseball.com/Schedule/GameCenter/Main.aspx?gameDate=20240605&gameId=20240605SSSK0
2024-06-05,2024,LG,키움,home,4,2,잠실,W,completed,20240605WOLG0,https://www.koreabaseball.com/Schedule/GameCenter/Main.aspx?gameDate=20240605&gameId=20240605WOLG0
2024-06-05,2024,키움,LG,away,2,4,잠실,L,completed,20240605WOLG0,https://www.koreabaseball.com/Schedule/GameCenter/Main.aspx?gameDate=20240605&gameId=20240605WOLG0
2024-06-06,2024,KT,한화,home,0,6,수원,L,completed,20240606HHKT0,https://www.koreabaseball.com/Schedule/GameCenter/Main.aspx?gameDate=20240606&gameId=20240606HHKT0
2024-06-06,2024,한화,KT,away,6,0,수원,W,completed,20240606HHKT0,https://www.koreabaseball.com/Schedule/GameCenter/Main.aspx?gameDate=20240606&gameId=20240606HHKT0
2024-06-06,2024,KIA,롯데,home,5,4,광주,W,completed,20240606LTHT0,https://www.koreabaseball.com/Schedule/GameCenter/Main.aspx?gameDate=20240606&gameId=20240606LTHT0
2024-06-06,2024,롯데,KIA,away,4,5,광주,L,completed,20240606LTHT0,https://www.koreabaseball.com/Schedule/GameCenter/Main.aspx?gameDate=20240606&gameId=20240606LTHT0
2024-06-06,2024,NC,두산,home,4,8,창원,L,completed,20240606OBNC0,https://www.koreabaseball.com/Schedule/GameCenter/Main.aspx?gameDate=20240606&gameId=20240606OBNC0
2024-06-06,2024,두산,NC,away,8,4,창원,W,completed,20240606OBNC0,https://www.koreabaseball.com/Schedule/GameCenter/Main.aspx?gameDate=20240606&gameId=20240606OBNC0
2024-06-06,2024,SSG,삼성,home,4,0,문학,W,completed,20240606SSSK0,https://www.koreabaseball.com/Schedule/GameCenter/Main.aspx?gameDate=20240606&gameId=20240606SSSK0
2024-06-06,2024,삼성,SSG,away,0,4,문학,L,completed,20240606SSSK0,https://www.koreabaseball.com/Schedule/GameCenter/Main.aspx?gameDate=20240606&gameId=20240606SSSK0
2024-06-06,2024,LG,키움,home,8,4,잠실,W,completed,20240606WOLG0,https://www.koreabaseball.com/Schedule/GameCenter/Main.aspx?gameDate=20240606&gameId=20240606WOLG0
2024-06-06,2024,키움,LG,away,4,8,잠실,L,completed,20240606WOLG0,https://www.koreabaseball.com/Schedule/GameCenter/Main.aspx?gameDate=20240606&gameId=20240606WOLG0
2024-06-07,2024,KIA,두산,away,5,6,잠실,L,completed,20240607HTOB0,https://www.koreabaseball.com/Schedule/GameCenter/Main.aspx?gameDate=20240607&gameId=20240607HTOB0
2024-06-07,2024,두산,KIA,home,6,5,잠실,W,completed,20240607HTOB0,https://www.koreabaseball.com/Schedule/GameCenter/Main.aspx?gameDate=20240607&gameId=20240607HTOB0
2024-06-07,2024,KT,LG,home,7,8,수원,L,completed,20240607LGKT0,https://www.koreabaseball.com/Schedule/GameCenter/Main.aspx?gameDate=20240607&gameId=20240607LGKT0
2024-06-07,2024,LG,KT,away,8,7,수원,W,completed,20240607LGKT0,https://www.koreabaseball.com/Schedule/GameCenter/Main.aspx?gameDate=20240607&gameId=20240607LGKT0
2024-06-07,2024,NC,한화,away,6,2,한밭,W,completed,20240607NCHH0,https://www.koreabaseball.com/Schedule/GameCenter/Main.aspx?gameDate=20240607&gameId=20240607NCHH0
2024-06-07,2024,한화,NC,home,2,6,한밭,L,completed,20240607NCHH0,https://www.koreabaseball.com/Schedule/GameCenter/Main.aspx?gameDate=20240607&gameId=20240607NCHH0
2024-06-07,2024,SSG,롯데,away,7,11,사직,L,completed,20240607SKLT0,https://www.koreabaseball.com/Schedule/GameCenter/Main.aspx?gameDate=20240607&gameId=20240607SKLT0
2024-06-07,2024,롯데,SSG,home,11,7,사직,W,completed,20240607SKLT0,https://www.koreabaseball.com/Schedule/GameCenter/Main.aspx?gameDate=20240607&gameId=20240607SKLT0
2024-06-07,2024,삼성,키움,away,5,7,고척,L,completed,20240607SSWO0,https://www.koreabaseball.com/Schedule/GameCenter/Main.aspx?gameDate=20240607&gameId=20240607SSWO0
2024-06-07,2024,키움,삼성,home,7,5,고척,W,completed,20240607SSWO0,https://www.koreabaseball.com/Schedule/GameCenter/Main.aspx?gameDate=20240607&gameId=20240607SSWO0
2024-06-08,2024,KIA,두산,away,8,9,잠실,L,completed,20240608HTOB0,https://www.koreabaseball.com/Schedule/GameCenter/Main.aspx?gameDate=20240608&gameId=20240608HTOB0
2024-06-08,2024,두산,KIA,home,9,8,잠실,W,completed,20240608HTOB0,https://www.koreabaseball.com/Schedule/GameCenter/Main.aspx?gameDate=20240608&gameId=20240608HTOB0
2024-06-08,2024,KT,LG,home,2,8,수원,L,completed,20240608LGKT0,https://www.koreabaseball.com/Schedule/GameCenter/Main.aspx?gameDate=20240608&gameId=20240608LGKT0
2024-06-08,2024,LG,KT,away,8,2,수원,W,completed,20240608LGKT0,https://www.koreabaseball.com/Schedule/GameCenter/Main.aspx?gameDate=20240608&gameId=20240608LGKT0
2024-06-08,2024,NC,한화,away,4,2,한밭,W,completed,20240608NCHH0,https://www.koreabaseball.com/Schedule/GameCenter/Main.aspx?gameDate=20240608&gameId=20240608NCHH0
2024-06-08,2024,한화,NC,home,2,4,한밭,L,completed,20240608NCHH0,https://www.koreabaseball.com/Schedule/GameCenter/Main.aspx?gameDate=20240608&gameId=20240608NCHH0
2024-06-08,2024,삼성,키움,away,3,10,고척,L,completed,20240608SSWO0,https://www.koreabaseball.com/Schedule/GameCenter/Main.aspx?gameDate=20240608&gameId=20240608SSWO0
2024-06-08,2024,키움,삼성,home,10,3,고척,W,completed,20240608SSWO0,https://www.koreabaseball.com/Schedule/GameCenter/Main.aspx?gameDate=20240608&gameId=20240608SSWO0
2024-06-09,2024,KIA,두산,away,8,2,잠실,W,completed,20240609HTOB0,https://www.koreabaseball.com/Schedule/GameCenter/Main.aspx?gameDate=20240609&gameId=20240609HTOB0
2024-06-09,2024,두산,KIA,home,2,8,잠실,L,completed,20240609HTOB0,https://www.koreabaseball.com/Schedule/GameCenter/Main.aspx?gameDate=20240609&gameId=20240609HTOB0
2024-06-09,2024,KT,LG,home,11,2,수원,W,completed,20240609LGKT0,https://www.koreabaseball.com/Schedule/GameCenter/Main.aspx?gameDate=20240609&gameId=20240609LGKT0
2024-06-09,2024,LG,KT,away,2,11,수원,L,completed,20240609LGKT0,https://www.koreabaseball.com/Schedule/GameCenter/Main.aspx?gameDate=20240609&gameId=20240609LGKT0
2024-06-09,2024,NC,한화,away,3,3,한밭,D,completed,20240609NCHH0,https://www.koreabaseball.com/Schedule/GameCenter/Main.aspx?gameDate=20240609&gameId=20240609NCHH0
2024-06-09,2024,한화,NC,home,3,3,한밭,D,completed,20240609NCHH0,https://www.koreabaseball.com/Schedule/GameCenter/Main.aspx?gameDate=20240609&gameId=20240609NCHH0
2024-06-09,2024,SSG,롯데,away,5,1,사직,W,completed,20240609SKLT1,https://www.koreabaseball.com/Schedule/GameCenter/Main.aspx?gameDate=20240609&gameId=20240609SKLT1
2024-06-09,2024,롯데,SSG,home,1,5,사직,L,completed,20240609SKLT1,https://www.koreabaseball.com/Schedule/GameCenter/Main.aspx?gameDate=20240609&gameId=20240609SKLT1
2024-06-09,2024,SSG,롯데,away,3,5,사직,L,completed,20240609SKLT2,https://www.koreabaseball.com/Schedule/GameCenter/Main.aspx?gameDate=20240609&gameId=20240609SKLT2
2024-06-09,2024,롯데,SSG,home,5,3,사직,W,completed,20240609SKLT2,https://www.koreabaseball.com/Schedule/GameCenter/Main.aspx?gameDate=20240609&gameId=20240609SKLT2
2024-06-09,2024,삼성,키움,away,7,1,고척,W,completed,20240609SSWO0,https://www.koreabaseball.com/Schedule/GameCenter/Main.aspx?gameDate=20240609&gameId=20240609SSWO0
2024-06-09,2024,키움,삼성,home,1,7,고척,L,completed,20240609SSWO0,https://www.koreabaseball.com/Schedule/GameCenter/Main.aspx?gameDate=20240609&gameId=20240609SSWO0
2024-06-11,2024,두산,한화,home,1,6,잠실,L,completed,20240611HHOB0,https://www.koreabaseball.com/Schedule/GameCenter/Main.aspx?gameDate=20240611&gameId=20240611HHOB0
2024-06-11,2024,한화,두산,away,6,1,잠실,W,completed,20240611HHOB0,https://www.koreabaseball.com/Schedule/GameCenter/Main.aspx?gameDate=20240611&gameId=20240611HHOB0
2024-06-11,2024,KIA,SSG,away,6,7,문학,L,completed,20240611HTSK0,https://www.koreabaseball.com/Schedule/GameCenter/Main.aspx?gameDate=20240611&gameId=20240611HTSK0
2024-06-11,2024,SSG,KIA,home,7,6,문학,W,completed,20240611HTSK0,https://www.koreabaseball.com/Schedule/GameCenter/Main.aspx?gameDate=20240611&gameId=20240611HTSK0
2024-06-11,2024,KT,NC,away,6,8,창원,L,completed,20240611KTNC0,https://www.koreabaseball.com/Schedule/GameCenter/Main.aspx?gameDate=20240611&gameId=20240611KTNC0
2024-06-11,2024,NC,KT,home,8,6,창원,W,completed,20240611KTNC0,https://www.koreabaseball.com/Schedule/GameCenter/Main.aspx?gameDate=20240611&gameId=20240611KTNC0
2024-06-11,2024,LG,삼성,away,4,6,대구,L,completed,20240611LGSS0,https://www.koreabaseball.com/Schedule/GameCenter/Main.aspx?gameDate=20240611&gameId=20240611LGSS0
2024-06-11,2024,삼성,LG,home,6,4,대구,W,completed,20240611LGSS0,https://www.koreabaseball.com/Schedule/GameCenter/Main.aspx?gameDate=20240611&gameId=20240611LGSS0
2024-06-11,2024,롯데,키움,home,2,5,사직,L,completed,20240611WOLT0,https://www.koreabaseball.com/Schedule/GameCenter/Main.aspx?gameDate=20240611&gameId=20240611WOLT0
2024-06-11,2024,키움,롯데,away,5,2,사직,W,completed,20240611WOLT0,https://www.koreabaseball.com/Schedule/GameCenter/Main.aspx?gameDate=20240611&gameId=20240611WOLT0
2024-06-12,2024,두산,한화,home,3,4,잠실,L,completed,20240612HHOB0,https://www.koreabaseball.com/Schedule/GameCenter/Main.aspx?gameDate=20240612&gameId=20240612HHOB0
2024-06-12,2024,한화,두산,away,4,3,잠실,W,completed,20240612HHOB0,https://www.koreabaseball.com/Schedule/GameCenter/Main.aspx?gameDate=20240612&gameId=20240612HHOB0
2024-06-12,2024,KIA,SSG,away,13,7,문학,W,completed,20240612HTSK0,https://www.koreabaseball.com/Schedule/GameCenter/Main.aspx?gameDate=20240612&gameId=20240612HTSK0
2024-06-12,2024,SSG,KIA,home,7,13,문학,L,completed,20240612HTSK0,https://www.koreabaseball.com/Schedule/GameCenter/Main.aspx?gameDate=20240612&gameId=20240612HTSK0
2024-06-12,2024,KT,NC,away,11,8,창원,W,completed,20240612KTNC0,https://www.koreabaseball.com/Schedule/GameCenter/Main.aspx?gameDate=20240612&gameId=20240612KTNC0
2024-06-12,2024,NC,KT,home,8,11,창원,L,completed,20240612KTNC0,https://www.koreabaseball.com/Schedule/GameCenter/Main.aspx?gameDate=20240612&gameId=20240612KTNC0
2024-06-12,2024,LG,삼성,away,4,5,대구,L,completed,20240612LGSS0,https://www.koreabaseball.com/Schedule/GameCenter/Main.aspx?gameDate=20240612&gameId=20240612LGSS0
2024-06-12,2024,삼성,LG,home,5,4,대구,W,completed,20240612LGSS0,https://www.koreabaseball.com/Schedule/GameCenter/Main.aspx?gameDate=20240612&gameId=20240612LGSS0
2024-06-12,2024,롯데,키움,home,9,2,사직,W,completed,20240612WOLT0,https://www.koreabaseball.com/Schedule/GameCenter/Main.aspx?gameDate=20240612&gameId=20240612WOLT0
2024-06-12,2024,키움,롯데,away,2,9,사직,L,completed,20240612WOLT0,https://www.koreabaseball.com/Schedule/GameCenter/Main.aspx?gameDate=20240612&gameId=20240612WOLT0
2024-06-13,2024,두산,한화,home,9,6,잠실,W,completed,20240613HHOB0,https://www.koreabaseball.com/Schedule/GameCenter/Main.aspx?gameDate=20240613&gameId=20240613HHOB0
2024-06-13,2024,한화,두산,away,6,9,잠실,L,completed,20240613HHOB0,https://www.koreabaseball.com/Schedule/GameCenter/Main.aspx?gameDate=20240613&gameId=20240613HHOB0
2024-06-13,2024,KIA,SSG,away,1,7,문학,L,completed,20240613HTSK0,https://www.koreabaseball.com/Schedule/GameCenter/Main.aspx?gameDate=20240613&gameId=20240613HTSK0
2024-06-13,2024,SSG,KIA,home,7,1,문학,W,completed,20240613HTSK0,https://www.koreabaseball.com/Schedule/GameCenter/Main.aspx?gameDate=20240613&gameId=20240613HTSK0
2024-06-13,2024,KT,NC,away,3,5,창원,L,completed,20240613KTNC0,https://www.koreabaseball.com/Schedule/GameCenter/Main.aspx?gameDate=20240613&gameId=20240613KTNC0
2024-06-13,2024,NC,KT,home,5,3,창원,W,completed,20240613KTNC0,https://www.koreabaseball.com/Schedule/GameCenter/Main.aspx?gameDate=20240613&gameId=20240613KTNC0
2024-06-13,2024,LG,삼성,away,3,6,대구,L,completed,20240613LGSS0,https://www.koreabaseball.com/Schedule/GameCenter/Main.aspx?gameDate=20240613&gameId=20240613LGSS0
2024-06-13,2024,삼성,LG,home,6,3,대구,W,completed,20240613LGSS0,https://www.koreabaseball.com/Schedule/GameCenter/Main.aspx?gameDate=20240613&gameId=20240613LGSS0
2024-06-13,2024,롯데,키움,home,18,10,사직,W,completed,20240613WOLT0,https://www.koreabaseball.com/Schedule/GameCenter/Main.aspx?gameDate=20240613&gameId=20240613WOLT0
2024-06-13,2024,키움,롯데,away,10,18,사직,L,completed,20240613WOLT0,https://www.koreabaseball.com/Schedule/GameCenter/Main.aspx?gameDate=20240613&gameId=20240613WOLT0
2024-06-14,2024,KIA,KT,away,11,1,수원,W,completed,20240614HTKT0,https://www.koreabaseball.com/Schedule/GameCenter/Main.aspx?gameDate=20240614&gameId=20240614HTKT0
2024-06-14,2024,KT,KIA,home,1,11,수원,L,completed,20240614HTKT0,https://www.koreabaseball.com/Schedule/GameCenter/Main.aspx?gameDate=20240614&gameId=20240614HTKT0
2024-06-14,2024,LG,롯데,home,5,3,잠실,W,completed,20240614LTLG0,https://www.koreabaseball.com/Schedule/GameCenter/Main.aspx?gameDate=20240614&gameId=20240614LTLG0
2024-06-14,2024,롯데,LG,away,3,5,잠실,L,completed,20240614LTLG0,https://www.koreabaseball.com/Schedule/GameCenter/Main.aspx?gameDate=20240614&gameId=20240614LTLG0
2024-06-14,2024,두산,키움,away,6,4,고척,W,completed,20240614OBWO0,https://www.koreabaseball.com/Schedule/GameCenter/Main.aspx?gameDate=20240614&gameId=20240614OBWO0
2024-06-14,2024,키움,두산,home,4,6,고척,L,completed,20240614OBWO0,https://www.koreabaseball.com/Schedule/GameCenter/Main.aspx?gameDate=20240614&gameId=20240614OBWO0
2024-06-14,2024,SSG,한화,away,11,4,한밭,W,completed,20240614SKHH0,https://www.koreabaseball.com/Schedule/GameCenter/Main.aspx?gameDate=20240614&gameId=20240614SKHH0
2024-06-14,2024,한화,SSG,home,4,11,한밭,L,completed,20240614SKHH0,https://www.koreabaseball.com/Schedule/GameCenter/Main.aspx?gameDate=20240614&gameId=20240614SKHH0
2024-06-14,2024,NC,삼성,home,4,7,창원,L,completed,20240614SSNC0,https://www.koreabaseball.com/Schedule/GameCenter/Main.aspx?gameDate=20240614&gameId=20240614SSNC0
2024-06-14,2024,삼성,NC,away,7,4,창원,W,completed,20240614SSNC0,https://www.koreabaseball.com/Schedule/GameCenter/Main.aspx?gameDate=20240614&gameId=20240614SSNC0
2024-06-15,2024,KIA,KT,away,2,1,수원,W,completed,20240615HTKT0,https://www.koreabaseball.com/Schedule/GameCenter/Main.aspx?gameDate=20240615&gameId=20240615HTKT0
2024-06-15,2024,KT,KIA,home,1,2,수원,L,completed,20240615HTKT0,https://www.koreabaseball.com/Schedule/GameCenter/Main.aspx?gameDate=20240615&gameId=20240615HTKT0
2024-06-15,2024,LG,롯데,home,8,9,잠실,L,completed,20240615LTLG0,https://www.koreabaseball.com/Schedule/GameCenter/Main.aspx?gameDate=20240615&gameId=20240615LTLG0
2024-06-15,2024,롯데,LG,away,9,8,잠실,W,completed,20240615LTLG0,https://www.koreabaseball.com/Schedule/GameCenter/Main.aspx?gameDate=20240615&gameId=20240615LTLG0
2024-06-15,2024,두산,키움,away,4,1,고척,W,completed,20240615OBWO0,https://www.koreabaseball.com/Schedule/GameCenter/Main.aspx?gameDate=20240615&gameId=20240615OBWO0
2024-06-15,2024,키움,두산,home,1,4,고척,L,completed,20240615OBWO0,https://www.koreabaseball.com/Schedule/GameCenter/Main.aspx?gameDate=20240615&gameId=20240615OBWO0
2024-06-15,2024,SSG,한화,away,9,1,한밭,W,completed,20240615SKHH0,https://www.koreabaseball.com/Schedule/GameCenter/Main.aspx?gameDate=20240615&gameId=20240615SKHH0
2024-06-15,2024,한화,SSG,home,1,9,한밭,L,completed,20240615SKHH0,https://www.koreabaseball.com/Schedule/GameCenter/Main.aspx?gameDate=20240615&gameId=20240615SKHH0
2024-06-15,2024,NC,삼성,home,6,4,창원,W,completed,20240615SSNC0,https://www.koreabaseball.com/Schedule/GameCenter/Main.aspx?gameDate=20240615&gameId=20240615SSNC0
2024-06-15,2024,삼성,NC,away,4,6,창원,L,completed,20240615SSNC0,https://www.koreabaseball.com/Schedule/GameCenter/Main.aspx?gameDate=20240615&gameId=20240615SSNC0
2024-06-16,2024,KIA,KT,away,3,1,수원,W,completed,20240616HTKT0,https://www.koreabaseball.com/Schedule/GameCenter/Main.aspx?gameDate=20240616&gameId=20240616HTKT0
2024-06-16,2024,KT,KIA,home,1,3,수원,L,completed,20240616HTKT0,https://www.koreabaseball.com/Schedule/GameCenter/Main.aspx?gameDate=20240616&gameId=20240616HTKT0
2024-06-16,2024,LG,롯데,home,9,8,잠실,W,completed,20240616LTLG0,https://www.koreabaseball.com/Schedule/GameCenter/Main.aspx?gameDate=20240616&gameId=20240616LTLG0
2024-06-16,2024,롯데,LG,away,8,9,잠실,L,completed,20240616LTLG0,https://www.koreabaseball.com/Schedule/GameCenter/Main.aspx?gameDate=20240616&gameId=20240616LTLG0
2024-06-16,2024,두산,키움,away,2,8,고척,L,completed,20240616OBWO0,https://www.koreabaseball.com/Schedule/GameCenter/Main.aspx?gameDate=20240616&gameId=20240616OBWO0
2024-06-16,2024,키움,두산,home,8,2,고척,W,completed,20240616OBWO0,https://www.koreabaseball.com/Schedule/GameCenter/Main.aspx?gameDate=20240616&gameId=20240616OBWO0
2024-06-16,2024,SSG,한화,away,1,4,한밭,L,completed,20240616SKHH0,https://www.koreabaseball.com/Schedule/GameCenter/Main.aspx?gameDate=20240616&gameId=20240616SKHH0
2024-06-16,2024,한화,SSG,home,4,1,한밭,W,completed,20240616SKHH0,https://www.koreabaseball.com/Schedule/GameCenter/Main.aspx?gameDate=20240616&gameId=20240616SKHH0
2024-06-16,2024,NC,삼성,home,5,4,창원,W,completed,20240616SSNC0,https://www.koreabaseball.com/Schedule/GameCenter/Main.aspx?gameDate=20240616&gameId=20240616SSNC0
2024-06-16,2024,삼성,NC,away,4,5,창원,L,completed,20240616SSNC0,https://www.koreabaseball.com/Schedule/GameCenter/Main.aspx?gameDate=20240616&gameId=20240616SSNC0
2024-06-18,2024,KIA,LG,home,11,4,광주,W,completed,20240618LGHT0,https://www.koreabaseball.com/Schedule/GameCenter/Main.aspx?gameDate=20240618&gameId=20240618LGHT0
2024-06-18,2024,LG,KIA,away,4,11,광주,L,completed,20240618LGHT0,https://www.koreabaseball.com/Schedule/GameCenter/Main.aspx?gameDate=20240618&gameId=20240618LGHT0
2024-06-18,2024,KT,롯데,home,6,4,수원,W,completed,20240618LTKT0,https://www.koreabaseball.com/Schedule/GameCenter/Main.aspx?gameDate=20240618&gameId=20240618LTKT0
2024-06-18,2024,롯데,KT,away,4,6,수원,L,completed,20240618LTKT0,https://www.koreabaseball.com/Schedule/GameCenter/Main.aspx?gameDate=20240618&gameId=20240618LTKT0
2024-06-18,2024,NC,두산,away,2,6,잠실,L,completed,20240618NCOB0,https://www.koreabaseball.com/Schedule/GameCenter/Main.aspx?gameDate=20240618&gameId=20240618NCOB0
2024-06-18,2024,두산,NC,home,6,2,잠실,W,completed,20240618NCOB0,https://www.koreabaseball.com/Schedule/GameCenter/Main.aspx?gameDate=20240618&gameId=20240618NCOB0
2024-06-18,2024,SSG,삼성,away,8,3,대구,W,completed,20240618SKSS0,https://www.koreabaseball.com/Schedule/GameCenter/Main.aspx?gameDate=20240618&gameId=20240618SKSS0
2024-06-18,2024,삼성,SSG,home,3,8,대구,L,completed,20240618SKSS0,https://www.koreabaseball.com/Schedule/GameCenter/Main.aspx?gameDate=20240618&gameId=20240618SKSS0
2024-06-18,2024,키움,한화,away,0,3,청주,L,completed,20240618WOHH0,https://www.koreabaseball.com/Schedule/GameCenter/Main.aspx?gameDate=20240618&gameId=20240618WOHH0
2024-06-18,2024,한화,키움,home,3,0,청주,W,completed,20240618WOHH0,https://www.koreabaseball.com/Schedule/GameCenter/Main.aspx?gameDate=20240618&gameId=20240618WOHH0
2024-06-19,2024,KIA,LG,home,5,7,광주,L,completed,20240619LGHT0,https://www.koreabaseball.com/Schedule/GameCenter/Main.aspx?gameDate=20240619&gameId=20240619LGHT0
2024-06-19,2024,LG,KIA,away,7,5,광주,W,completed,20240619LGHT0,https://www.koreabaseball.com/Schedule/GameCenter/Main.aspx?gameDate=20240619&gameId=20240619LGHT0
2024-06-19,2024,KT,롯데,home,5,13,수원,L,completed,20240619LTKT0,https://www.koreabaseball.com/Schedule/GameCenter/Main.aspx?gameDate=20240619&gameId=20240619LTKT0
2024-06-19,2024,롯데,KT,away,13,5,수원,W,completed,20240619LTKT0,https://www.koreabaseball.com/Schedule/GameCenter/Main.aspx?gameDate=20240619&gameId=20240619LTKT0
2024-06-19,2024,NC,두산,away,7,5,잠실,W,completed,20240619NCOB0,https://www.koreabaseball.com/Schedule/GameCenter/Main.aspx?gameDate=20240619&gameId=20240619NCOB0
2024-06-19,2024,두산,NC,home,5,7,잠실,L,completed,20240619NCOB0,https://www.koreabaseball.com/Schedule/GameCenter/Main.aspx?gameDate=20240619&gameId=20240619NCOB0
2024-06-19,2024,SSG,삼성,away,2,13,대구,L,completed,20240619SKSS0,https://www.koreabaseball.com/Schedule/GameCenter/Main.aspx?gameDate=20240619&gameId=20240619SKSS0
2024-06-19,2024,삼성,SSG,home,13,2,대구,W,completed,20240619SKSS0,https://www.koreabaseball.com/Schedule/GameCenter/Main.aspx?gameDate=20240619&gameId=20240619SKSS0
2024-06-19,2024,키움,한화,away,11,14,청주,L,completed,20240619WOHH0,https://www.koreabaseball.com/Schedule/GameCenter/Main.aspx?gameDate=20240619&gameId=20240619WOHH0
2024-06-19,2024,한화,키움,home,14,11,청주,W,completed,20240619WOHH0,https://www.koreabaseball.com/Schedule/GameCenter/Main.aspx?gameDate=20240619&gameId=20240619WOHH0
2024-06-20,2024,KIA,LG,home,6,5,광주,W,completed,20240620LGHT0,https://www.koreabaseball.com/Schedule/GameCenter/Main.aspx?gameDate=20240620&gameId=20240620LGHT0
2024-06-20,2024,LG,KIA,away,5,6,광주,L,completed,20240620LGHT0,https://www.koreabaseball.com/Schedule/GameCenter/Main.aspx?gameDate=20240620&gameId=20240620LGHT0
2024-06-20,2024,KT,롯데,home,7,6,수원,W,completed,20240620LTKT0,https://www.koreabaseball.com/Schedule/GameCenter/Main.aspx?gameDate=20240620&gameId=20240620LTKT0
2024-06-20,2024,롯데,KT,away,6,7,수원,L,completed,20240620LTKT0,https://www.koreabaseball.com/Schedule/GameCenter/Main.aspx?gameDate=20240620&gameId=20240620LTKT0
2024-06-20,2024,NC,두산,away,0,2,잠실,L,completed,20240620NCOB0,https://www.koreabaseball.com/Schedule/GameCenter/Main.aspx?gameDate=20240620&gameId=20240620NCOB0
2024-06-20,2024,두산,NC,home,2,0,잠실,W,completed,20240620NCOB0,https://www.koreabaseball.com/Schedule/GameCenter/Main.aspx?gameDate=20240620&gameId=20240620NCOB0
2024-06-20,2024,SSG,삼성,away,0,4,대구,L,completed,20240620SKSS0,https://www.koreabaseball.com/Schedule/GameCenter/Main.aspx?gameDate=20240620&gameId=20240620SKSS0
2024-06-20,2024,삼성,SSG,home,4,0,대구,W,completed,20240620SKSS0,https://www.koreabaseball.com/Schedule/GameCenter/Main.aspx?gameDate=20240620&gameId=20240620SKSS0
2024-06-20,2024,키움,한화,away,7,0,청주,W,completed,20240620WOHH0,https://www.koreabaseball.com/Schedule/GameCenter/Main.aspx?gameDate=20240620&gameId=20240620WOHH0
2024-06-20,2024,한화,키움,home,0,7,청주,L,completed,20240620WOHH0,https://www.koreabaseball.com/Schedule/GameCenter/Main.aspx?gameDate=20240620&gameId=20240620WOHH0
2024-06-21,2024,KIA,한화,home,8,3,광주,W,completed,20240621HHHT0,https://www.koreabaseball.com/Schedule/GameCenter/Main.aspx?gameDate=20240621&gameId=20240621HHHT0
2024-06-21,2024,한화,KIA,away,3,8,광주,L,completed,20240621HHHT0,https://www.koreabaseball.com/Schedule/GameCenter/Main.aspx?gameDate=20240621&gameId=20240621HHHT0
2024-06-21,2024,KT,LG,away,3,2,잠실,W,completed,20240621KTLG0,https://www.koreabaseball.com/Schedule/GameCenter/Main.aspx?gameDate=20240621&gameId=20240621KTLG0
2024-06-21,2024,LG,KT,home,2,3,잠실,L,completed,20240621KTLG0,https://www.koreabaseball.com/Schedule/GameCenter/Main.aspx?gameDate=20240621&gameId=20240621KTLG0
2024-06-21,2024,롯데,키움,away,2,5,고척,L,completed,20240621LTWO0,https://www.koreabaseball.com/Schedule/GameCenter/Main.aspx?gameDate=20240621&gameId=20240621LTWO0
2024-06-21,2024,키움,롯데,home,5,2,고척,W,completed,20240621LTWO0,https://www.koreabaseball.com/Schedule/GameCenter/Main.aspx?gameDate=20240621&gameId=20240621LTWO0
2024-06-21,2024,NC,SSG,away,3,2,문학,W,completed,20240621NCSK0,https://www.koreabaseball.com/Schedule/GameCenter/Main.aspx?gameDate=20240621&gameId=20240621NCSK0
2024-06-21,2024,SSG,NC,home,2,3,문학,L,completed,20240621NCSK0,https://www.koreabaseball.com/Schedule/GameCenter/Main.aspx?gameDate=20240621&gameId=20240621NCSK0
2024-06-21,2024,두산,삼성,away,4,7,대구,L,completed,20240621OBSS0,https://www.koreabaseball.com/Schedule/GameCenter/Main.aspx?gameDate=20240621&gameId=20240621OBSS0
2024-06-21,2024,삼성,두산,home,7,4,대구,W,completed,20240621OBSS0,https://www.koreabaseball.com/Schedule/GameCenter/Main.aspx?gameDate=20240621&gameId=20240621OBSS0
2024-06-22,2024,롯데,키움,away,6,1,고척,W,completed,20240622LTWO0,https://www.koreabaseball.com/Schedule/GameCenter/Main.aspx?gameDate=20240622&gameId=20240622LTWO0
2024-06-22,2024,키움,롯데,home,1,6,고척,L,completed,20240622LTWO0,https://www.koreabaseball.com/Schedule/GameCenter/Main.aspx?gameDate=20240622&gameId=20240622LTWO0
2024-06-22,2024,NC,SSG,away,4,12,문학,L,completed,20240622NCSK0,https://www.koreabaseball.com/Schedule/GameCenter/Main.aspx?gameDate=20240622&gameId=20240622NCSK0
2024-06-22,2024,SSG,NC,home,12,4,문학,W,completed,20240622NCSK0,https://www.koreabaseball.com/Schedule/GameCenter/Main.aspx?gameDate=20240622&gameId=20240622NCSK0
2024-06-23,2024,KIA,한화,home,8,9,광주,L,completed,20240623HHHT1,https://www.koreabaseball.com/Schedule/GameCenter/Main.aspx?gameDate=20240623&gameId=20240623HHHT1
2024-06-23,2024,한화,KIA,away,9,8,광주,W,completed,20240623HHHT1,https://www.koreabaseball.com/Schedule/GameCenter/Main.aspx?gameDate=20240623&gameId=20240623HHHT1
2024-06-23,2024,KIA,한화,home,4,1,광주,W,completed,20240623HHHT2,https://www.koreabaseball.com/Schedule/GameCenter/Main.aspx?gameDate=20240623&gameId=20240623HHHT2
2024-06-23,2024,한화,KIA,away,1,4,광주,L,completed,20240623HHHT2,https://www.koreabaseball.com/Schedule/GameCenter/Main.aspx?gameDate=20240623&gameId=20240623HHHT2
2024-06-23,2024,KT,LG,away,2,7,잠실,L,completed,20240623KTLG1,https://www.koreabaseball.com/Schedule/GameCenter/Main.aspx?gameDate=20240623&gameId=20240623KTLG1
2024-06-23,2024,LG,KT,home,7,2,잠실,W,completed,20240623KTLG1,https://www.koreabaseball.com/Schedule/GameCenter/Main.aspx?gameDate=20240623&gameId=20240623KTLG1
2024-06-23,2024,KT,LG,away,4,3,잠실,W,completed,20240623KTLG2,https://www.koreabaseball.com/Schedule/GameCenter/Main.aspx?gameDate=20240623&gameId=20240623KTLG2
2024-06-23,2024,LG,KT,home,3,4,잠실,L,completed,20240623KTLG2,https://www.koreabaseball.com/Schedule/GameCenter/Main.aspx?gameDate=20240623&gameId=20240623KTLG2
2024-06-23,2024,롯데,키움,away,10,2,고척,W,completed,20240623LTWO0,https://www.koreabaseball.com/Schedule/GameCenter/Main.aspx?gameDate=20240623&gameId=20240623LTWO0
2024-06-23,2024,키움,롯데,home,2,10,고척,L,completed,20240623LTWO0,https://www.koreabaseball.com/Schedule/GameCenter/Main.aspx?gameDate=20240623&gameId=20240623LTWO0
2024-06-23,2024,NC,SSG,away,18,6,문학,W,completed,20240623NCSK0,https://www.koreabaseball.com/Schedule/GameCenter/Main.aspx?gameDate=20240623&gameId=20240623NCSK0
2024-06-23,2024,SSG,NC,home,6,18,문학,L,completed,20240623NCSK0,https://www.koreabaseball.com/Schedule/GameCenter/Main.aspx?gameDate=20240623&gameId=20240623NCSK0
2024-06-23,2024,두산,삼성,away,4,7,대구,L,completed,20240623OBSS1,https://www.koreabaseball.com/Schedule/GameCenter/Main.aspx?gameDate=20240623&gameId=20240623OBSS1
2024-06-23,2024,삼성,두산,home,7,4,대구,W,completed,20240623OBSS1,https://www.koreabaseball.com/Schedule/GameCenter/Main.aspx?gameDate=20240623&gameId=20240623OBSS1
2024-06-23,2024,두산,삼성,away,4,10,대구,L,completed,20240623OBSS2,https://www.koreabaseball.com/Schedule/GameCenter/Main.aspx?gameDate=20240623&gameId=20240623OBSS2
2024-06-23,2024,삼성,두산,home,10,4,대구,W,completed,20240623OBSS2,https://www.koreabaseball.com/Schedule/GameCenter/Main.aspx?gameDate=20240623&gameId=20240623OBSS2
2024-06-25,2024,KIA,롯데,away,15,15,사직,D,completed,20240625HTLT0,https://www.koreabaseball.com/Schedule/GameCenter/Main.aspx?gameDate=20240625&gameId=20240625HTLT0
2024-06-25,2024,롯데,KIA,home,15,15,사직,D,completed,20240625HTLT0,https://www.koreabaseball.com/Schedule/GameCenter/Main.aspx?gameDate=20240625&gameId=20240625HTLT0
2024-06-25,2024,KT,SSG,away,6,1,문학,W,completed,20240625KTSK0,https://www.koreabaseball.com/Schedule/GameCenter/Main.aspx?gameDate=20240625&gameId=20240625KTSK0
2024-06-25,2024,SSG,KT,home,1,6,문학,L,completed,20240625KTSK0,https://www.koreabaseball.com/Schedule/GameCenter/Main.aspx?gameDate=20240625&gameId=20240625KTSK0
2024-06-25,2024,NC,키움,away,5,6,고척,L,completed,20240625NCWO0,https://www.koreabaseball.com/Schedule/GameCenter/Main.aspx?gameDate=20240625&gameId=20240625NCWO0
2024-06-25,2024,키움,NC,home,6,5,고척,W,completed,20240625NCWO0,https://www.koreabaseball.com/Schedule/GameCenter/Main.aspx?gameDate=20240625&gameId=20240625NCWO0
2024-06-25,2024,두산,한화,away,4,5,한밭,L,completed,20240625OBHH0,https://www.koreabaseball.com/Schedule/GameCenter/Main.aspx?gameDate=20240625&gameId=20240625OBHH0
2024-06-25,2024,한화,두산,home,5,4,한밭,W,completed,20240625OBHH0,https://www.koreabaseball.com/Schedule/GameCenter/Main.aspx?gameDate=20240625&gameId=20240625OBHH0
2024-06-25,2024,LG,삼성,home,4,0,잠실,W,completed,20240625SSLG0,https://www.koreabaseball.com/Schedule/GameCenter/Main.aspx?gameDate=20240625&gameId=20240625SSLG0
2024-06-25,2024,삼성,LG,away,0,4,잠실,L,completed,20240625SSLG0,https://www.koreabaseball.com/Schedule/GameCenter/Main.aspx?gameDate=20240625&gameId=20240625SSLG0
2024-06-26,2024,KIA,롯데,away,4,6,사직,L,completed,20240626HTLT0,https://www.koreabaseball.com/Schedule/GameCenter/Main.aspx?gameDate=20240626&gameId=20240626HTLT0
2024-06-26,2024,롯데,KIA,home,6,4,사직,W,completed,20240626HTLT0,https://www.koreabaseball.com/Schedule/GameCenter/Main.aspx?gameDate=20240626&gameId=20240626HTLT0
2024-06-26,2024,KT,SSG,away,5,10,문학,L,completed,20240626KTSK0,https://www.koreabaseball.com/Schedule/GameCenter/Main.aspx?gameDate=20240626&gameId=20240626KTSK0
2024-06-26,2024,SSG,KT,home,10,5,문학,W,completed,20240626KTSK0,https://www.koreabaseball.com/Schedule/GameCenter/Main.aspx?gameDate=20240626&gameId=20240626KTSK0
2024-06-26,2024,NC,키움,away,7,10,고척,L,completed,20240626NCWO0,https://www.koreabaseball.com/Schedule/GameCenter/Main.aspx?gameDate=20240626&gameId=20240626NCWO0
2024-06-26,2024,키움,NC,home,10,7,고척,W,completed,20240626NCWO0,https://www.koreabaseball.com/Schedule/GameCenter/Main.aspx?gameDate=20240626&gameId=20240626NCWO0
2024-06-26,2024,두산,한화,away,15,8,한밭,W,completed,20240626OBHH0,https://www.koreabaseball.com/Schedule/GameCenter/Main.aspx?gameDate=20240626&gameId=20240626OBHH0
2024-06-26,2024,한화,두산,home,8,15,한밭,L,completed,20240626OBHH0,https://www.koreabaseball.com/Schedule/GameCenter/Main.aspx?gameDate=20240626&gameId=20240626OBHH0
2024-06-26,2024,LG,삼성,home,2,1,잠실,W,completed,20240626SSLG0,https://www.koreabaseball.com/Schedule/GameCenter/Main.aspx?gameDate=20240626&gameId=20240626SSLG0
2024-06-26,2024,삼성,LG,away,1,2,잠실,L,completed,20240626SSLG0,https://www.koreabaseball.com/Schedule/GameCenter/Main.aspx?gameDate=20240626&gameId=20240626SSLG0
2024-06-27,2024,KIA,롯데,away,2,11,사직,L,completed,20240627HTLT0,https://www.koreabaseball.com/Schedule/GameCenter/Main.aspx?gameDate=20240627&gameId=20240627HTLT0
2024-06-27,2024,롯데,KIA,home,11,2,사직,W,completed,20240627HTLT0,https://www.koreabaseball.com/Schedule/GameCenter/Main.aspx?gameDate=20240627&gameId=20240627HTLT0
2024-06-27,2024,KT,SSG,away,16,8,문학,W,completed,20240627KTSK0,https://www.koreabaseball.com/Schedule/GameCenter/Main.aspx?gameDate=20240627&gameId=20240627KTSK0
2024-06-27,2024,SSG,KT,home,8,16,문학,L,completed,20240627KTSK0,https://www.koreabaseball.com/Schedule/GameCenter/Main.aspx?gameDate=20240627&gameId=20240627KTSK0
2024-06-27,2024,NC,키움,away,7,9,고척,L,completed,20240627NCWO0,https://www.koreabaseball.com/Schedule/GameCenter/Main.aspx?gameDate=20240627&gameId=20240627NCWO0
2024-06-27,2024,키움,NC,home,9,7,고척,W,completed,20240627NCWO0,https://www.koreabaseball.com/Schedule/GameCenter/Main.aspx?gameDate=20240627&gameId=20240627NCWO0
2024-06-27,2024,두산,한화,away,3,8,한밭,L,completed,20240627OBHH0,https://www.koreabaseball.com/Schedule/GameCenter/Main.aspx?gameDate=20240627&gameId=20240627OBHH0
2024-06-27,2024,한화,두산,home,8,3,한밭,W,completed,20240627OBHH0,https://www.koreabaseball.com/Schedule/GameCenter/Main.aspx?gameDate=20240627&gameId=20240627OBHH0
2024-06-27,2024,LG,삼성,home,1,2,잠실,L,completed,20240627SSLG0,https://www.koreabaseball.com/Schedule/GameCenter/Main.aspx?gameDate=20240627&gameId=20240627SSLG0
2024-06-27,2024,삼성,LG,away,2,1,잠실,W,completed,20240627SSLG0,https://www.koreabaseball.com/Schedule/GameCenter/Main.aspx?gameDate=20240627&gameId=20240627SSLG0
2024-06-28,2024,롯데,한화,home,6,4,사직,W,completed,20240628HHLT0,https://www.koreabaseball.com/Schedule/GameCenter/Main.aspx?gameDate=20240628&gameId=20240628HHLT0
2024-06-28,2024,한화,롯데,away,4,6,사직,L,completed,20240628HHLT0,https://www.koreabaseball.com/Schedule/GameCenter/Main.aspx?gameDate=20240628&gameId=20240628HHLT0
2024-06-28,2024,LG,NC,away,2,8,창원,L,completed,20240628LGNC0,https://www.koreabaseball.com/Schedule/GameCenter/Main.aspx?gameDate=20240628&gameId=20240628LGNC0
2024-06-28,2024,NC,LG,home,8,2,창원,W,completed,20240628LGNC0,https://www.koreabaseball.com/Schedule/GameCenter/Main.aspx?gameDate=20240628&gameId=20240628LGNC0
2024-06-28,2024,SSG,두산,away,0,10,잠실,L,completed,20240628SKOB0,https://www.koreabaseball.com/Schedule/GameCenter/Main.aspx?gameDate=20240628&gameId=20240628SKOB0
2024-06-28,2024,두산,SSG,home,10,0,잠실,W,completed,20240628SKOB0,https://www.koreabaseball.com/Schedule/GameCenter/Main.aspx?gameDate=20240628&gameId=20240628SKOB0
2024-06-28,2024,KT,삼성,home,5,4,수원,W,completed,20240628SSKT0,https://www.koreabaseball.com/Schedule/GameCenter/Main.aspx?gameDate=20240628&gameId=20240628SSKT0
2024-06-28,2024,삼성,KT,away,4,5,수원,L,completed,20240628SSKT0,https://www.koreabaseball.com/Schedule/GameCenter/Main.aspx?gameDate=20240628&gameId=20240628SSKT0
2024-06-28,2024,KIA,키움,home,6,17,광주,L,completed,20240628WOHT0,https://www.koreabaseball.com/Schedule/GameCenter/Main.aspx?gameDate=20240628&gameId=20240628WOHT0
2024-06-28,2024,키움,KIA,away,17,6,광주,W,completed,20240628WOHT0,https://www.koreabaseball.com/Schedule/GameCenter/Main.aspx?gameDate=20240628&gameId=20240628WOHT0
2024-06-29,2024,SSG,두산,away,6,0,잠실,W,completed,20240629SKOB0,https://www.koreabaseball.com/Schedule/GameCenter/Main.aspx?gameDate=20240629&gameId=20240629SKOB0
2024-06-29,2024,두산,SSG,home,0,6,잠실,L,completed,20240629SKOB0,https://www.koreabaseball.com/Schedule/GameCenter/Main.aspx?gameDate=20240629&gameId=20240629SKOB0
2024-06-30,2024,LG,NC,away,9,6,창원,W,completed,20240630LGNC0,https://www.koreabaseball.com/Schedule/GameCenter/Main.aspx?gameDate=20240630&gameId=20240630LGNC0
2024-06-30,2024,NC,LG,home,6,9,창원,L,completed,20240630LGNC0,https://www.koreabaseball.com/Schedule/GameCenter/Main.aspx?gameDate=20240630&gameId=20240630LGNC0
2024-06-30,2024,SSG,두산,away,3,1,잠실,W,completed,20240630SKOB0,https://www.koreabaseball.com/Schedule/GameCenter/Main.aspx?gameDate=20240630&gameId=20240630SKOB0
2024-06-30,2024,두산,SSG,home,1,3,잠실,L,completed,20240630SKOB0,https://www.koreabaseball.com/Schedule/GameCenter/Main.aspx?gameDate=20240630&gameId=20240630SKOB0
2024-06-30,2024,KT,삼성,home,2,2,수원,D,completed,20240630SSKT1,https://www.koreabaseball.com/Schedule/GameCenter/Main.aspx?gameDate=20240630&gameId=20240630SSKT1
2024-06-30,2024,삼성,KT,away,2,2,수원,D,completed,20240630SSKT1,https://www.koreabaseball.com/Schedule/GameCenter/Main.aspx?gameDate=20240630&gameId=20240630SSKT1
2024-06-30,2024,KT,삼성,home,2,1,수원,W,completed,20240630SSKT2,https://www.koreabaseball.com/Schedule/GameCenter/Main.aspx?gameDate=20240630&gameId=20240630SSKT2
2024-06-30,2024,삼성,KT,away,1,2,수원,L,completed,20240630SSKT2,https://www.koreabaseball.com/Schedule/GameCenter/Main.aspx?gameDate=20240630&gameId=20240630SSKT2
2024-07-02,2024,KIA,삼성,away,9,5,대구,W,completed,20240702HTSS0,https://www.koreabaseball.com/Schedule/GameCenter/Main.aspx?gameDate=20240702&gameId=20240702HTSS0
2024-07-02,2024,삼성,KIA,home,5,9,대구,L,completed,20240702HTSS0,https://www.koreabaseball.com/Schedule/GameCenter/Main.aspx?gameDate=20240702&gameId=20240702HTSS0
2024-07-02,2024,KT,한화,away,6,5,한밭,W,completed,20240702KTHH0,https://www.koreabaseball.com/Schedule/GameCenter/Main.aspx?gameDate=20240702&gameId=20240702KTHH0
2024-07-02,2024,한화,KT,home,5,6,한밭,L,completed,20240702KTHH0,https://www.koreabaseball.com/Schedule/GameCenter/Main.aspx?gameDate=20240702&gameId=20240702KTHH0
2024-07-02,2024,LG,키움,away,2,4,고척,L,completed,20240702LGWO0,https://www.koreabaseball.com/Schedule/GameCenter/Main.aspx?gameDate=20240702&gameId=20240702LGWO0
2024-07-02,2024,키움,LG,home,4,2,고척,W,completed,20240702LGWO0,https://www.koreabaseball.com/Schedule/GameCenter/Main.aspx?gameDate=20240702&gameId=20240702LGWO0
2024-07-03,2024,KIA,삼성,away,6,4,대구,W,completed,20240703HTSS0,https://www.koreabaseball.com/Schedule/GameCenter/Main.aspx?gameDate=20240703&gameId=20240703HTSS0
2024-07-03,2024,삼성,KIA,home,4,6,대구,L,completed,20240703HTSS0,https://www.koreabaseball.com/Schedule/GameCenter/Main.aspx?gameDate=20240703&gameId=20240703HTSS0
2024-07-03,2024,KT,한화,away,3,2,한밭,W,completed,20240703KTHH0,https://www.koreabaseball.com/Schedule/GameCenter/Main.aspx?gameDate=20240703&gameId=20240703KTHH0
2024-07-03,2024,한화,KT,home,2,3,한밭,L,completed,20240703KTHH0,https://www.koreabaseball.com/Schedule/GameCenter/Main.aspx?gameDate=20240703&gameId=20240703KTHH0
2024-07-03,2024,LG,키움,away,1,4,고척,L,completed,20240703LGWO0,https://www.koreabaseball.com/Schedule/GameCenter/Main.aspx?gameDate=20240703&gameId=20240703LGWO0
2024-07-03,2024,키움,LG,home,4,1,고척,W,completed,20240703LGWO0,https://www.koreabaseball.com/Schedule/GameCenter/Main.aspx?gameDate=20240703&gameId=20240703LGWO0
2024-07-03,2024,두산,롯데,home,13,8,잠실,W,completed,20240703LTOB0,https://www.koreabaseball.com/Schedule/GameCenter/Main.aspx?gameDate=20240703&gameId=20240703LTOB0
2024-07-03,2024,롯데,두산,away,8,13,잠실,L,completed,20240703LTOB0,https://www.koreabaseball.com/Schedule/GameCenter/Main.aspx?gameDate=20240703&gameId=20240703LTOB0
2024-07-03,2024,NC,SSG,home,4,1,창원,W,completed,20240703SKNC0,https://www.koreabaseball.com/Schedule/GameCenter/Main.aspx?gameDate=20240703&gameId=20240703SKNC0
2024-07-03,2024,SSG,NC,away,1,4,창원,L,completed,20240703SKNC0,https://www.koreabaseball.com/Schedule/GameCenter/Main.aspx?gameDate=20240703&gameId=20240703SKNC0
2024-07-04,2024,KIA,삼성,away,8,3,대구,W,completed,20240704HTSS0,https://www.koreabaseball.com/Schedule/GameCenter/Main.aspx?gameDate=20240704&gameId=20240704HTSS0
2024-07-04,2024,삼성,KIA,home,3,8,대구,L,completed,20240704HTSS0,https://www.koreabaseball.com/Schedule/GameCenter/Main.aspx?gameDate=20240704&gameId=20240704HTSS0
2024-07-04,2024,KT,한화,away,5,13,한밭,L,completed,20240704KTHH0,https://www.koreabaseball.com/Schedule/GameCenter/Main.aspx?gameDate=20240704&gameId=20240704KTHH0
2024-07-04,2024,한화,KT,home,13,5,한밭,W,completed,20240704KTHH0,https://www.koreabaseball.com/Schedule/GameCenter/Main.aspx?gameDate=20240704&gameId=20240704KTHH0
2024-07-04,2024,LG,키움,away,3,2,고척,W,completed,20240704LGWO0,https://www.koreabaseball.com/Schedule/GameCenter/Main.aspx?gameDate=20240704&gameId=20240704LGWO0
2024-07-04,2024,키움,LG,home,2,3,고척,L,completed,20240704LGWO0,https://www.koreabaseball.com/Schedule/GameCenter/Main.aspx?gameDate=20240704&gameId=20240704LGWO0
2024-07-04,2024,두산,롯데,home,6,3,잠실,W,completed,20240704LTOB0,https://www.koreabaseball.com/Schedule/GameCenter/Main.aspx?gameDate=20240704&gameId=20240704LTOB0
2024-07-04,2024,롯데,두산,away,3,6,잠실,L,completed,20240704LTOB0,https://www.koreabaseball.com/Schedule/GameCenter/Main.aspx?gameDate=20240704&gameId=20240704LTOB0
2024-07-04,2024,NC,SSG,home,2,0,창원,W,completed,20240704SKNC0,https://www.koreabaseball.com/Schedule/GameCenter/Main.aspx?gameDate=20240704&gameId=20240704SKNC0
2024-07-04,2024,SSG,NC,away,0,2,창원,L,completed,20240704SKNC0,https://www.koreabaseball.com/Schedule/GameCenter/Main.aspx?gameDate=20240704&gameId=20240704SKNC0
2024-07-09,2024,키움,한화,home,5,3,고척,W,completed,20240709HHWO0,https://www.koreabaseball.com/Schedule/GameCenter/Main.aspx?gameDate=20240709&gameId=20240709HHWO0
2024-07-09,2024,한화,키움,away,3,5,고척,L,completed,20240709HHWO0,https://www.koreabaseball.com/Schedule/GameCenter/Main.aspx?gameDate=20240709&gameId=20240709HHWO0
2024-07-09,2024,KIA,LG,away,11,4,잠실,W,completed,20240709HTLG0,https://www.koreabaseball.com/Schedule/GameCenter/Main.aspx?gameDate=20240709&gameId=20240709HTLG0
2024-07-09,2024,LG,KIA,home,4,11,잠실,L,completed,20240709HTLG0,https://www.koreabaseball.com/Schedule/GameCenter/Main.aspx?gameDate=20240709&gameId=20240709HTLG0
2024-07-09,2024,SSG,롯데,home,7,4,문학,W,completed,20240709LTSK0,https://www.koreabaseball.com/Schedule/GameCenter/Main.aspx?gameDate=20240709&gameId=20240709LTSK0
2024-07-09,2024,롯데,SSG,away,4,7,문학,L,completed,20240709LTSK0,https://www.koreabaseball.com/Schedule/GameCenter/Main.aspx?gameDate=20240709&gameId=20240709LTSK0
2024-07-10,2024,키움,한화,home,0,7,고척,L,completed,20240710HHWO0,https://www.koreabaseball.com/Schedule/GameCenter/Main.aspx?gameDate=20240710&gameId=20240710HHWO0
2024-07-10,2024,한화,키움,away,7,0,고척,W,completed,20240710HHWO0,https://www.koreabaseball.com/Schedule/GameCenter/Main.aspx?gameDate=20240710&gameId=20240710HHWO0
2024-07-10,2024,KIA,LG,away,5,2,잠실,W,completed,20240710HTLG0,https://www.koreabaseball.com/Schedule/GameCenter/Main.aspx?gameDate=20240710&gameId=20240710HTLG0
2024-07-10,2024,LG,KIA,home,2,5,잠실,L,completed,20240710HTLG0,https://www.koreabaseball.com/Schedule/GameCenter/Main.aspx?gameDate=20240710&gameId=20240710HTLG0
2024-07-10,2024,SSG,롯데,home,1,6,문학,L,completed,20240710LTSK0,https://www.koreabaseball.com/Schedule/GameCenter/Main.aspx?gameDate=20240710&gameId=20240710LTSK0
2024-07-10,2024,롯데,SSG,away,6,1,문학,W,completed,20240710LTSK0,https://www.koreabaseball.com/Schedule/GameCenter/Main.aspx?gameDate=20240710&gameId=20240710LTSK0
2024-07-10,2024,NC,삼성,away,6,15,대구,L,completed,20240710NCSS0,https://www.koreabaseball.com/Schedule/GameCenter/Main.aspx?gameDate=20240710&gameId=20240710NCSS0
2024-07-10,2024,삼성,NC,home,15,6,대구,W,completed,20240710NCSS0,https://www.koreabaseball.com/Schedule/GameCenter/Main.aspx?gameDate=20240710&gameId=20240710NCSS0
2024-07-10,2024,KT,두산,home,7,6,수원,W,completed,20240710OBKT0,https://www.koreabaseball.com/Schedule/GameCenter/Main.aspx?gameDate=20240710&gameId=20240710OBKT0
2024-07-10,2024,두산,KT,away,6,7,수원,L,completed,20240710OBKT0,https://www.koreabaseball.com/Schedule/GameCenter/Main.aspx?gameDate=20240710&gameId=20240710OBKT0
2024-07-11,2024,키움,한화,home,5,4,고척,W,completed,20240711HHWO0,https://www.koreabaseball.com/Schedule/GameCenter/Main.aspx?gameDate=20240711&gameId=20240711HHWO0
2024-07-11,2024,한화,키움,away,4,5,고척,L,completed,20240711HHWO0,https://www.koreabaseball.com/Schedule/GameCenter/Main.aspx?gameDate=20240711&gameId=20240711HHWO0
2024-07-11,2024,KIA,LG,away,4,2,잠실,W,completed,20240711HTLG0,https://www.koreabaseball.com/Schedule/GameCenter/Main.aspx?gameDate=20240711&gameId=20240711HTLG0
2024-07-11,2024,LG,KIA,home,2,4,잠실,L,completed,20240711HTLG0,https://www.koreabaseball.com/Schedule/GameCenter/Main.aspx?gameDate=20240711&gameId=20240711HTLG0
2024-07-11,2024,SSG,롯데,home,5,4,문학,W,completed,20240711LTSK0,https://www.koreabaseball.com/Schedule/GameCenter/Main.aspx?gameDate=20240711&gameId=20240711LTSK0
2024-07-11,2024,롯데,SSG,away,4,5,문학,L,completed,20240711LTSK0,https://www.koreabaseball.com/Schedule/GameCenter/Main.aspx?gameDate=20240711&gameId=20240711LTSK0
2024-07-11,2024,NC,삼성,away,4,6,대구,L,completed,20240711NCSS0,https://www.koreabaseball.com/Schedule/GameCenter/Main.aspx?gameDate=20240711&gameId=20240711NCSS0
2024-07-11,2024,삼성,NC,home,6,4,대구,W,completed,20240711NCSS0,https://www.koreabaseball.com/Schedule/GameCenter/Main.aspx?gameDate=20240711&gameId=20240711NCSS0
2024-07-11,2024,KT,두산,home,1,12,수원,L,completed,20240711OBKT0,https://www.koreabaseball.com/Schedule/GameCenter/Main.aspx?gameDate=20240711&gameId=20240711OBKT0
2024-07-11,2024,두산,KT,away,12,1,수원,W,completed,20240711OBKT0,https://www.koreabaseball.com/Schedule/GameCenter/Main.aspx?gameDate=20240711&gameId=20240711OBKT0
2024-07-12,2024,KT,롯데,away,5,4,사직,W,completed,20240712KTLT0,https://www.koreabaseball.com/Schedule/GameCenter/Main.aspx?gameDate=20240712&gameId=20240712KTLT0
2024-07-12,2024,롯데,KT,home,4,5,사직,L,completed,20240712KTLT0,https://www.koreabaseball.com/Schedule/GameCenter/Main.aspx?gameDate=20240712&gameId=20240712KTLT0
2024-07-12,2024,LG,한화,away,0,6,한밭,L,completed,20240712LGHH0,https://www.koreabaseball.com/Schedule/GameCenter/Main.aspx?gameDate=20240712&gameId=20240712LGHH0
2024-07-12,2024,한화,LG,home,6,0,한밭,W,completed,20240712LGHH0,https://www.koreabaseball.com/Schedule/GameCenter/Main.aspx?gameDate=20240712&gameId=20240712LGHH0
2024-07-12,2024,KIA,SSG,home,6,14,광주,L,completed,20240712SKHT0,https://www.koreabaseball.com/Schedule/GameCenter/Main.aspx?gameDate=20240712&gameId=20240712SKHT0
2024-07-12,2024,SSG,KIA,away,14,6,광주,W,completed,20240712SKHT0,https://www.koreabaseball.com/Schedule/GameCenter/Main.aspx?gameDate=20240712&gameId=20240712SKHT0
2024-07-12,2024,두산,삼성,home,5,9,잠실,L,completed,20240712SSOB0,https://www.koreabaseball.com/Schedule/GameCenter/Main.aspx?gameDate=20240712&gameId=20240712SSOB0
2024-07-12,2024,삼성,두산,away,9,5,잠실,W,completed,20240712SSOB0,https://www.koreabaseball.com/Schedule/GameCenter/Main.aspx?gameDate=20240712&gameId=20240712SSOB0
2024-07-12,2024,NC,키움,home,9,2,창원,W,completed,20240712WONC0,https://www.koreabaseball.com/Schedule/GameCenter/Main.aspx?gameDate=20240712&gameId=20240712WONC0
2024-07-12,2024,키움,NC,away,2,9,창원,L,completed,20240712WONC0,https://www.koreabaseball.com/Schedule/GameCenter/Main.aspx?gameDate=20240712&gameId=20240712WONC0
2024-07-13,2024,KT,롯데,away,6,3,사직,W,completed,20240713KTLT0,https://www.koreabaseball.com/Schedule/GameCenter/Main.aspx?gameDate=20240713&gameId=20240713KTLT0
2024-07-13,2024,롯데,KT,home,3,6,사직,L,completed,20240713KTLT0,https://www.koreabaseball.com/Schedule/GameCenter/Main.aspx?gameDate=20240713&gameId=20240713KTLT0
2024-07-13,2024,LG,한화,away,7,3,한밭,W,completed,20240713LGHH0,https://www.koreabaseball.com/Schedule/GameCenter/Main.aspx?gameDate=20240713&gameId=20240713LGHH0
2024-07-13,2024,한화,LG,home,3,7,한밭,L,completed,20240713LGHH0,https://www.koreabaseball.com/Schedule/GameCenter/Main.aspx?gameDate=20240713&gameId=20240713LGHH0
2024-07-13,2024,KIA,SSG,home,9,15,광주,L,completed,20240713SKHT0,https://www.koreabaseball.com/Schedule/GameCenter/Main.aspx?gameDate=20240713&gameId=20240713SKHT0
2024-07-13,2024,SSG,KIA,away,15,9,광주,W,completed,20240713SKHT0,https://www.koreabaseball.com/Schedule/GameCenter/Main.aspx?gameDate=20240713&gameId=20240713SKHT0
2024-07-13,2024,두산,삼성,home,8,4,잠실,W,completed,20240713SSOB0,https://www.koreabaseball.com/Schedule/GameCenter/Main.aspx?gameDate=20240713&gameId=20240713SSOB0
2024-07-13,2024,삼성,두산,away,4,8,잠실,L,completed,20240713SSOB0,https://www.koreabaseball.com/Schedule/GameCenter/Main.aspx?gameDate=20240713&gameId=20240713SSOB0
2024-07-13,2024,NC,키움,home,11,5,창원,W,completed,20240713WONC0,https://www.koreabaseball.com/Schedule/GameCenter/Main.aspx?gameDate=20240713&gameId=20240713WONC0
2024-07-13,2024,키움,NC,away,5,11,창원,L,completed,20240713WONC0,https://www.koreabaseball.com/Schedule/GameCenter/Main.aspx?gameDate=20240713&gameId=20240713WONC0
2024-07-14,2024,LG,한화,away,8,4,한밭,W,completed,20240714LGHH0,https://www.koreabaseball.com/Schedule/GameCenter/Main.aspx?gameDate=20240714&gameId=20240714LGHH0
2024-07-14,2024,한화,LG,home,4,8,한밭,L,completed,20240714LGHH0,https://www.koreabaseball.com/Schedule/GameCenter/Main.aspx?gameDate=20240714&gameId=20240714LGHH0
2024-07-14,2024,KIA,SSG,home,13,4,광주,W,completed,20240714SKHT0,https://www.koreabaseball.com/Schedule/GameCenter/Main.aspx?gameDate=20240714&gameId=20240714SKHT0
2024-07-14,2024,SSG,KIA,away,4,13,광주,L,completed,20240714SKHT0,https://www.koreabaseball.com/Schedule/GameCenter/Main.aspx?gameDate=20240714&gameId=20240714SKHT0
2024-07-14,2024,두산,삼성,home,2,6,잠실,L,completed,20240714SSOB0,https://www.koreabaseball.com/Schedule/GameCenter/Main.aspx?gameDate=20240714&gameId=20240714SSOB0
2024-07-14,2024,삼성,두산,away,6,2,잠실,W,completed,20240714SSOB0,https://www.koreabaseball.com/Schedule/GameCenter/Main.aspx?gameDate=20240714&gameId=20240714SSOB0
2024-07-16,2024,KT,키움,away,4,3,고척,W,completed,20240716KTWO0,https://www.koreabaseball.com/Schedule/GameCenter/Main.aspx?gameDate=20240716&gameId=20240716KTWO0
2024-07-16,2024,키움,KT,home,3,4,고척,L,completed,20240716KTWO0,https://www.koreabaseball.com/Schedule/GameCenter/Main.aspx?gameDate=20240716&gameId=20240716KTWO0
2024-07-16,2024,두산,롯데,away,0,4,울산,L,completed,20240716OBLT0,https://www.koreabaseball.com/Schedule/GameCenter/Main.aspx?gameDate=20240716&gameId=20240716OBLT0
2024-07-16,2024,롯데,두산,home,4,0,울산,W,completed,20240716OBLT0,https://www.koreabaseball.com/Schedule/GameCenter/Main.aspx?gameDate=20240716&gameId=20240716OBLT0
2024-07-17,2024,NC,한화,home,5,1,창원,W,completed,20240717HHNC0,https://www.koreabaseball.com/Schedule/GameCenter/Main.aspx?gameDate=20240717&gameId=20240717HHNC0
2024-07-17,2024,한화,NC,away,1,5,창원,L,completed,20240717HHNC0,https://www.koreabaseball.com/Schedule/GameCenter/Main.aspx?gameDate=20240717&gameId=20240717HHNC0
2024-07-17,2024,KT,키움,away,9,2,고척,W,completed,20240717KTWO0,https://www.koreabaseball.com/Schedule/GameCenter/Main.aspx?gameDate=20240717&gameId=20240717KTWO0
2024-07-17,2024,키움,KT,home,2,9,고척,L,completed,20240717KTWO0,https://www.koreabaseball.com/Schedule/GameCenter/Main.aspx?gameDate=20240717&gameId=20240717KTWO0
2024-07-17,2024,두산,롯데,away,2,6,울산,L,completed,20240717OBLT0,https://www.koreabaseball.com/Schedule/GameCenter/Main.aspx?gameDate=20240717&gameId=20240717OBLT0
2024-07-17,2024,롯데,두산,home,6,2,울산,W,completed,20240717OBLT0,https://www.koreabaseball.com/Schedule/GameCenter/Main.aspx?gameDate=20240717&gameId=20240717OBLT0
2024-07-17,2024,LG,SSG,home,12,9,잠실,W,completed,20240717SKLG0,https://www.koreabaseball.com/Schedule/GameCenter/Main.aspx?gameDate=20240717&gameId=20240717SKLG0
2024-07-17,2024,SSG,LG,away,9,12,잠실,L,completed,20240717SKLG0,https://www.koreabaseball.com/Schedule/GameCenter/Main.aspx?gameDate=20240717&gameId=20240717SKLG0
2024-07-17,2024,KIA,삼성,home,10,5,광주,W,completed,20240717SSHT0,https://www.koreabaseball.com/Schedule/GameCenter/Main.aspx?gameDate=20240717&gameId=20240717SSHT0
2024-07-17,2024,삼성,KIA,away,5,10,광주,L,completed,20240717SSHT0,https://www.koreabaseball.com/Schedule/GameCenter/Main.aspx?gameDate=20240717&gameId=20240717SSHT0
2024-07-18,2024,NC,한화,home,4,3,창원,W,completed,20240718HHNC0,https://www.koreabaseball.com/Schedule/GameCenter/Main.aspx?gameDate=20240718&gameId=20240718HHNC0
2024-07-18,2024,한화,NC,away,3,4,창원,L,completed,20240718HHNC0,https://www.koreabaseball.com/Schedule/GameCenter/Main.aspx?gameDate=20240718&gameId=20240718HHNC0
2024-07-18,2024,KT,키움,away,12,8,고척,W,completed,20240718KTWO0,https://www.koreabaseball.com/Schedule/GameCenter/Main.aspx?gameDate=20240718&gameId=20240718KTWO0
2024-07-18,2024,키움,KT,home,8,12,고척,L,completed,20240718KTWO0,https://www.koreabaseball.com/Schedule/GameCenter/Main.aspx?gameDate=20240718&gameId=20240718KTWO0
2024-07-18,2024,두산,롯데,away,3,2,울산,W,completed,20240718OBLT0,https://www.koreabaseball.com/Schedule/GameCenter/Main.aspx?gameDate=20240718&gameId=20240718OBLT0
2024-07-18,2024,롯데,두산,home,2,3,울산,L,completed,20240718OBLT0,https://www.koreabaseball.com/Schedule/GameCenter/Main.aspx?gameDate=20240718&gameId=20240718OBLT0
2024-07-18,2024,KIA,삼성,home,10,4,광주,W,completed,20240718SSHT0,https://www.koreabaseball.com/Schedule/GameCenter/Main.aspx?gameDate=20240718&gameId=20240718SSHT0
2024-07-18,2024,삼성,KIA,away,4,10,광주,L,completed,20240718SSHT0,https://www.koreabaseball.com/Schedule/GameCenter/Main.aspx?gameDate=20240718&gameId=20240718SSHT0
2024-07-19,2024,KIA,한화,away,7,3,한밭,W,completed,20240719HTHH0,https://www.koreabaseball.com/Schedule/GameCenter/Main.aspx?gameDate=20240719&gameId=20240719HTHH0
2024-07-19,2024,한화,KIA,home,3,7,한밭,L,completed,20240719HTHH0,https://www.koreabaseball.com/Schedule/GameCenter/Main.aspx?gameDate=20240719&gameId=20240719HTHH0
2024-07-19,2024,롯데,삼성,away,10,6,대구,W,completed,20240719LTSS0,https://www.koreabaseball.com/Schedule/GameCenter/Main.aspx?gameDate=20240719&gameId=20240719LTSS0
2024-07-19,2024,삼성,롯데,home,6,10,대구,L,completed,20240719LTSS0,https://www.koreabaseball.com/Schedule/GameCenter/Main.aspx?gameDate=20240719&gameId=20240719LTSS0
2024-07-19,2024,KT,NC,home,6,0,수원,W,completed,20240719NCKT0,https://www.koreabaseball.com/Schedule/GameCenter/Main.aspx?gameDate=20240719&gameId=20240719NCKT0
2024-07-19,2024,NC,KT,away,0,6,수원,L,completed,20240719NCKT0,https://www.koreabaseball.com/Schedule/GameCenter/Main.aspx?gameDate=20240719&gameId=20240719NCKT0
2024-07-19,2024,LG,두산,home,16,7,잠실,W,completed,20240719OBLG0,https://www.koreabaseball.com/Schedule/GameCenter/Main.aspx?gameDate=20240719&gameId=20240719OBLG0
2024-07-19,2024,두산,LG,away,7,16,잠실,L,completed,20240719OBLG0,https://www.koreabaseball.com/Schedule/GameCenter/Main.aspx?gameDate=20240719&gameId=20240719OBLG0
2024-07-19,2024,SSG,키움,home,9,3,문학,W,completed,20240719WOSK0,https://www.koreabaseball.com/Schedule/GameCenter/Main.aspx?gameDate=20240719&gameId=20240719WOSK0
2024-07-19,2024,키움,SSG,away,3,9,문학,L,completed,20240719WOSK0,https://www.koreabaseball.com/Schedule/GameCenter/Main.aspx?gameDate=20240719&gameId=20240719WOSK0
2024-07-20,2024,KIA,한화,away,8,4,한밭,W,completed,20240720HTHH0,https://www.koreabaseball.com/Schedule/GameCenter/Main.aspx?gameDate=20240720&gameId=20240720HTHH0
2024-07-20,2024,한화,KIA,home,4,8,한밭,L,completed,20240720HTHH0,https://www.koreabaseball.com/Schedule/GameCenter/Main.aspx?gameDate=20240720&gameId=20240720HTHH0
2024-07-20,2024,롯데,삼성,away,4,21,대구,L,completed,20240720LTSS0,https://www.koreabaseball.com/Schedule/GameCenter/Main.aspx?gameDate=20240720&gameId=20240720LTSS0
2024-07-20,2024,삼성,롯데,home,21,4,대구,W,completed,20240720LTSS0,https://www.koreabaseball.com/Schedule/GameCenter/Main.aspx?gameDate=20240720&gameId=20240720LTSS0
2024-07-21,2024,KIA,한화,away,8,7,한밭,W,completed,20240721HTHH0,https://www.koreabaseball.com/Schedule/GameCenter/Main.aspx?gameDate=20240721&gameId=20240721HTHH0
2024-07-21,2024,한화,KIA,home,7,8,한밭,L,completed,20240721HTHH0,https://www.koreabaseball.com/Schedule/GameCenter/Main.aspx?gameDate=20240721&gameId=20240721HTHH0
2024-07-21,2024,롯데,삼성,away,5,6,대구,L,completed,20240721LTSS0,https://www.koreabaseball.com/Schedule/GameCenter/Main.aspx?gameDate=20240721&gameId=20240721LTSS0
2024-07-21,2024,삼성,롯데,home,6,5,대구,W,completed,20240721LTSS0,https://www.koreabaseball.com/Schedule/GameCenter/Main.aspx?gameDate=20240721&gameId=20240721LTSS0
2024-07-21,2024,KT,NC,home,2,8,수원,L,completed,20240721NCKT0,https://www.koreabaseball.com/Schedule/GameCenter/Main.aspx?gameDate=20240721&gameId=20240721NCKT0
2024-07-21,2024,NC,KT,away,8,2,수원,W,completed,20240721NCKT0,https://www.koreabaseball.com/Schedule/GameCenter/Main.aspx?gameDate=20240721&gameId=20240721NCKT0
2024-07-21,2024,LG,두산,home,6,3,잠실,W,completed,20240721OBLG0,https://www.koreabaseball.com/Schedule/GameCenter/Main.aspx?gameDate=20240721&gameId=20240721OBLG0
2024-07-21,2024,두산,LG,away,3,6,잠실,L,completed,20240721OBLG0,https://www.koreabaseball.com/Schedule/GameCenter/Main.aspx?gameDate=20240721&gameId=20240721OBLG0
2024-07-21,2024,SSG,키움,home,2,7,문학,L,completed,20240721WOSK0,https://www.koreabaseball.com/Schedule/GameCenter/Main.aspx?gameDate=20240721&gameId=20240721WOSK0
2024-07-21,2024,키움,SSG,away,7,2,문학,W,completed,20240721WOSK0,https://www.koreabaseball.com/Schedule/GameCenter/Main.aspx?gameDate=20240721&gameId=20240721WOSK0
2024-07-23,2024,LG,롯데,away,2,1,사직,W,completed,20240723LGLT0,https://www.koreabaseball.com/Schedule/GameCenter/Main.aspx?gameDate=20240723&gameId=20240723LGLT0
2024-07-23,2024,롯데,LG,home,1,2,사직,L,completed,20240723LGLT0,https://www.koreabaseball.com/Schedule/GameCenter/Main.aspx?gameDate=20240723&gameId=20240723LGLT0
2024-07-23,2024,KIA,NC,home,8,1,광주,W,completed,20240723NCHT0,https://www.koreabaseball.com/Schedule/GameCenter/Main.aspx?gameDate=20240723&gameId=20240723NCHT0
2024-07-23,2024,NC,KIA,away,1,8,광주,L,completed,20240723NCHT0,https://www.koreabaseball.com/Schedule/GameCenter/Main.aspx?gameDate=20240723&gameId=20240723NCHT0
2024-07-23,2024,삼성,한화,away,5,6,한밭,L,completed,20240723SSHH0,https://www.koreabaseball.com/Schedule/GameCenter/Main.aspx?gameDate=20240723&gameId=20240723SSHH0
2024-07-23,2024,한화,삼성,home,6,5,한밭,W,completed,20240723SSHH0,https://www.koreabaseball.com/Schedule/GameCenter/Main.aspx?gameDate=20240723&gameId=20240723SSHH0
2024-07-23,2024,두산,키움,home,6,3,잠실,W,completed,20240723WOOB0,https://www.koreabaseball.com/Schedule/GameCenter/Main.aspx?gameDate=20240723&gameId=20240723WOOB0
2024-07-23,2024,키움,두산,away,3,6,잠실,L,completed,20240723WOOB0,https://www.koreabaseball.com/Schedule/GameCenter/Main.aspx?gameDate=20240723&gameId=20240723WOOB0
2024-07-24,2024,KIA,NC,home,7,0,광주,W,completed,20240724NCHT0,https://www.koreabaseball.com/Schedule/GameCenter/Main.aspx?gameDate=20240724&gameId=20240724NCHT0
2024-07-24,2024,NC,KIA,away,0,7,광주,L,completed,20240724NCHT0,https://www.koreabaseball.com/Schedule/GameCenter/Main.aspx?gameDate=20240724&gameId=20240724NCHT0
2024-07-24,2024,KT,SSG,home,5,3,수원,W,completed,20240724SKKT0,https://www.koreabaseball.com/Schedule/GameCenter/Main.aspx?gameDate=20240724&gameId=20240724SKKT0
2024-07-24,2024,SSG,KT,away,3,5,수원,L,completed,20240724SKKT0,https://www.koreabaseball.com/Schedule/GameCenter/Main.aspx?gameDate=20240724&gameId=20240724SKKT0
2024-07-24,2024,삼성,한화,away,2,3,한밭,L,completed,20240724SSHH0,https://www.koreabaseball.com/Schedule/GameCenter/Main.aspx?gameDate=20240724&gameId=20240724SSHH0
2024-07-24,2024,한화,삼성,home,3,2,한밭,W,completed,20240724SSHH0,https://www.koreabaseball.com/Schedule/GameCenter/Main.aspx?gameDate=20240724&gameId=20240724SSHH0
2024-07-24,2024,두산,키움,home,7,4,잠실,W,completed,20240724WOOB0,https://www.koreabaseball.com/Schedule/GameCenter/Main.aspx?gameDate=20240724&gameId=20240724WOOB0
2024-07-24,2024,키움,두산,away,4,7,잠실,L,completed,20240724WOOB0,https://www.koreabaseball.com/Schedule/GameCenter/Main.aspx?gameDate=20240724&gameId=20240724WOOB0
2024-07-25,2024,LG,롯데,away,9,6,사직,W,completed,20240725LGLT0,https://www.koreabaseball.com/Schedule/GameCenter/Main.aspx?gameDate=20240725&gameId=20240725LGLT0
2024-07-25,2024,롯데,LG,home,6,9,사직,L,completed,20240725LGLT0,https://www.koreabaseball.com/Schedule/GameCenter/Main.aspx?gameDate=20240725&gameId=20240725LGLT0
2024-07-25,2024,KIA,NC,home,4,7,광주,L,completed,20240725NCHT0,https://www.koreabaseball.com/Schedule/GameCenter/Main.aspx?gameDate=20240725&gameId=20240725NCHT0
2024-07-25,2024,NC,KIA,away,7,4,광주,W,completed,20240725NCHT0,https://www.koreabaseball.com/Schedule/GameCenter/Main.aspx?gameDate=20240725&gameId=20240725NCHT0
2024-07-25,2024,KT,SSG,home,4,2,수원,W,completed,20240725SKKT0,https://www.koreabaseball.com/Schedule/GameCenter/Main.aspx?gameDate=20240725&gameId=20240725SKKT0
2024-07-25,2024,SSG,KT,away,2,4,수원,L,completed,20240725SKKT0,https://www.koreabaseball.com/Schedule/GameCenter/Main.aspx?gameDate=20240725&gameId=20240725SKKT0
2024-07-25,2024,두산,키움,home,1,6,잠실,L,completed,20240725WOOB0,https://www.koreabaseball.com/Schedule/GameCenter/Main.aspx?gameDate=20240725&gameId=20240725WOOB0
2024-07-25,2024,키움,두산,away,6,1,잠실,W,completed,20240725WOOB0,https://www.koreabaseball.com/Schedule/GameCenter/Main.aspx?gameDate=20240725&gameId=20240725WOOB0
2024-07-26,2024,KIA,키움,away,4,5,고척,L,completed,20240726HTWO0,https://www.koreabaseball.com/Schedule/GameCenter/Main.aspx?gameDate=20240726&gameId=20240726HTWO0
2024-07-26,2024,키움,KIA,home,5,4,고척,W,completed,20240726HTWO0,https://www.koreabaseball.com/Schedule/GameCenter/Main.aspx?gameDate=20240726&gameId=20240726HTWO0
2024-07-26,2024,KT,삼성,away,4,1,대구,W,completed,20240726KTSS0,https://www.koreabaseball.com/Schedule/GameCenter/Main.aspx?gameDate=20240726&gameId=20240726KTSS0
2024-07-26,2024,삼성,KT,home,1,4,대구,L,completed,20240726KTSS0,https://www.koreabaseball.com/Schedule/GameCenter/Main.aspx?gameDate=20240726&gameId=20240726KTSS0
2024-07-26,2024,NC,롯데,home,9,2,창원,W,completed,20240726LTNC0,https://www.koreabaseball.com/Schedule/GameCenter/Main.aspx?gameDate=20240726&gameId=20240726LTNC0
2024-07-26,2024,롯데,NC,away,2,9,창원,L,completed,20240726LTNC0,https://www.koreabaseball.com/Schedule/GameCenter/Main.aspx?gameDate=20240726&gameId=20240726LTNC0
2024-07-26,2024,SSG,두산,home,6,1,문학,W,completed,20240726OBSK0,https://www.koreabaseball.com/Schedule/GameCenter/Main.aspx?gameDate=20240726&gameId=20240726OBSK0
2024-07-26,2024,두산,SSG,away,1,6,문학,L,completed,20240726OBSK0,https://www.koreabaseball.com/Schedule/GameCenter/Main.aspx?gameDate=20240726&gameId=20240726OBSK0
2024-07-27,2024,KIA,키움,away,5,6,고척,L,completed,20240727HTWO0,https://www.koreabaseball.com/Schedule/GameCenter/Main.aspx?gameDate=20240727&gameId=20240727HTWO0
2024-07-27,2024,키움,KIA,home,6,5,고척,W,completed,20240727HTWO0,https://www.koreabaseball.com/Schedule/GameCenter/Main.aspx?gameDate=20240727&gameId=20240727HTWO0
2024-07-27,2024,KT,삼성,away,2,3,대구,L,completed,20240727KTSS0,https://www.koreabaseball.com/Schedule/GameCenter/Main.aspx?gameDate=20240727&gameId=20240727KTSS0
2024-07-27,2024,삼성,KT,home,3,2,대구,W,completed,20240727KTSS0,https://www.koreabaseball.com/Schedule/GameCenter/Main.aspx?gameDate=20240727&gameId=20240727KTSS0
2024-07-27,2024,NC,롯데,home,2,9,창원,L,completed,20240727LTNC0,https://www.koreabaseball.com/Schedule/GameCenter/Main.aspx?gameDate=20240727&gameId=20240727LTNC0
2024-07-27,2024,롯데,NC,away,9,2,창원,W,completed,20240727LTNC0,https://www.koreabaseball.com/Schedule/GameCenter/Main.aspx?gameDate=20240727&gameId=20240727LTNC0
2024-07-27,2024,SSG,두산,home,4,3,문학,W,completed,20240727OBSK0,https://www.koreabaseball.com/Schedule/GameCenter/Main.aspx?gameDate=20240727&gameId=20240727OBSK0
2024-07-27,2024,두산,SSG,away,3,4,문학,L,completed,20240727OBSK0,https://www.koreabaseball.com/Schedule/GameCenter/Main.aspx?gameDate=20240727&gameId=20240727OBSK0
2024-07-28,2024,LG,한화,home,6,9,잠실,L,completed,20240728HHLG0,https://www.koreabaseball.com/Schedule/GameCenter/Main.aspx?gameDate=20240728&gameId=20240728HHLG0
2024-07-28,2024,한화,LG,away,9,6,잠실,W,completed,20240728HHLG0,https://www.koreabaseball.com/Schedule/GameCenter/Main.aspx?gameDate=20240728&gameId=20240728HHLG0
2024-07-28,2024,KIA,키움,away,4,3,고척,W,completed,20240728HTWO0,https://www.koreabaseball.com/Schedule/GameCenter/Main.aspx?gameDate=20240728&gameId=20240728HTWO0
2024-07-28,2024,키움,KIA,home,3,4,고척,L,completed,20240728HTWO0,https://www.koreabaseball.com/Schedule/GameCenter/Main.aspx?gameDate=20240728&gameId=20240728HTWO0
2024-07-28,2024,KT,삼성,away,4,3,대구,W,completed,20240728KTSS0,https://www.koreabaseball.com/Schedule/GameCenter/Main.aspx?gameDate=20240728&gameId=20240728KTSS0
2024-07-28,2024,삼성,KT,home,3,4,대구,L,completed,20240728KTSS0,https://www.koreabaseball.com/Schedule/GameCenter/Main.aspx?gameDate=20240728&gameId=20240728KTSS0
2024-07-28,2024,NC,롯데,home,6,10,창원,L,completed,20240728LTNC0,https://www.koreabaseball.com/Schedule/GameCenter/Main.aspx?gameDate=20240728&gameId=20240728LTNC0
2024-07-28,2024,롯데,NC,away,10,6,창원,W,completed,20240728LTNC0,https://www.koreabaseball.com/Schedule/GameCenter/Main.aspx?gameDate=20240728&gameId=20240728LTNC0
2024-07-28,2024,SSG,두산,home,3,0,문학,W,completed,20240728OBSK0,https://www.koreabaseball.com/Schedule/GameCenter/Main.aspx?gameDate=20240728&gameId=20240728OBSK0
2024-07-28,2024,두산,SSG,away,0,3,문학,L,completed,20240728OBSK0,https://www.koreabaseball.com/Schedule/GameCenter/Main.aspx?gameDate=20240728&gameId=20240728OBSK0
2024-07-30,2024,KT,한화,home,4,6,수원,L,completed,20240730HHKT0,https://www.koreabaseball.com/Schedule/GameCenter/Main.aspx?gameDate=20240730&gameId=20240730HHKT0
2024-07-30,2024,한화,KT,away,6,4,수원,W,completed,20240730HHKT0,https://www.koreabaseball.com/Schedule/GameCenter/Main.aspx?gameDate=20240730&gameId=20240730HHKT0
2024-07-30,2024,SSG,롯데,home,11,5,문학,W,completed,20240730LTSK0,https://www.koreabaseball.com/Schedule/GameCenter/Main.aspx?gameDate=20240730&gameId=20240730LTSK0
2024-07-30,2024,롯데,SSG,away,5,11,문학,L,completed,20240730LTSK0,https://www.koreabaseball.com/Schedule/GameCenter/Main.aspx?gameDate=20240730&gameId=20240730LTSK0
2024-07-30,2024,NC,키움,away,2,6,고척,L,completed,20240730NCWO0,https://www.koreabaseball.com/Schedule/GameCenter/Main.aspx?gameDate=20240730&gameId=20240730NCWO0
2024-07-30,2024,키움,NC,home,6,2,고척,W,completed,20240730NCWO0,https://www.koreabaseball.com/Schedule/GameCenter/Main.aspx?gameDate=20240730&gameId=20240730NCWO0
2024-07-30,2024,KIA,두산,home,7,12,광주,L,completed,20240730OBHT0,https://www.koreabaseball.com/Schedule/GameCenter/Main.aspx?gameDate=20240730&gameId=20240730OBHT0
2024-07-30,2024,두산,KIA,away,12,7,광주,W,completed,20240730OBHT0,https://www.koreabaseball.com/Schedule/GameCenter/Main.aspx?gameDate=20240730&gameId=20240730OBHT0
2024-07-30,2024,LG,삼성,home,1,7,잠실,L,completed,20240730SSLG0,https://www.koreabaseball.com/Schedule/GameCenter/Main.aspx?gameDate=20240730&gameId=20240730SSLG0
2024-07-30,2024,삼성,LG,away,7,1,잠실,W,completed,20240730SSLG0,https://www.koreabaseball.com/Schedule/GameCenter/Main.aspx?gameDate=20240730&gameId=20240730SSLG0
2024-07-31,2024,KT,한화,home,7,18,수원,L,completed,20240731HHKT0,https://www.koreabaseball.com/Schedule/GameCenter/Main.aspx?gameDate=20240731&gameId=20240731HHKT0
2024-07-31,2024,한화,KT,away,18,7,수원,W,completed,20240731HHKT0,https://www.koreabaseball.com/Schedule/GameCenter/Main.aspx?gameDate=20240731&gameId=20240731HHKT0
2024-07-31,2024,SSG,롯데,home,12,11,문학,W,completed,20240731LTSK0,https://www.koreabaseball.com/Schedule/GameCenter/Main.aspx?gameDate=20240731&gameId=20240731LTSK0
2024-07-31,2024,롯데,SSG,away,11,12,문학,L,completed,20240731LTSK0,https://www.koreabaseball.com/Schedule/GameCenter/Main.aspx?gameDate=20240731&gameId=20240731LTSK0
2024-07-31,2024,NC,키움,away,9,0,고척,W,completed,20240731NCWO0,https://www.koreabaseball.com/Schedule/GameCenter/Main.aspx?gameDate=20240731&gameId=20240731NCWO0
2024-07-31,2024,키움,NC,home,0,9,고척,L,completed,20240731NCWO0,https://www.koreabaseball.com/Schedule/GameCenter/Main.aspx?gameDate=20240731&gameId=20240731NCWO0
2024-07-31,2024,KIA,두산,home,6,30,광주,L,completed,20240731OBHT0,https://www.koreabaseball.com/Schedule/GameCenter/Main.aspx?gameDate=20240731&gameId=20240731OBHT0
2024-07-31,2024,두산,KIA,away,30,6,광주,W,completed,20240731OBHT0,https://www.koreabaseball.com/Schedule/GameCenter/Main.aspx?gameDate=20240731&gameId=20240731OBHT0
2024-07-31,2024,LG,삼성,home,11,5,잠실,W,completed,20240731SSLG0,https://www.koreabaseball.com/Schedule/GameCenter/Main.aspx?gameDate=20240731&gameId=20240731SSLG0
2024-07-31,2024,삼성,LG,away,5,11,잠실,L,completed,20240731SSLG0,https://www.koreabaseball.com/Schedule/GameCenter/Main.aspx?gameDate=20240731&gameId=20240731SSLG0
2024-08-01,2024,KT,한화,home,8,14,수원,L,completed,20240801HHKT0,https://www.koreabaseball.com/Schedule/GameCenter/Main.aspx?gameDate=20240801&gameId=20240801HHKT0
2024-08-01,2024,한화,KT,away,14,8,수원,W,completed,20240801HHKT0,https://www.koreabaseball.com/Schedule/GameCenter/Main.aspx?gameDate=20240801&gameId=20240801HHKT0
2024-08-01,2024,SSG,롯데,home,2,4,문학,L,completed,20240801LTSK0,https://www.koreabaseball.com/Schedule/GameCenter/Main.aspx?gameDate=20240801&gameId=20240801LTSK0
2024-08-01,2024,롯데,SSG,away,4,2,문학,W,completed,20240801LTSK0,https://www.koreabaseball.com/Schedule/GameCenter/Main.aspx?gameDate=20240801&gameId=20240801LTSK0
2024-08-01,2024,NC,키움,away,9,14,고척,L,completed,20240801NCWO0,https://www.koreabaseball.com/Schedule/GameCenter/Main.aspx?gameDate=20240801&gameId=20240801NCWO0
2024-08-01,2024,키움,NC,home,14,9,고척,W,completed,20240801NCWO0,https://www.koreabaseball.com/Schedule/GameCenter/Main.aspx?gameDate=20240801&gameId=20240801NCWO0
2024-08-01,2024,KIA,두산,home,0,1,광주,L,completed,20240801OBHT0,https://www.koreabaseball.com/Schedule/GameCenter/Main.aspx?gameDate=20240801&gameId=20240801OBHT0
2024-08-01,2024,두산,KIA,away,1,0,광주,W,completed,20240801OBHT0,https://www.koreabaseball.com/Schedule/GameCenter/Main.aspx?gameDate=20240801&gameId=20240801OBHT0
2024-08-01,2024,LG,삼성,home,0,7,잠실,L,completed,20240801SSLG0,https://www.koreabaseball.com/Schedule/GameCenter/Main.aspx?gameDate=20240801&gameId=20240801SSLG0
2024-08-01,2024,삼성,LG,away,7,0,잠실,W,completed,20240801SSLG0,https://www.koreabaseball.com/Schedule/GameCenter/Main.aspx?gameDate=20240801&gameId=20240801SSLG0
2024-08-02,2024,KIA,한화,away,3,10,한밭,L,completed,20240802HTHH0,https://www.koreabaseball.com/Schedule/GameCenter/Main.aspx?gameDate=20240802&gameId=20240802HTHH0
2024-08-02,2024,한화,KIA,home,10,3,한밭,W,completed,20240802HTHH0,https://www.koreabaseball.com/Schedule/GameCenter/Main.aspx?gameDate=20240802&gameId=20240802HTHH0
2024-08-02,2024,KT,NC,away,9,7,창원,W,completed,20240802KTNC0,https://www.koreabaseball.com/Schedule/GameCenter/Main.aspx?gameDate=20240802&gameId=20240802KTNC0
2024-08-02,2024,NC,KT,home,7,9,창원,L,completed,20240802KTNC0,https://www.koreabaseball.com/Schedule/GameCenter/Main.aspx?gameDate=20240802&gameId=20240802KTNC0
2024-08-02,2024,SSG,삼성,away,3,4,대구,L,completed,20240802SKSS0,https://www.koreabaseball.com/Schedule/GameCenter/Main.aspx?gameDate=20240802&gameId=20240802SKSS0
2024-08-02,2024,삼성,SSG,home,4,3,대구,W,completed,20240802SKSS0,https://www.koreabaseball.com/Schedule/GameCenter/Main.aspx?gameDate=20240802&gameId=20240802SKSS0
2024-08-02,2024,두산,키움,home,4,6,잠실,L,completed,20240802WOOB0,https://www.koreabaseball.com/Schedule/GameCenter/Main.aspx?gameDate=20240802&gameId=20240802WOOB0
2024-08-02,2024,키움,두산,away,6,4,잠실,W,completed,20240802WOOB0,https://www.koreabaseball.com/Schedule/GameCenter/Main.aspx?gameDate=20240802&gameId=20240802WOOB0
2024-08-03,2024,KIA,한화,away,7,3,한밭,W,completed,20240803HTHH0,https://www.koreabaseball.com/Schedule/GameCenter/Main.aspx?gameDate=20240803&gameId=20240803HTHH0
2024-08-03,2024,한화,KIA,home,3,7,한밭,L,completed,20240803HTHH0,https://www.koreabaseball.com/Schedule/GameCenter/Main.aspx?gameDate=20240803&gameId=20240803HTHH0
2024-08-03,2024,LG,롯데,away,3,8,울산,L,completed,20240803LGLT0,https://www.koreabaseball.com/Schedule/GameCenter/Main.aspx?gameDate=20240803&gameId=20240803LGLT0
2024-08-03,2024,롯데,LG,home,8,3,울산,W,completed,20240803LGLT0,https://www.koreabaseball.com/Schedule/GameCenter/Main.aspx?gameDate=20240803&gameId=20240803LGLT0
2024-08-03,2024,SSG,삼성,away,4,12,대구,L,completed,20240803SKSS0,https://www.koreabaseball.com/Schedule/GameCenter/Main.aspx?gameDate=20240803&gameId=20240803SKSS0
2024-08-03,2024,삼성,SSG,home,12,4,대구,W,completed,20240803SKSS0,https://www.koreabaseball.com/Schedule/GameCenter/Main.aspx?gameDate=20240803&gameId=20240803SKSS0
2024-08-03,2024,두산,키움,home,5,15,잠실,L,completed,20240803WOOB0,https://www.koreabaseball.com/Schedule/GameCenter/Main.aspx?gameDate=20240803&gameId=20240803WOOB0
2024-08-03,2024,키움,두산,away,15,5,잠실,W,completed,20240803WOOB0,https://www.koreabaseball.com/Schedule/GameCenter/Main.aspx?gameDate=20240803&gameId=20240803WOOB0
2024-08-04,2024,KT,NC,away,5,15,창원,L,completed,20240804KTNC0,https://www.koreabaseball.com/Schedule/GameCenter/Main.aspx?gameDate=20240804&gameId=20240804KTNC0
2024-08-04,2024,NC,KT,home,15,5,창원,W,completed,20240804KTNC0,https://www.koreabaseball.com/Schedule/GameCenter/Main.aspx?gameDate=20240804&gameId=20240804KTNC0
2024-08-04,2024,SSG,삼성,away,3,8,대구,L,completed,20240804SKSS0,https://www.koreabaseball.com/Schedule/GameCenter/Main.aspx?gameDate=20240804&gameId=20240804SKSS0
2024-08-04,2024,삼성,SSG,home,8,3,대구,W,completed,20240804SKSS0,https://www.koreabaseball.com/Schedule/GameCenter/Main.aspx?gameDate=20240804&gameId=20240804SKSS0
2024-08-06,2024,삼성,한화,home,5,8,대구,L,completed,20240806HHSS0,https://www.koreabaseball.com/Schedule/GameCenter/Main.aspx?gameDate=20240806&gameId=20240806HHSS0
2024-08-06,2024,한화,삼성,away,8,5,대구,W,completed,20240806HHSS0,https://www.koreabaseball.com/Schedule/GameCenter/Main.aspx?gameDate=20240806&gameId=20240806HHSS0
2024-08-06,2024,KIA,KT,home,2,0,광주,W,completed,20240806KTHT0,https://www.koreabaseball.com/Schedule/GameCenter/Main.aspx?gameDate=20240806&gameId=20240806KTHT0
2024-08-06,2024,KT,KIA,away,0,2,광주,L,completed,20240806KTHT0,https://www.koreabaseball.com/Schedule/GameCenter/Main.aspx?gameDate=20240806&gameId=20240806KTHT0
2024-08-06,2024,LG,두산,away,6,7,잠실,L,completed,20240806LGOB0,https://www.koreabaseball.com/Schedule/GameCenter/Main.aspx?gameDate=20240806&gameId=20240806LGOB0
2024-08-06,2024,두산,LG,home,7,6,잠실,W,completed,20240806LGOB0,https://www.koreabaseball.com/Schedule/GameCenter/Main.aspx?gameDate=20240806&gameId=20240806LGOB0
2024-08-06,2024,NC,롯데,away,5,6,사직,L,completed,20240806NCLT0,https://www.koreabaseball.com/Schedule/GameCenter/Main.aspx?gameDate=20240806&gameId=20240806NCLT0
2024-08-06,2024,롯데,NC,home,6,5,사직,W,completed,20240806NCLT0,https://www.koreabaseball.com/Schedule/GameCenter/Main.aspx?gameDate=20240806&gameId=20240806NCLT0
2024-08-06,2024,SSG,키움,away,6,2,고척,W,completed,20240806SKWO0,https://www.koreabaseball.com/Schedule/GameCenter/Main.aspx?gameDate=20240806&gameId=20240806SKWO0
2024-08-06,2024,키움,SSG,home,2,6,고척,L,completed,20240806SKWO0,https://www.koreabaseball.com/Schedule/GameCenter/Main.aspx?gameDate=20240806&gameId=20240806SKWO0
2024-08-07,2024,삼성,한화,home,10,6,대구,W,completed,20240807HHSS0,https://www.koreabaseball.com/Schedule/GameCenter/Main.aspx?gameDate=20240807&gameId=20240807HHSS0
2024-08-07,2024,한화,삼성,away,6,10,대구,L,completed,20240807HHSS0,https://www.koreabaseball.com/Schedule/GameCenter/Main.aspx?gameDate=20240807&gameId=20240807HHSS0
2024-08-07,2024,KIA,KT,home,2,13,광주,L,completed,20240807KTHT0,https://www.koreabaseball.com/Schedule/GameCenter/Main.aspx?gameDate=20240807&gameId=20240807KTHT0
2024-08-07,2024,KT,KIA,away,13,2,광주,W,completed,20240807KTHT0,https://www.koreabaseball.com/Schedule/GameCenter/Main.aspx?gameDate=20240807&gameId=20240807KTHT0
2024-08-07,2024,LG,두산,away,4,8,잠실,L,completed,20240807LGOB0,https://www.koreabaseball.com/Schedule/GameCenter/Main.aspx?gameDate=20240807&gameId=20240807LGOB0
2024-08-07,2024,두산,LG,home,8,4,잠실,W,completed,20240807LGOB0,https://www.koreabaseball.com/Schedule/GameCenter/Main.aspx?gameDate=20240807&gameId=20240807LGOB0
2024-08-07,2024,NC,롯데,away,7,14,사직,L,completed,20240807NCLT0,https://www.koreabaseball.com/Schedule/GameCenter/Main.aspx?gameDate=20240807&gameId=20240807NCLT0
2024-08-07,2024,롯데,NC,home,14,7,사직,W,completed,20240807NCLT0,https://www.koreabaseball.com/Schedule/GameCenter/Main.aspx?gameDate=20240807&gameId=20240807NCLT0
2024-08-07,2024,SSG,키움,away,6,2,고척,W,completed,20240807SKWO0,https://www.koreabaseball.com/Schedule/GameCenter/Main.aspx?gameDate=20240807&gameId=20240807SKWO0
2024-08-07,2024,키움,SSG,home,2,6,고척,L,completed,20240807SKWO0,https://www.koreabaseball.com/Schedule/GameCenter/Main.aspx?gameDate=20240807&gameId=20240807SKWO0
2024-08-08,2024,삼성,한화,home,4,6,대구,L,completed,20240808HHSS0,https://www.koreabaseball.com/Schedule/GameCenter/Main.aspx?gameDate=20240808&gameId=20240808HHSS0
2024-08-08,2024,한화,삼성,away,6,4,대구,W,completed,20240808HHSS0,https://www.koreabaseball.com/Schedule/GameCenter/Main.aspx?gameDate=20240808&gameId=20240808HHSS0
2024-08-08,2024,KIA,KT,home,0,1,광주,L,completed,20240808KTHT0,https://www.koreabaseball.com/Schedule/GameCenter/Main.aspx?gameDate=20240808&gameId=20240808KTHT0
2024-08-08,2024,KT,KIA,away,1,0,광주,W,completed,20240808KTHT0,https://www.koreabaseball.com/Schedule/GameCenter/Main.aspx?gameDate=20240808&gameId=20240808KTHT0
2024-08-08,2024,LG,두산,away,10,3,잠실,W,completed,20240808LGOB0,https://www.koreabaseball.com/Schedule/GameCenter/Main.aspx?gameDate=20240808&gameId=20240808LGOB0
2024-08-08,2024,두산,LG,home,3,10,잠실,L,completed,20240808LGOB0,https://www.koreabaseball.com/Schedule/GameCenter/Main.aspx?gameDate=20240808&gameId=20240808LGOB0
2024-08-08,2024,SSG,키움,away,0,3,고척,L,completed,20240808SKWO0,https://www.koreabaseball.com/Schedule/GameCenter/Main.aspx?gameDate=20240808&gameId=20240808SKWO0
2024-08-08,2024,키움,SSG,home,3,0,고척,W,completed,20240808SKWO0,https://www.koreabaseball.com/Schedule/GameCenter/Main.aspx?gameDate=20240808&gameId=20240808SKWO0
2024-08-09,2024,KT,롯데,home,10,6,수원,W,completed,20240809LTKT0,https://www.koreabaseball.com/Schedule/GameCenter/Main.aspx?gameDate=20240809&gameId=20240809LTKT0
2024-08-09,2024,롯데,KT,away,6,10,수원,L,completed,20240809LTKT0,https://www.koreabaseball.com/Schedule/GameCenter/Main.aspx?gameDate=20240809&gameId=20240809LTKT0
2024-08-09,2024,LG,NC,home,10,9,잠실,W,completed,20240809NCLG0,https://www.koreabaseball.com/Schedule/GameCenter/Main.aspx?gameDate=20240809&gameId=20240809NCLG0
2024-08-09,2024,NC,LG,away,9,10,잠실,L,completed,20240809NCLG0,https://www.koreabaseball.com/Schedule/GameCenter/Main.aspx?gameDate=20240809&gameId=20240809NCLG0
2024-08-09,2024,SSG,두산,home,11,13,문학,L,completed,20240809OBSK0,https://www.koreabaseball.com/Schedule/GameCenter/Main.aspx?gameDate=20240809&gameId=20240809OBSK0
2024-08-09,2024,두산,SSG,away,13,11,문학,W,completed,20240809OBSK0,https://www.koreabaseball.com/Schedule/GameCenter/Main.aspx?gameDate=20240809&gameId=20240809OBSK0
2024-08-09,2024,KIA,삼성,home,9,8,광주,W,completed,20240809SSHT0,https://www.koreabaseball.com/Schedule/GameCenter/Main.aspx?gameDate=20240809&gameId=20240809SSHT0
2024-08-09,2024,삼성,KIA,away,8,9,광주,L,completed,20240809SSHT0,https://www.koreabaseball.com/Schedule/GameCenter/Main.aspx?gameDate=20240809&gameId=20240809SSHT0
2024-08-09,2024,키움,한화,away,5,7,한밭,L,completed,20240809WOHH0,https://www.koreabaseball.com/Schedule/GameCenter/Main.aspx?gameDate=20240809&gameId=20240809WOHH0
2024-08-09,2024,한화,키움,home,7,5,한밭,W,completed,20240809WOHH0,https://www.koreabaseball.com/Schedule/GameCenter/Main.aspx?gameDate=20240809&gameId=20240809WOHH0
2024-08-10,2024,KT,롯데,home,0,2,수원,L,completed,20240810LTKT0,https://www.koreabaseball.com/Schedule/GameCenter/Main.aspx?gameDate=20240810&gameId=20240810LTKT0
2024-08-10,2024,롯데,KT,away,2,0,수원,W,completed,20240810LTKT0,https://www.koreabaseball.com/Schedule/GameCenter/Main.aspx?gameDate=20240810&gameId=20240810LTKT0
2024-08-10,2024,LG,NC,home,9,3,잠실,W,completed,20240810NCLG0,https://www.koreabaseball.com/Schedule/GameCenter/Main.aspx?gameDate=20240810&gameId=20240810NCLG0
2024-08-10,2024,NC,LG,away,3,9,잠실,L,completed,20240810NCLG0,https://www.koreabaseball.com/Schedule/GameCenter/Main.aspx?gameDate=20240810&gameId=20240810NCLG0
2024-08-10,2024,SSG,두산,home,6,10,문학,L,completed,20240810OBSK0,https://www.koreabaseball.com/Schedule/GameCenter/Main.aspx?gameDate=20240810&gameId=20240810OBSK0
2024-08-10,2024,두산,SSG,away,10,6,문학,W,completed,20240810OBSK0,https://www.koreabaseball.com/Schedule/GameCenter/Main.aspx?gameDate=20240810&gameId=20240810OBSK0
2024-08-10,2024,키움,한화,away,3,1,한밭,W,completed,20240810WOHH0,https://www.koreabaseball.com/Schedule/GameCenter/Main.aspx?gameDate=20240810&gameId=20240810WOHH0
2024-08-10,2024,한화,키움,home,1,3,한밭,L,completed,20240810WOHH0,https://www.koreabaseball.com/Schedule/GameCenter/Main.aspx?gameDate=20240810&gameId=20240810WOHH0
2024-08-11,2024,KT,롯데,home,7,9,수원,L,completed,20240811LTKT0,https://www.koreabaseball.com/Schedule/GameCenter/Main.aspx?gameDate=20240811&gameId=20240811LTKT0
2024-08-11,2024,롯데,KT,away,9,7,수원,W,completed,20240811LTKT0,https://www.koreabaseball.com/Schedule/GameCenter/Main.aspx?gameDate=20240811&gameId=20240811LTKT0
2024-08-11,2024,LG,NC,home,4,3,잠실,W,completed,20240811NCLG0,https://www.koreabaseball.com/Schedule/GameCenter/Main.aspx?gameDate=20240811&gameId=20240811NCLG0
2024-08-11,2024,NC,LG,away,3,4,잠실,L,completed,20240811NCLG0,https://www.koreabaseball.com/Schedule/GameCenter/Main.aspx?gameDate=20240811&gameId=20240811NCLG0
2024-08-11,2024,SSG,두산,home,11,9,문학,W,completed,20240811OBSK0,https://www.koreabaseball.com/Schedule/GameCenter/Main.aspx?gameDate=20240811&gameId=20240811OBSK0
2024-08-11,2024,두산,SSG,away,9,11,문학,L,completed,20240811OBSK0,https://www.koreabaseball.com/Schedule/GameCenter/Main.aspx?gameDate=20240811&gameId=20240811OBSK0
2024-08-11,2024,KIA,삼성,home,4,5,광주,L,completed,20240811SSHT0,https://www.koreabaseball.com/Schedule/GameCenter/Main.aspx?gameDate=20240811&gameId=20240811SSHT0
2024-08-11,2024,삼성,KIA,away,5,4,광주,W,completed,20240811SSHT0,https://www.koreabaseball.com/Schedule/GameCenter/Main.aspx?gameDate=20240811&gameId=20240811SSHT0
2024-08-11,2024,키움,한화,away,7,3,한밭,W,completed,20240811WOHH0,https://www.koreabaseball.com/Schedule/GameCenter/Main.aspx?gameDate=20240811&gameId=20240811WOHH0
2024-08-11,2024,한화,키움,home,3,7,한밭,L,completed,20240811WOHH0,https://www.koreabaseball.com/Schedule/GameCenter/Main.aspx?gameDate=20240811&gameId=20240811WOHH0
2024-08-13,2024,KIA,키움,away,2,0,고척,W,completed,20240813HTWO0,https://www.koreabaseball.com/Schedule/GameCenter/Main.aspx?gameDate=20240813&gameId=20240813HTWO0
2024-08-13,2024,키움,KIA,home,0,2,고척,L,completed,20240813HTWO0,https://www.koreabaseball.com/Schedule/GameCenter/Main.aspx?gameDate=20240813&gameId=20240813HTWO0
2024-08-13,2024,KT,삼성,away,2,7,대구,L,completed,20240813KTSS0,https://www.koreabaseball.com/Schedule/GameCenter/Main.aspx?gameDate=20240813&gameId=20240813KTSS0
2024-08-13,2024,삼성,KT,home,7,2,대구,W,completed,20240813KTSS0,https://www.koreabaseball.com/Schedule/GameCenter/Main.aspx?gameDate=20240813&gameId=20240813KTSS0
2024-08-13,2024,LG,한화,away,3,2,한밭,W,completed,20240813LGHH0,https://www.koreabaseball.com/Schedule/GameCenter/Main.aspx?gameDate=20240813&gameId=20240813LGHH0
2024-08-13,2024,한화,LG,home,2,3,한밭,L,completed,20240813LGHH0,https://www.koreabaseball.com/Schedule/GameCenter/Main.aspx?gameDate=20240813&gameId=20240813LGHH0
2024-08-13,2024,NC,SSG,home,0,2,창원,L,completed,20240813SKNC0,https://www.koreabaseball.com/Schedule/GameCenter/Main.aspx?gameDate=20240813&gameId=20240813SKNC0
2024-08-13,2024,SSG,NC,away,2,0,창원,W,completed,20240813SKNC0,https://www.koreabaseball.com/Schedule/GameCenter/Main.aspx?gameDate=20240813&gameId=20240813SKNC0
2024-08-14,2024,KIA,키움,away,1,2,고척,L,completed,20240814HTWO0,https://www.koreabaseball.com/Schedule/GameCenter/Main.aspx?gameDate=20240814&gameId=20240814HTWO0
2024-08-14,2024,키움,KIA,home,2,1,고척,W,completed,20240814HTWO0,https://www.koreabaseball.com/Schedule/GameCenter/Main.aspx?gameDate=20240814&gameId=20240814HTWO0
2024-08-14,2024,KT,삼성,away,1,3,대구,L,completed,20240814KTSS0,https://www.koreabaseball.com/Schedule/GameCenter/Main.aspx?gameDate=20240814&gameId=20240814KTSS0
2024-08-14,2024,삼성,KT,home,3,1,대구,W,completed,20240814KTSS0,https://www.koreabaseball.com/Schedule/GameCenter/Main.aspx?gameDate=20240814&gameId=20240814KTSS0
2024-08-14,2024,LG,한화,away,5,9,한밭,L,completed,20240814LGHH0,https://www.koreabaseball.com/Schedule/GameCenter/Main.aspx?gameDate=20240814&gameId=20240814LGHH0
2024-08-14,2024,한화,LG,home,9,5,한밭,W,completed,20240814LGHH0,https://www.koreabaseball.com/Schedule/GameCenter/Main.aspx?gameDate=20240814&gameId=20240814LGHH0
2024-08-14,2024,두산,롯데,home,2,12,잠실,L,completed,20240814LTOB0,https://www.koreabaseball.com/Schedule/GameCenter/Main.aspx?gameDate=20240814&gameId=20240814LTOB0
2024-08-14,2024,롯데,두산,away,12,2,잠실,W,completed,20240814LTOB0,https://www.koreabaseball.com/Schedule/GameCenter/Main.aspx?gameDate=20240814&gameId=20240814LTOB0
2024-08-15,2024,KIA,키움,away,12,1,고척,W,completed,20240815HTWO0,https://www.koreabaseball.com/Schedule/GameCenter/Main.aspx?gameDate=20240815&gameId=20240815HTWO0
2024-08-15,2024,키움,KIA,home,1,12,고척,L,completed,20240815HTWO0,https://www.koreabaseball.com/Schedule/GameCenter/Main.aspx?gameDate=20240815&gameId=20240815HTWO0
2024-08-15,2024,KT,삼성,away,5,3,대구,W,completed,20240815KTSS0,https://www.koreabaseball.com/Schedule/GameCenter/Main.aspx?gameDate=20240815&gameId=20240815KTSS0
2024-08-15,2024,삼성,KT,home,3,5,대구,L,completed,20240815KTSS0,https://www.koreabaseball.com/Schedule/GameCenter/Main.aspx?gameDate=20240815&gameId=20240815KTSS0
2024-08-15,2024,LG,한화,away,17,3,한밭,W,completed,20240815LGHH0,https://www.koreabaseball.com/Schedule/GameCenter/Main.aspx?gameDate=20240815&gameId=20240815LGHH0
2024-08-15,2024,한화,LG,home,3,17,한밭,L,completed,20240815LGHH0,https://www.koreabaseball.com/Schedule/GameCenter/Main.aspx?gameDate=20240815&gameId=20240815LGHH0
2024-08-15,2024,두산,롯데,home,4,3,잠실,W,completed,20240815LTOB0,https://www.koreabaseball.com/Schedule/GameCenter/Main.aspx?gameDate=20240815&gameId=20240815LTOB0
2024-08-15,2024,롯데,두산,away,3,4,잠실,L,completed,20240815LTOB0,https://www.koreabaseball.com/Schedule/GameCenter/Main.aspx?gameDate=20240815&gameId=20240815LTOB0
2024-08-15,2024,NC,SSG,home,5,10,창원,L,completed,20240815SKNC0,https://www.koreabaseball.com/Schedule/GameCenter/Main.aspx?gameDate=20240815&gameId=20240815SKNC0
2024-08-15,2024,SSG,NC,away,10,5,창원,W,completed,20240815SKNC0,https://www.koreabaseball.com/Schedule/GameCenter/Main.aspx?gameDate=20240815&gameId=20240815SKNC0
2024-08-16,2024,SSG,한화,home,1,2,문학,L,completed,20240816HHSK0,https://www.koreabaseball.com/Schedule/GameCenter/Main.aspx?gameDate=20240816&gameId=20240816HHSK0
2024-08-16,2024,한화,SSG,away,2,1,문학,W,completed,20240816HHSK0,https://www.koreabaseball.com/Schedule/GameCenter/Main.aspx?gameDate=20240816&gameId=20240816HHSK0
2024-08-16,2024,KIA,LG,away,3,2,잠실,W,completed,20240816HTLG0,https://www.koreabaseball.com/Schedule/GameCenter/Main.aspx?gameDate=20240816&gameId=20240816HTLG0
2024-08-16,2024,LG,KIA,home,2,3,잠실,L,completed,20240816HTLG0,https://www.koreabaseball.com/Schedule/GameCenter/Main.aspx?gameDate=20240816&gameId=20240816HTLG0
2024-08-16,2024,KT,두산,home,0,5,수원,L,completed,20240816OBKT0,https://www.koreabaseball.com/Schedule/GameCenter/Main.aspx?gameDate=20240816&gameId=20240816OBKT0
2024-08-16,2024,두산,KT,away,5,0,수원,W,completed,20240816OBKT0,https://www.koreabaseball.com/Schedule/GameCenter/Main.aspx?gameDate=20240816&gameId=20240816OBKT0
2024-08-16,2024,NC,삼성,home,3,7,창원,L,completed,20240816SSNC0,https://www.koreabaseball.com/Schedule/GameCenter/Main.aspx?gameDate=20240816&gameId=20240816SSNC0
2024-08-16,2024,삼성,NC,away,7,3,창원,W,completed,20240816SSNC0,https://www.koreabaseball.com/Schedule/GameCenter/Main.aspx?gameDate=20240816&gameId=20240816SSNC0
2024-08-16,2024,롯데,키움,home,4,0,사직,W,completed,20240816WOLT0,https://www.koreabaseball.com/Schedule/GameCenter/Main.aspx?gameDate=20240816&gameId=20240816WOLT0
2024-08-16,2024,키움,롯데,away,0,4,사직,L,completed,20240816WOLT0,https://www.koreabaseball.com/Schedule/GameCenter/Main.aspx?gameDate=20240816&gameId=20240816WOLT0
2024-08-17,2024,SSG,한화,home,5,8,문학,L,completed,20240817HHSK0,https://www.koreabaseball.com/Schedule/GameCenter/Main.aspx?gameDate=20240817&gameId=20240817HHSK0
2024-08-17,2024,한화,SSG,away,8,5,문학,W,completed,20240817HHSK0,https://www.koreabaseball.com/Schedule/GameCenter/Main.aspx?gameDate=20240817&gameId=20240817HHSK0
2024-08-17,2024,KIA,LG,away,14,4,잠실,W,completed,20240817HTLG0,https://www.koreabaseball.com/Schedule/GameCenter/Main.aspx?gameDate=20240817&gameId=20240817HTLG0
2024-08-17,2024,LG,KIA,home,4,14,잠실,L,completed,20240817HTLG0,https://www.koreabaseball.com/Schedule/GameCenter/Main.aspx?gameDate=20240817&gameId=20240817HTLG0
2024-08-17,2024,KT,두산,home,2,3,수원,L,completed,20240817OBKT0,https://www.koreabaseball.com/Schedule/GameCenter/Main.aspx?gameDate=20240817&gameId=20240817OBKT0
2024-08-17,2024,두산,KT,away,3,2,수원,W,completed,20240817OBKT0,https://www.koreabaseball.com/Schedule/GameCenter/Main.aspx?gameDate=20240817&gameId=20240817OBKT0
2024-08-17,2024,NC,삼성,home,4,5,창원,L,completed,20240817SSNC0,https://www.koreabaseball.com/Schedule/GameCenter/Main.aspx?gameDate=20240817&gameId=20240817SSNC0
2024-08-17,2024,삼성,NC,away,5,4,창원,W,completed,20240817SSNC0,https://www.koreabaseball.com/Schedule/GameCenter/Main.aspx?gameDate=20240817&gameId=20240817SSNC0
2024-08-17,2024,롯데,키움,home,7,8,사직,L,completed,20240817WOLT0,https://www.koreabaseball.com/Schedule/GameCenter/Main.aspx?gameDate=20240817&gameId=20240817WOLT0
2024-08-17,2024,키움,롯데,away,8,7,사직,W,completed,20240817WOLT0,https://www.koreabaseball.com/Schedule/GameCenter/Main.aspx?gameDate=20240817&gameId=20240817WOLT0
2024-08-18,2024,SSG,한화,home,1,7,문학,L,completed,20240818HHSK0,https://www.koreabaseball.com/Schedule/GameCenter/Main.aspx?gameDate=20240818&gameId=20240818HHSK0
2024-08-18,2024,한화,SSG,away,7,1,문학,W,completed,20240818HHSK0,https://www.koreabaseball.com/Schedule/GameCenter/Main.aspx?gameDate=20240818&gameId=20240818HHSK0
2024-08-18,2024,KIA,LG,away,4,0,잠실,W,completed,20240818HTLG0,https://www.koreabaseball.com/Schedule/GameCenter/Main.aspx?gameDate=20240818&gameId=20240818HTLG0
2024-08-18,2024,LG,KIA,home,0,4,잠실,L,completed,20240818HTLG0,https://www.koreabaseball.com/Schedule/GameCenter/Main.aspx?gameDate=20240818&gameId=20240818HTLG0
2024-08-18,2024,KT,두산,home,5,4,수원,W,completed,20240818OBKT0,https://www.koreabaseball.com/Schedule/GameCenter/Main.aspx?gameDate=20240818&gameId=20240818OBKT0
2024-08-18,2024,두산,KT,away,4,5,수원,L,completed,20240818OBKT0,https://www.koreabaseball.com/Schedule/GameCenter/Main.aspx?gameDate=20240818&gameId=20240818OBKT0
2024-08-18,2024,NC,삼성,home,3,5,창원,L,completed,20240818SSNC0,https://www.koreabaseball.com/Schedule/GameCenter/Main.aspx?gameDate=20240818&gameId=20240818SSNC0
2024-08-18,2024,삼성,NC,away,5,3,창원,W,completed,20240818SSNC0,https://www.koreabaseball.com/Schedule/GameCenter/Main.aspx?gameDate=20240818&gameId=20240818SSNC0
2024-08-18,2024,롯데,키움,home,5,4,사직,W,completed,20240818WOLT0,https://www.koreabaseball.com/Schedule/GameCenter/Main.aspx?gameDate=20240818&gameId=20240818WOLT0
2024-08-18,2024,키움,롯데,away,4,5,사직,L,completed,20240818WOLT0,https://www.koreabaseball.com/Schedule/GameCenter/Main.aspx?gameDate=20240818&gameId=20240818WOLT0
2024-08-20,2024,NC,한화,away,2,3,청주,L,completed,20240820NCHH0,https://www.koreabaseball.com/Schedule/GameCenter/Main.aspx?gameDate=20240820&gameId=20240820NCHH0
2024-08-20,2024,한화,NC,home,3,2,청주,W,completed,20240820NCHH0,https://www.koreabaseball.com/Schedule/GameCenter/Main.aspx?gameDate=20240820&gameId=20240820NCHH0
2024-08-20,2024,두산,삼성,away,0,3,포항,L,completed,20240820OBSS0,https://www.koreabaseball.com/Schedule/GameCenter/Main.aspx?gameDate=20240820&gameId=20240820OBSS0
2024-08-20,2024,삼성,두산,home,3,0,포항,W,completed,20240820OBSS0,https://www.koreabaseball.com/Schedule/GameCenter/Main.aspx?gameDate=20240820&gameId=20240820OBSS0
2024-08-20,2024,LG,SSG,home,4,3,잠실,W,completed,20240820SKLG0,https://www.koreabaseball.com/Schedule/GameCenter/Main.aspx?gameDate=20240820&gameId=20240820SKLG0
2024-08-20,2024,SSG,LG,away,3,4,잠실,L,completed,20240820SKLG0,https://www.koreabaseball.com/Schedule/GameCenter/Main.aspx?gameDate=20240820&gameId=20240820SKLG0
2024-08-20,2024,KT,키움,home,2,3,수원,L,completed,20240820WOKT0,https://www.koreabaseball.com/Schedule/GameCenter/Main.aspx?gameDate=20240820&gameId=20240820WOKT0
2024-08-20,2024,키움,KT,away,3,2,수원,W,completed,20240820WOKT0,https://www.koreabaseball.com/Schedule/GameCenter/Main.aspx?gameDate=20240820&gameId=20240820WOKT0
2024-08-21,2024,KIA,롯데,home,6,5,광주,W,completed,20240821LTHT0,https://www.koreabaseball.com/Schedule/GameCenter/Main.aspx?gameDate=20240821&gameId=20240821LTHT0
2024-08-21,2024,롯데,KIA,away,5,6,광주,L,completed,20240821LTHT0,https://www.koreabaseball.com/Schedule/GameCenter/Main.aspx?gameDate=20240821&gameId=20240821LTHT0
2024-08-21,2024,NC,한화,away,8,2,청주,W,completed,20240821NCHH0,https://www.koreabaseball.com/Schedule/GameCenter/Main.aspx?gameDate=20240821&gameId=20240821NCHH0
2024-08-21,2024,한화,NC,home,2,8,청주,L,completed,20240821NCHH0,https://www.koreabaseball.com/Schedule/GameCenter/Main.aspx?gameDate=20240821&gameId=20240821NCHH0
2024-08-21,2024,두산,삼성,away,5,2,포항,W,completed,20240821OBSS0,https://www.koreabaseball.com/Schedule/GameCenter/Main.aspx?gameDate=20240821&gameId=20240821OBSS0
2024-08-21,2024,삼성,두산,home,2,5,포항,L,completed,20240821OBSS0,https://www.koreabaseball.com/Schedule/GameCenter/Main.aspx?gameDate=20240821&gameId=20240821OBSS0
2024-08-21,2024,LG,SSG,home,1,5,잠실,L,completed,20240821SKLG0,https://www.koreabaseball.com/Schedule/GameCenter/Main.aspx?gameDate=20240821&gameId=20240821SKLG0
2024-08-21,2024,SSG,LG,away,5,1,잠실,W,completed,20240821SKLG0,https://www.koreabaseball.com/Schedule/GameCenter/Main.aspx?gameDate=20240821&gameId=20240821SKLG0
2024-08-21,2024,KT,키움,home,5,0,수원,W,completed,20240821WOKT0,https://www.koreabaseball.com/Schedule/GameCenter/Main.aspx?gameDate=20240821&gameId=20240821WOKT0
2024-08-21,2024,키움,KT,away,0,5,수원,L,completed,20240821WOKT0,https://www.koreabaseball.com/Schedule/GameCenter/Main.aspx?gameDate=20240821&gameId=20240821WOKT0
2024-08-22,2024,KIA,롯데,home,6,4,광주,W,completed,20240822LTHT0,https://www.koreabaseball.com/Schedule/GameCenter/Main.aspx?gameDate=20240822&gameId=20240822LTHT0
2024-08-22,2024,롯데,KIA,away,4,6,광주,L,completed,20240822LTHT0,https://www.koreabaseball.com/Schedule/GameCenter/Main.aspx?gameDate=20240822&gameId=20240822LTHT0
2024-08-22,2024,LG,SSG,home,13,3,잠실,W,completed,20240822SKLG0,https://www.koreabaseball.com/Schedule/GameCenter/Main.aspx?gameDate=20240822&gameId=20240822SKLG0
2024-08-22,2024,SSG,LG,away,3,13,잠실,L,completed,20240822SKLG0,https://www.koreabaseball.com/Schedule/GameCenter/Main.aspx?gameDate=20240822&gameId=20240822SKLG0
2024-08-22,2024,KT,키움,home,3,2,수원,W,completed,20240822WOKT0,https://www.koreabaseball.com/Schedule/GameCenter/Main.aspx?gameDate=20240822&gameId=20240822WOKT0
2024-08-22,2024,키움,KT,away,2,3,수원,L,completed,20240822WOKT0,https://www.koreabaseball.com/Schedule/GameCenter/Main.aspx?gameDate=20240822&gameId=20240822WOKT0
2024-08-23,2024,두산,한화,home,4,7,잠실,L,completed,20240823HHOB0,https://www.koreabaseball.com/Schedule/GameCenter/Main.aspx?gameDate=20240823&gameId=20240823HHOB0
2024-08-23,2024,한화,두산,away,7,4,잠실,W,completed,20240823HHOB0,https://www.koreabaseball.com/Schedule/GameCenter/Main.aspx?gameDate=20240823&gameId=20240823HHOB0
2024-08-23,2024,KIA,NC,away,4,17,창원,L,completed,20240823HTNC0,https://www.koreabaseball.com/Schedule/GameCenter/Main.aspx?gameDate=20240823&gameId=20240823HTNC0
2024-08-23,2024,NC,KIA,home,17,4,창원,W,completed,20240823HTNC0,https://www.koreabaseball.com/Schedule/GameCenter/Main.aspx?gameDate=20240823&gameId=20240823HTNC0
2024-08-23,2024,KT,SSG,away,11,6,문학,W,completed,20240823KTSK0,https://www.koreabaseball.com/Schedule/GameCenter/Main.aspx?gameDate=20240823&gameId=20240823KTSK0
2024-08-23,2024,SSG,KT,home,6,11,문학,L,completed,20240823KTSK0,https://www.koreabaseball.com/Schedule/GameCenter/Main.aspx?gameDate=20240823&gameId=20240823KTSK0
2024-08-23,2024,LG,키움,away,3,9,고척,L,completed,20240823LGWO0,https://www.koreabaseball.com/Schedule/GameCenter/Main.aspx?gameDate=20240823&gameId=20240823LGWO0
2024-08-23,2024,키움,LG,home,9,3,고척,W,completed,20240823LGWO0,https://www.koreabaseball.com/Schedule/GameCenter/Main.aspx?gameDate=20240823&gameId=20240823LGWO0
2024-08-23,2024,롯데,삼성,away,3,5,대구,L,completed,20240823LTSS0,https://www.koreabaseball.com/Schedule/GameCenter/Main.aspx?gameDate=20240823&gameId=20240823LTSS0
2024-08-23,2024,삼성,롯데,home,5,3,대구,W,completed,20240823LTSS0,https://www.koreabaseball.com/Schedule/GameCenter/Main.aspx?gameDate=20240823&gameId=20240823LTSS0
2024-08-24,2024,두산,한화,home,6,7,잠실,L,completed,20240824HHOB0,https://www.koreabaseball.com/Schedule/GameCenter/Main.aspx?gameDate=20240824&gameId=20240824HHOB0
2024-08-24,2024,한화,두산,away,7,6,잠실,W,completed,20240824HHOB0,https://www.koreabaseball.com/Schedule/GameCenter/Main.aspx?gameDate=20240824&gameId=20240824HHOB0
2024-08-24,2024,KIA,NC,away,2,0,창원,W,completed,20240824HTNC0,https://www.koreabaseball.com/Schedule/GameCenter/Main.aspx?gameDate=20240824&gameId=20240824HTNC0
2024-08-24,2024,NC,KIA,home,0,2,창원,L,completed,20240824HTNC0,https://www.koreabaseball.com/Schedule/GameCenter/Main.aspx?gameDate=20240824&gameId=20240824HTNC0
2024-08-24,2024,KT,SSG,away,9,3,문학,W,completed,20240824KTSK0,https://www.koreabaseball.com/Schedule/GameCenter/Main.aspx?gameDate=20240824&gameId=20240824KTSK0
2024-08-24,2024,SSG,KT,home,3,9,문학,L,completed,20240824KTSK0,https://www.koreabaseball.com/Schedule/GameCenter/Main.aspx?gameDate=20240824&gameId=20240824KTSK0
2024-08-24,2024,LG,키움,away,7,0,고척,W,completed,20240824LGWO0,https://www.koreabaseball.com/Schedule/GameCenter/Main.aspx?gameDate=20240824&gameId=20240824LGWO0
2024-08-24,2024,키움,LG,home,0,7,고척,L,completed,20240824LGWO0,https://www.koreabaseball.com/Schedule/GameCenter/Main.aspx?gameDate=20240824&gameId=20240824LGWO0
2024-08-24,2024,롯데,삼성,away,11,3,대구,W,completed,20240824LTSS0,https://www.koreabaseball.com/Schedule/GameCenter/Main.aspx?gameDate=20240824&gameId=20240824LTSS0
2024-08-24,2024,삼성,롯데,home,3,11,대구,L,completed,20240824LTSS0,https://www.koreabaseball.com/Schedule/GameCenter/Main.aspx?gameDate=20240824&gameId=20240824LTSS0
2024-08-25,2024,두산,한화,home,1,3,잠실,L,completed,20240825HHOB0,https://www.koreabaseball.com/Schedule/GameCenter/Main.aspx?gameDate=20240825&gameId=20240825HHOB0
2024-08-25,2024,한화,두산,away,3,1,잠실,W,completed,20240825HHOB0,https://www.koreabaseball.com/Schedule/GameCenter/Main.aspx?gameDate=20240825&gameId=20240825HHOB0
2024-08-25,2024,KIA,NC,away,2,8,창원,L,completed,20240825HTNC0,https://www.koreabaseball.com/Schedule/GameCenter/Main.aspx?gameDate=20240825&gameId=20240825HTNC0
2024-08-25,2024,NC,KIA,home,8,2,창원,W,completed,20240825HTNC0,https://www.koreabaseball.com/Schedule/GameCenter/Main.aspx?gameDate=20240825&gameId=20240825HTNC0
2024-08-25,2024,KT,SSG,away,3,4,문학,L,completed,20240825KTSK0,https://www.koreabaseball.com/Schedule/GameCenter/Main.aspx?gameDate=20240825&gameId=20240825KTSK0
2024-08-25,2024,SSG,KT,home,4,3,문학,W,completed,20240825KTSK0,https://www.koreabaseball.com/Schedule/GameCenter/Main.aspx?gameDate=20240825&gameId=20240825KTSK0
2024-08-25,2024,LG,키움,away,4,6,고척,L,completed,20240825LGWO0,https://www.koreabaseball.com/Schedule/GameCenter/Main.aspx?gameDate=20240825&gameId=20240825LGWO0
2024-08-25,2024,키움,LG,home,6,4,고척,W,completed,20240825LGWO0,https://www.koreabaseball.com/Schedule/GameCenter/Main.aspx?gameDate=20240825&gameId=20240825LGWO0
2024-08-25,2024,롯데,삼성,away,5,10,대구,L,completed,20240825LTSS0,https://www.koreabaseball.com/Schedule/GameCenter/Main.aspx?gameDate=20240825&gameId=20240825LTSS0
2024-08-25,2024,삼성,롯데,home,10,5,대구,W,completed,20240825LTSS0,https://www.koreabaseball.com/Schedule/GameCenter/Main.aspx?gameDate=20240825&gameId=20240825LTSS0
2024-08-27,2024,롯데,한화,home,3,1,사직,W,completed,20240827HHLT0,https://www.koreabaseball.com/Schedule/GameCenter/Main.aspx?gameDate=20240827&gameId=20240827HHLT0
2024-08-27,2024,한화,롯데,away,1,3,사직,L,completed,20240827HHLT0,https://www.koreabaseball.com/Schedule/GameCenter/Main.aspx?gameDate=20240827&gameId=20240827HHLT0
2024-08-27,2024,KT,LG,away,1,6,잠실,L,completed,20240827KTLG0,https://www.koreabaseball.com/Schedule/GameCenter/Main.aspx?gameDate=20240827&gameId=20240827KTLG0
2024-08-27,2024,LG,KT,home,6,1,잠실,W,completed,20240827KTLG0,https://www.koreabaseball.com/Schedule/GameCenter/Main.aspx?gameDate=20240827&gameId=20240827KTLG0
2024-08-27,2024,NC,두산,home,7,13,창원,L,completed,20240827OBNC0,https://www.koreabaseball.com/Schedule/GameCenter/Main.aspx?gameDate=20240827&gameId=20240827OBNC0
2024-08-27,2024,두산,NC,away,13,7,창원,W,completed,20240827OBNC0,https://www.koreabaseball.com/Schedule/GameCenter/Main.aspx?gameDate=20240827&gameId=20240827OBNC0
2024-08-27,2024,KIA,SSG,home,10,4,광주,W,completed,20240827SKHT0,https://www.koreabaseball.com/Schedule/GameCenter/Main.aspx?gameDate=20240827&gameId=20240827SKHT0
2024-08-27,2024,SSG,KIA,away,4,10,광주,L,completed,20240827SKHT0,https://www.koreabaseball.com/Schedule/GameCenter/Main.aspx?gameDate=20240827&gameId=20240827SKHT0
2024-08-27,2024,삼성,키움,away,1,0,고척,W,completed,20240827SSWO0,https://www.koreabaseball.com/Schedule/GameCenter/Main.aspx?gameDate=20240827&gameId=20240827SSWO0
2024-08-27,2024,키움,삼성,home,0,1,고척,L,completed,20240827SSWO0,https://www.koreabaseball.com/Schedule/GameCenter/Main.aspx?gameDate=20240827&gameId=20240827SSWO0
2024-08-28,2024,롯데,한화,home,0,7,사직,L,completed,20240828HHLT0,https://www.koreabaseball.com/Schedule/GameCenter/Main.aspx?gameDate=20240828&gameId=20240828HHLT0
2024-08-28,2024,한화,롯데,away,7,0,사직,W,completed,20240828HHLT0,https://www.koreabaseball.com/Schedule/GameCenter/Main.aspx?gameDate=20240828&gameId=20240828HHLT0
2024-08-28,2024,KT,LG,away,8,4,잠실,W,completed,20240828KTLG0,https://www.koreabaseball.com/Schedule/GameCenter/Main.aspx?gameDate=20240828&gameId=20240828KTLG0
2024-08-28,2024,LG,KT,home,4,8,잠실,L,completed,20240828KTLG0,https://www.koreabaseball.com/Schedule/GameCenter/Main.aspx?gameDate=20240828&gameId=20240828KTLG0
2024-08-28,2024,NC,두산,home,1,8,창원,L,completed,20240828OBNC0,https://www.koreabaseball.com/Schedule/GameCenter/Main.aspx?gameDate=20240828&gameId=20240828OBNC0
2024-08-28,2024,두산,NC,away,8,1,창원,W,completed,20240828OBNC0,https://www.koreabaseball.com/Schedule/GameCenter/Main.aspx?gameDate=20240828&gameId=20240828OBNC0
2024-08-28,2024,KIA,SSG,home,7,6,광주,W,completed,20240828SKHT0,https://www.koreabaseball.com/Schedule/GameCenter/Main.aspx?gameDate=20240828&gameId=20240828SKHT0
2024-08-28,2024,SSG,KIA,away,6,7,광주,L,completed,20240828SKHT0,https://www.koreabaseball.com/Schedule/GameCenter/Main.aspx?gameDate=20240828&gameId=20240828SKHT0
2024-08-28,2024,삼성,키움,away,9,5,고척,W,completed,20240828SSWO0,https://www.koreabaseball.com/Schedule/GameCenter/Main.aspx?gameDate=20240828&gameId=20240828SSWO0
2024-08-28,2024,키움,삼성,home,5,9,고척,L,completed,20240828SSWO0,https://www.koreabaseball.com/Schedule/GameCenter/Main.aspx?gameDate=20240828&gameId=20240828SSWO0
2024-08-29,2024,롯데,한화,home,14,11,사직,W,completed,20240829HHLT0,https://www.koreabaseball.com/Schedule/GameCenter/Main.aspx?gameDate=20240829&gameId=20240829HHLT0
2024-08-29,2024,한화,롯데,away,11,14,사직,L,completed,20240829HHLT0,https://www.koreabaseball.com/Schedule/GameCenter/Main.aspx?gameDate=20240829&gameId=20240829HHLT0
2024-08-29,2024,KT,LG,away,8,7,잠실,W,completed,20240829KTLG0,https://www.koreabaseball.com/Schedule/GameCenter/Main.aspx?gameDate=20240829&gameId=20240829KTLG0
2024-08-29,2024,LG,KT,home,7,8,잠실,L,completed,20240829KTLG0,https://www.koreabaseball.com/Schedule/GameCenter/Main.aspx?gameDate=20240829&gameId=20240829KTLG0
2024-08-29,2024,NC,두산,home,10,2,창원,W,completed,20240829OBNC0,https://www.koreabaseball.com/Schedule/GameCenter/Main.aspx?gameDate=20240829&gameId=20240829OBNC0
2024-08-29,2024,두산,NC,away,2,10,창원,L,completed,20240829OBNC0,https://www.koreabaseball.com/Schedule/GameCenter/Main.aspx?gameDate=20240829&gameId=20240829OBNC0
2024-08-29,2024,KIA,SSG,home,4,10,광주,L,completed,20240829SKHT0,https://www.koreabaseball.com/Schedule/GameCenter/Main.aspx?gameDate=20240829&gameId=20240829SKHT0
2024-08-29,2024,SSG,KIA,away,10,4,광주,W,completed,20240829SKHT0,https://www.koreabaseball.com/Schedule/GameCenter/Main.aspx?gameDate=20240829&gameId=20240829SKHT0
2024-08-29,2024,삼성,키움,away,1,0,고척,W,completed,20240829SSWO0,https://www.koreabaseball.com/Schedule/GameCenter/Main.aspx?gameDate=20240829&gameId=20240829SSWO0
2024-08-29,2024,키움,삼성,home,0,1,고척,L,completed,20240829SSWO0,https://www.koreabaseball.com/Schedule/GameCenter/Main.aspx?gameDate=20240829&gameId=20240829SSWO0
2024-08-30,2024,KT,LG,home,7,11,수원,L,completed,20240830LGKT0,https://www.koreabaseball.com/Schedule/GameCenter/Main.aspx?gameDate=20240830&gameId=20240830LGKT0
2024-08-30,2024,LG,KT,away,11,7,수원,W,completed,20240830LGKT0,https://www.koreabaseball.com/Schedule/GameCenter/Main.aspx?gameDate=20240830&gameId=20240830LGKT0
2024-08-30,2024,롯데,키움,away,8,2,고척,W,completed,20240830LTWO0,https://www.koreabaseball.com/Schedule/GameCenter/Main.aspx?gameDate=20240830&gameId=20240830LTWO0
2024-08-30,2024,키움,롯데,home,2,8,고척,L,completed,20240830LTWO0,https://www.koreabaseball.com/Schedule/GameCenter/Main.aspx?gameDate=20240830&gameId=20240830LTWO0
2024-08-31,2024,KIA,삼성,away,15,13,대구,W,completed,20240831HTSS0,https://www.koreabaseball.com/Schedule/GameCenter/Main.aspx?gameDate=20240831&gameId=20240831HTSS0
2024-08-31,2024,삼성,KIA,home,13,15,대구,L,completed,20240831HTSS0,https://www.koreabaseball.com/Schedule/GameCenter/Main.aspx?gameDate=20240831&gameId=20240831HTSS0
2024-08-31,2024,KT,한화,away,6,2,한밭,W,completed,20240831KTHH0,https://www.koreabaseball.com/Schedule/GameCenter/Main.aspx?gameDate=20240831&gameId=20240831KTHH0
2024-08-31,2024,한화,KT,home,2,6,한밭,L,completed,20240831KTHH0,https://www.koreabaseball.com/Schedule/GameCenter/Main.aspx?gameDate=20240831&gameId=20240831KTHH0
2024-08-31,2024,두산,롯데,home,4,7,잠실,L,completed,20240831LTOB0,https://www.koreabaseball.com/Schedule/GameCenter/Main.aspx?gameDate=20240831&gameId=20240831LTOB0
2024-08-31,2024,롯데,두산,away,7,4,잠실,W,completed,20240831LTOB0,https://www.koreabaseball.com/Schedule/GameCenter/Main.aspx?gameDate=20240831&gameId=20240831LTOB0
2024-08-31,2024,NC,SSG,away,7,2,문학,W,completed,20240831NCSK0,https://www.koreabaseball.com/Schedule/GameCenter/Main.aspx?gameDate=20240831&gameId=20240831NCSK0
2024-08-31,2024,SSG,NC,home,2,7,문학,L,completed,20240831NCSK0,https://www.koreabaseball.com/Schedule/GameCenter/Main.aspx?gameDate=20240831&gameId=20240831NCSK0
2024-09-01,2024,KIA,삼성,away,6,5,대구,W,completed,20240901HTSS0,https://www.koreabaseball.com/Schedule/GameCenter/Main.aspx?gameDate=20240901&gameId=20240901HTSS0
2024-09-01,2024,삼성,KIA,home,5,6,대구,L,completed,20240901HTSS0,https://www.koreabaseball.com/Schedule/GameCenter/Main.aspx?gameDate=20240901&gameId=20240901HTSS0
2024-09-01,2024,두산,롯데,home,3,4,잠실,L,completed,20240901LTOB0,https://www.koreabaseball.com/Schedule/GameCenter/Main.aspx?gameDate=20240901&gameId=20240901LTOB0
2024-09-01,2024,롯데,두산,away,4,3,잠실,W,completed,20240901LTOB0,https://www.koreabaseball.com/Schedule/GameCenter/Main.aspx?gameDate=20240901&gameId=20240901LTOB0
2024-09-01,2024,NC,SSG,away,8,2,문학,W,completed,20240901NCSK0,https://www.koreabaseball.com/Schedule/GameCenter/Main.aspx?gameDate=20240901&gameId=20240901NCSK0
2024-09-01,2024,SSG,NC,home,2,8,문학,L,completed,20240901NCSK0,https://www.koreabaseball.com/Schedule/GameCenter/Main.aspx?gameDate=20240901&gameId=20240901NCSK0
2024-09-03,2024,KIA,LG,home,7,5,광주,W,completed,20240903LGHT0,https://www.koreabaseball.com/Schedule/GameCenter/Main.aspx?gameDate=20240903&gameId=20240903LGHT0
2024-09-03,2024,LG,KIA,away,5,7,광주,L,completed,20240903LGHT0,https://www.koreabaseball.com/Schedule/GameCenter/Main.aspx?gameDate=20240903&gameId=20240903LGHT0
2024-09-03,2024,롯데,삼성,away,1,5,대구,L,completed,20240903LTSS0,https://www.koreabaseball.com/Schedule/GameCenter/Main.aspx?gameDate=20240903&gameId=20240903LTSS0
2024-09-03,2024,삼성,롯데,home,5,1,대구,W,completed,20240903LTSS0,https://www.koreabaseball.com/Schedule/GameCenter/Main.aspx?gameDate=20240903&gameId=20240903LTSS0
2024-09-03,2024,두산,한화,away,1,7,한밭,L,completed,20240903OBHH0,https://www.koreabaseball.com/Schedule/GameCenter/Main.aspx?gameDate=20240903&gameId=20240903OBHH0
2024-09-03,2024,한화,두산,home,7,1,한밭,W,completed,20240903OBHH0,https://www.koreabaseball.com/Schedule/GameCenter/Main.aspx?gameDate=20240903&gameId=20240903OBHH0
2024-09-03,2024,NC,키움,home,11,5,창원,W,completed,20240903WONC0,https://www.koreabaseball.com/Schedule/GameCenter/Main.aspx?gameDate=20240903&gameId=20240903WONC0
2024-09-03,2024,키움,NC,away,5,11,창원,L,completed,20240903WONC0,https://www.koreabaseball.com/Schedule/GameCenter/Main.aspx?gameDate=20240903&gameId=20240903WONC0
2024-09-04,2024,KIA,한화,home,4,5,광주,L,completed,20240904HHHT0,https://www.koreabaseball.com/Schedule/GameCenter/Main.aspx?gameDate=20240904&gameId=20240904HHHT0
2024-09-04,2024,한화,KIA,away,5,4,광주,W,completed,20240904HHHT0,https://www.koreabaseball.com/Schedule/GameCenter/Main.aspx?gameDate=20240904&gameId=20240904HHHT0
2024-09-04,2024,KT,롯데,away,5,7,사직,L,completed,20240904KTLT0,https://www.koreabaseball.com/Schedule/GameCenter/Main.aspx?gameDate=20240904&gameId=20240904KTLT0
2024-09-04,2024,롯데,KT,home,7,5,사직,W,completed,20240904KTLT0,https://www.koreabaseball.com/Schedule/GameCenter/Main.aspx?gameDate=20240904&gameId=20240904KTLT0
2024-09-04,2024,두산,삼성,away,3,7,대구,L,completed,20240904OBSS0,https://www.koreabaseball.com/Schedule/GameCenter/Main.aspx?gameDate=20240904&gameId=20240904OBSS0
2024-09-04,2024,삼성,두산,home,7,3,대구,W,completed,20240904OBSS0,https://www.koreabaseball.com/Schedule/GameCenter/Main.aspx?gameDate=20240904&gameId=20240904OBSS0
2024-09-04,2024,LG,SSG,home,5,0,잠실,W,completed,20240904SKLG0,https://www.koreabaseball.com/Schedule/GameCenter/Main.aspx?gameDate=20240904&gameId=20240904SKLG0
2024-09-04,2024,SSG,LG,away,0,5,잠실,L,completed,20240904SKLG0,https://www.koreabaseball.com/Schedule/GameCenter/Main.aspx?gameDate=20240904&gameId=20240904SKLG0
2024-09-04,2024,NC,키움,home,13,6,창원,W,completed,20240904WONC0,https://www.koreabaseball.com/Schedule/GameCenter/Main.aspx?gameDate=20240904&gameId=20240904WONC0
2024-09-04,2024,키움,NC,away,6,13,창원,L,completed,20240904WONC0,https://www.koreabaseball.com/Schedule/GameCenter/Main.aspx?gameDate=20240904&gameId=20240904WONC0
2024-09-05,2024,KIA,한화,home,4,3,광주,W,completed,20240905HHHT0,https://www.koreabaseball.com/Schedule/GameCenter/Main.aspx?gameDate=20240905&gameId=20240905HHHT0
2024-09-05,2024,한화,KIA,away,3,4,광주,L,completed,20240905HHHT0,https://www.koreabaseball.com/Schedule/GameCenter/Main.aspx?gameDate=20240905&gameId=20240905HHHT0
2024-09-05,2024,KT,롯데,away,12,2,사직,W,completed,20240905KTLT0,https://www.koreabaseball.com/Schedule/GameCenter/Main.aspx?gameDate=20240905&gameId=20240905KTLT0
2024-09-05,2024,롯데,KT,home,2,12,사직,L,completed,20240905KTLT0,https://www.koreabaseball.com/Schedule/GameCenter/Main.aspx?gameDate=20240905&gameId=20240905KTLT0
2024-09-05,2024,LG,SSG,home,2,4,잠실,L,completed,20240905SKLG0,https://www.koreabaseball.com/Schedule/GameCenter/Main.aspx?gameDate=20240905&gameId=20240905SKLG0
2024-09-05,2024,SSG,LG,away,4,2,잠실,W,completed,20240905SKLG0,https://www.koreabaseball.com/Schedule/GameCenter/Main.aspx?gameDate=20240905&gameId=20240905SKLG0
2024-09-05,2024,NC,키움,home,7,12,창원,L,completed,20240905WONC0,https://www.koreabaseball.com/Schedule/GameCenter/Main.aspx?gameDate=20240905&gameId=20240905WONC0
2024-09-05,2024,키움,NC,away,12,7,창원,W,completed,20240905WONC0,https://www.koreabaseball.com/Schedule/GameCenter/Main.aspx?gameDate=20240905&gameId=20240905WONC0
2024-09-06,2024,LG,한화,home,1,3,잠실,L,completed,20240906HHLG0,https://www.koreabaseball.com/Schedule/GameCenter/Main.aspx?gameDate=20240906&gameId=20240906HHLG0
2024-09-06,2024,한화,LG,away,3,1,잠실,W,completed,20240906HHLG0,https://www.koreabaseball.com/Schedule/GameCenter/Main.aspx?gameDate=20240906&gameId=20240906HHLG0
2024-09-06,2024,KT,NC,away,9,3,창원,W,completed,20240906KTNC0,https://www.koreabaseball.com/Schedule/GameCenter/Main.aspx?gameDate=20240906&gameId=20240906KTNC0
2024-09-06,2024,NC,KT,home,3,9,창원,L,completed,20240906KTNC0,https://www.koreabaseball.com/Schedule/GameCenter/Main.aspx?gameDate=20240906&gameId=20240906KTNC0
2024-09-06,2024,롯데,삼성,home,2,7,사직,L,completed,20240906SSLT0,https://www.koreabaseball.com/Schedule/GameCenter/Main.aspx?gameDate=20240906&gameId=20240906SSLT0
2024-09-06,2024,삼성,롯데,away,7,2,사직,W,completed,20240906SSLT0,https://www.koreabaseball.com/Schedule/GameCenter/Main.aspx?gameDate=20240906&gameId=20240906SSLT0
2024-09-06,2024,KIA,키움,home,14,0,광주,W,completed,20240906WOHT0,https://www.koreabaseball.com/Schedule/GameCenter/Main.aspx?gameDate=20240906&gameId=20240906WOHT0
2024-09-06,2024,키움,KIA,away,0,14,광주,L,completed,20240906WOHT0,https://www.koreabaseball.com/Schedule/GameCenter/Main.aspx?gameDate=20240906&gameId=20240906WOHT0
2024-09-07,2024,LG,한화,home,9,3,잠실,W,completed,20240907HHLG0,https://www.koreabaseball.com/Schedule/GameCenter/Main.aspx?gameDate=20240907&gameId=20240907HHLG0
2024-09-07,2024,한화,LG,away,3,9,잠실,L,completed,20240907HHLG0,https://www.koreabaseball.com/Schedule/GameCenter/Main.aspx?gameDate=20240907&gameId=20240907HHLG0
2024-09-07,2024,NC,삼성,away,9,1,대구,W,completed,20240907NCSS0,https://www.koreabaseball.com/Schedule/GameCenter/Main.aspx?gameDate=20240907&gameId=20240907NCSS0
2024-09-07,2024,삼성,NC,home,1,9,대구,L,completed,20240907NCSS0,https://www.koreabaseball.com/Schedule/GameCenter/Main.aspx?gameDate=20240907&gameId=20240907NCSS0
2024-09-07,2024,KT,두산,home,2,12,수원,L,completed,20240907OBKT0,https://www.koreabaseball.com/Schedule/GameCenter/Main.aspx?gameDate=20240907&gameId=20240907OBKT0
2024-09-07,2024,두산,KT,away,12,2,수원,W,completed,20240907OBKT0,https://www.koreabaseball.com/Schedule/GameCenter/Main.aspx?gameDate=20240907&gameId=20240907OBKT0
2024-09-07,2024,SSG,롯데,away,1,1,사직,D,completed,20240907SKLT0,https://www.koreabaseball.com/Schedule/GameCenter/Main.aspx?gameDate=20240907&gameId=20240907SKLT0
2024-09-07,2024,롯데,SSG,home,1,1,사직,D,completed,20240907SKLT0,https://www.koreabaseball.com/Schedule/GameCenter/Main.aspx?gameDate=20240907&gameId=20240907SKLT0
2024-09-07,2024,KIA,키움,home,6,2,광주,W,completed,20240907WOHT0,https://www.koreabaseball.com/Schedule/GameCenter/Main.aspx?gameDate=20240907&gameId=20240907WOHT0
2024-09-07,2024,키움,KIA,away,2,6,광주,L,completed,20240907WOHT0,https://www.koreabaseball.com/Schedule/GameCenter/Main.aspx?gameDate=20240907&gameId=20240907WOHT0
2024-09-08,2024,LG,한화,home,14,3,잠실,W,completed,20240908HHLG0,https://www.koreabaseball.com/Schedule/GameCenter/Main.aspx?gameDate=20240908&gameId=20240908HHLG0
2024-09-08,2024,한화,LG,away,3,14,잠실,L,completed,20240908HHLG0,https://www.koreabaseball.com/Schedule/GameCenter/Main.aspx?gameDate=20240908&gameId=20240908HHLG0
2024-09-08,2024,NC,삼성,away,2,10,대구,L,completed,20240908NCSS0,https://www.koreabaseball.com/Schedule/GameCenter/Main.aspx?gameDate=20240908&gameId=20240908NCSS0
2024-09-08,2024,삼성,NC,home,10,2,대구,W,completed,20240908NCSS0,https://www.koreabaseball.com/Schedule/GameCenter/Main.aspx?gameDate=20240908&gameId=20240908NCSS0
2024-09-08,2024,SSG,롯데,away,11,6,사직,W,completed,20240908SKLT0,https://www.koreabaseball.com/Schedule/GameCenter/Main.aspx?gameDate=20240908&gameId=20240908SKLT0
2024-09-08,2024,롯데,SSG,home,6,11,사직,L,completed,20240908SKLT0,https://www.koreabaseball.com/Schedule/GameCenter/Main.aspx?gameDate=20240908&gameId=20240908SKLT0
2024-09-08,2024,KIA,키움,home,5,2,광주,W,completed,20240908WOHT0,https://www.koreabaseball.com/Schedule/GameCenter/Main.aspx?gameDate=20240908&gameId=20240908WOHT0
2024-09-08,2024,키움,KIA,away,2,5,광주,L,completed,20240908WOHT0,https://www.koreabaseball.com/Schedule/GameCenter/Main.aspx?gameDate=20240908&gameId=20240908WOHT0
2024-09-10,2024,SSG,한화,home,5,0,문학,W,completed,20240910HHSK0,https://www.koreabaseball.com/Schedule/GameCenter/Main.aspx?gameDate=20240910&gameId=20240910HHSK0
2024-09-10,2024,한화,SSG,away,0,5,문학,L,completed,20240910HHSK0,https://www.koreabaseball.com/Schedule/GameCenter/Main.aspx?gameDate=20240910&gameId=20240910HHSK0
2024-09-10,2024,LG,롯데,home,1,2,잠실,L,completed,20240910LTLG0,https://www.koreabaseball.com/Schedule/GameCenter/Main.aspx?gameDate=20240910&gameId=20240910LTLG0
2024-09-10,2024,롯데,LG,away,2,1,잠실,W,completed,20240910LTLG0,https://www.koreabaseball.com/Schedule/GameCenter/Main.aspx?gameDate=20240910&gameId=20240910LTLG0
2024-09-10,2024,KT,NC,home,11,8,수원,W,completed,20240910NCKT0,https://www.koreabaseball.com/Schedule/GameCenter/Main.aspx?gameDate=20240910&gameId=20240910NCKT0
2024-09-10,2024,NC,KT,away,8,11,수원,L,completed,20240910NCKT0,https://www.koreabaseball.com/Schedule/GameCenter/Main.aspx?gameDate=20240910&gameId=20240910NCKT0
2024-09-10,2024,두산,키움,away,1,7,고척,L,completed,20240910OBWO0,https://www.koreabaseball.com/Schedule/GameCenter/Main.aspx?gameDate=20240910&gameId=20240910OBWO0
2024-09-10,2024,키움,두산,home,7,1,고척,W,completed,20240910OBWO0,https://www.koreabaseball.com/Schedule/GameCenter/Main.aspx?gameDate=20240910&gameId=20240910OBWO0
2024-09-11,2024,SSG,롯데,home,2,10,문학,L,completed,20240911LTSK0,https://www.koreabaseball.com/Schedule/GameCenter/Main.aspx?gameDate=20240911&gameId=20240911LTSK0
2024-09-11,2024,롯데,SSG,away,10,2,문학,W,completed,20240911LTSK0,https://www.koreabaseball.com/Schedule/GameCenter/Main.aspx?gameDate=20240911&gameId=20240911LTSK0
2024-09-11,2024,KT,NC,home,2,1,수원,W,completed,20240911NCKT0,https://www.koreabaseball.com/Schedule/GameCenter/Main.aspx?gameDate=20240911&gameId=20240911NCKT0
2024-09-11,2024,NC,KT,away,1,2,수원,L,completed,20240911NCKT0,https://www.koreabaseball.com/Schedule/GameCenter/Main.aspx?gameDate=20240911&gameId=20240911NCKT0
2024-09-11,2024,삼성,한화,away,10,1,한밭,W,completed,20240911SSHH0,https://www.koreabaseball.com/Schedule/GameCenter/Main.aspx?gameDate=20240911&gameId=20240911SSHH0
2024-09-11,2024,한화,삼성,home,1,10,한밭,L,completed,20240911SSHH0,https://www.koreabaseball.com/Schedule/GameCenter/Main.aspx?gameDate=20240911&gameId=20240911SSHH0
2024-09-11,2024,LG,키움,home,5,9,잠실,L,completed,20240911WOLG0,https://www.koreabaseball.com/Schedule/GameCenter/Main.aspx?gameDate=20240911&gameId=20240911WOLG0
2024-09-11,2024,키움,LG,away,9,5,잠실,W,completed,20240911WOLG0,https://www.koreabaseball.com/Schedule/GameCenter/Main.aspx?gameDate=20240911&gameId=20240911WOLG0
2024-09-12,2024,KIA,롯데,home,10,0,광주,W,completed,20240912LTHT0,https://www.koreabaseball.com/Schedule/GameCenter/Main.aspx?gameDate=20240912&gameId=20240912LTHT0
2024-09-12,2024,롯데,KIA,away,0,10,광주,L,completed,20240912LTHT0,https://www.koreabaseball.com/Schedule/GameCenter/Main.aspx?gameDate=20240912&gameId=20240912LTHT0
2024-09-12,2024,KT,NC,home,10,4,수원,W,completed,20240912NCKT0,https://www.koreabaseball.com/Schedule/GameCenter/Main.aspx?gameDate=20240912&gameId=20240912NCKT0
2024-09-12,2024,NC,KT,away,4,10,수원,L,completed,20240912NCKT0,https://www.koreabaseball.com/Schedule/GameCenter/Main.aspx?gameDate=20240912&gameId=20240912NCKT0
2024-09-12,2024,삼성,한화,away,7,1,한밭,W,completed,20240912SSHH0,https://www.koreabaseball.com/Schedule/GameCenter/Main.aspx?gameDate=20240912&gameId=20240912SSHH0
2024-09-12,2024,한화,삼성,home,1,7,한밭,L,completed,20240912SSHH0,https://www.koreabaseball.com/Schedule/GameCenter/Main.aspx?gameDate=20240912&gameId=20240912SSHH0
2024-09-13,2024,롯데,한화,home,4,8,사직,L,completed,20240913HHLT0,https://www.koreabaseball.com/Schedule/GameCenter/Main.aspx?gameDate=20240913&gameId=20240913HHLT0
2024-09-13,2024,한화,롯데,away,8,4,사직,W,completed,20240913HHLT0,https://www.koreabaseball.com/Schedule/GameCenter/Main.aspx?gameDate=20240913&gameId=20240913HHLT0
2024-09-14,2024,롯데,한화,home,12,9,사직,W,completed,20240914HHLT0,https://www.koreabaseball.com/Schedule/GameCenter/Main.aspx?gameDate=20240914&gameId=20240914HHLT0
2024-09-14,2024,한화,롯데,away,9,12,사직,L,completed,20240914HHLT0,https://www.koreabaseball.com/Schedule/GameCenter/Main.aspx?gameDate=20240914&gameId=20240914HHLT0
2024-09-14,2024,KT,두산,away,1,2,잠실,L,completed,20240914KTOB0,https://www.koreabaseball.com/Schedule/GameCenter/Main.aspx?gameDate=20240914&gameId=20240914KTOB0
2024-09-14,2024,두산,KT,home,2,1,잠실,W,completed,20240914KTOB0,https://www.koreabaseball.com/Schedule/GameCenter/Main.aspx?gameDate=20240914&gameId=20240914KTOB0
2024-09-14,2024,LG,NC,away,10,7,창원,W,completed,20240914LGNC0,https://www.koreabaseball.com/Schedule/GameCenter/Main.aspx?gameDate=20240914&gameId=20240914LGNC0
2024-09-14,2024,NC,LG,home,7,10,창원,L,completed,20240914LGNC0,https://www.koreabaseball.com/Schedule/GameCenter/Main.aspx?gameDate=20240914&gameId=20240914LGNC0
2024-09-14,2024,SSG,삼성,home,11,9,문학,W,completed,20240914SSSK0,https://www.koreabaseball.com/Schedule/GameCenter/Main.aspx?gameDate=20240914&gameId=20240914SSSK0
2024-09-14,2024,삼성,SSG,away,9,11,문학,L,completed,20240914SSSK0,https://www.koreabaseball.com/Schedule/GameCenter/Main.aspx?gameDate=20240914&gameId=20240914SSSK0
2024-09-14,2024,KIA,키움,home,3,2,광주,W,completed,20240914WOHT0,https://www.koreabaseball.com/Schedule/GameCenter/Main.aspx?gameDate=20240914&gameId=20240914WOHT0
2024-09-14,2024,키움,KIA,away,2,3,광주,L,completed,20240914WOHT0,https://www.koreabaseball.com/Schedule/GameCenter/Main.aspx?gameDate=20240914&gameId=20240914WOHT0
2024-09-15,2024,롯데,한화,home,16,9,사직,W,completed,20240915HHLT0,https://www.koreabaseball.com/Schedule/GameCenter/Main.aspx?gameDate=20240915&gameId=20240915HHLT0
2024-09-15,2024,한화,롯데,away,9,16,사직,L,completed,20240915HHLT0,https://www.koreabaseball.com/Schedule/GameCenter/Main.aspx?gameDate=20240915&gameId=20240915HHLT0
2024-09-15,2024,LG,NC,away,1,4,창원,L,completed,20240915LGNC0,https://www.koreabaseball.com/Schedule/GameCenter/Main.aspx?gameDate=20240915&gameId=20240915LGNC0
2024-09-15,2024,NC,LG,home,4,1,창원,W,completed,20240915LGNC0,https://www.koreabaseball.com/Schedule/GameCenter/Main.aspx?gameDate=20240915&gameId=20240915LGNC0
2024-09-15,2024,SSG,삼성,home,14,9,문학,W,completed,20240915SSSK0,https://www.koreabaseball.com/Schedule/GameCenter/Main.aspx?gameDate=20240915&gameId=20240915SSSK0
2024-09-15,2024,삼성,SSG,away,9,14,문학,L,completed,20240915SSSK0,https://www.koreabaseball.com/Schedule/GameCenter/Main.aspx?gameDate=20240915&gameId=20240915SSSK0
2024-09-15,2024,KIA,키움,home,5,10,광주,L,completed,20240915WOHT0,https://www.koreabaseball.com/Schedule/GameCenter/Main.aspx?gameDate=20240915&gameId=20240915WOHT0
2024-09-15,2024,키움,KIA,away,10,5,광주,W,completed,20240915WOHT0,https://www.koreabaseball.com/Schedule/GameCenter/Main.aspx?gameDate=20240915&gameId=20240915WOHT0
2024-09-16,2024,KIA,KT,away,11,5,수원,W,completed,20240916HTKT0,https://www.koreabaseball.com/Schedule/GameCenter/Main.aspx?gameDate=20240916&gameId=20240916HTKT0
2024-09-16,2024,KT,KIA,home,5,11,수원,L,completed,20240916HTKT0,https://www.koreabaseball.com/Schedule/GameCenter/Main.aspx?gameDate=20240916&gameId=20240916HTKT0
2024-09-16,2024,두산,키움,home,5,4,잠실,W,completed,20240916WOOB0,https://www.koreabaseball.com/Schedule/GameCenter/Main.aspx?gameDate=20240916&gameId=20240916WOOB0
2024-09-16,2024,키움,두산,away,4,5,잠실,L,completed,20240916WOOB0,https://www.koreabaseball.com/Schedule/GameCenter/Main.aspx?gameDate=20240916&gameId=20240916WOOB0
2024-09-17,2024,NC,한화,home,1,4,창원,L,completed,20240917HHNC0,https://www.koreabaseball.com/Schedule/GameCenter/Main.aspx?gameDate=20240917&gameId=20240917HHNC0
2024-09-17,2024,한화,NC,away,4,1,창원,W,completed,20240917HHNC0,https://www.koreabaseball.com/Schedule/GameCenter/Main.aspx?gameDate=20240917&gameId=20240917HHNC0
2024-09-17,2024,KIA,SSG,away,0,2,문학,L,completed,20240917HTSK0,https://www.koreabaseball.com/Schedule/GameCenter/Main.aspx?gameDate=20240917&gameId=20240917HTSK0
2024-09-17,2024,SSG,KIA,home,2,0,문학,W,completed,20240917HTSK0,https://www.koreabaseball.com/Schedule/GameCenter/Main.aspx?gameDate=20240917&gameId=20240917HTSK0
2024-09-17,2024,KT,키움,away,4,2,고척,W,completed,20240917KTWO0,https://www.koreabaseball.com/Schedule/GameCenter/Main.aspx?gameDate=20240917&gameId=20240917KTWO0
2024-09-17,2024,키움,KT,home,2,4,고척,L,completed,20240917KTWO0,https://www.koreabaseball.com/Schedule/GameCenter/Main.aspx?gameDate=20240917&gameId=20240917KTWO0
2024-09-17,2024,LG,롯데,away,3,7,사직,L,completed,20240917LGLT0,https://www.koreabaseball.com/Schedule/GameCenter/Main.aspx?gameDate=20240917&gameId=20240917LGLT0
2024-09-17,2024,롯데,LG,home,7,3,사직,W,completed,20240917LGLT0,https://www.koreabaseball.com/Schedule/GameCenter/Main.aspx?gameDate=20240917&gameId=20240917LGLT0
2024-09-17,2024,두산,삼성,home,8,4,잠실,W,completed,20240917SSOB0,https://www.koreabaseball.com/Schedule/GameCenter/Main.aspx?gameDate=20240917&gameId=20240917SSOB0
2024-09-17,2024,삼성,두산,away,4,8,잠실,L,completed,20240917SSOB0,https://www.koreabaseball.com/Schedule/GameCenter/Main.aspx?gameDate=20240917&gameId=20240917SSOB0
2024-09-18,2024,NC,한화,home,5,2,창원,W,completed,20240918HHNC0,https://www.koreabaseball.com/Schedule/GameCenter/Main.aspx?gameDate=20240918&gameId=20240918HHNC0
2024-09-18,2024,한화,NC,away,2,5,창원,L,completed,20240918HHNC0,https://www.koreabaseball.com/Schedule/GameCenter/Main.aspx?gameDate=20240918&gameId=20240918HHNC0
2024-09-18,2024,LG,롯데,away,5,3,사직,W,completed,20240918LGLT0,https://www.koreabaseball.com/Schedule/GameCenter/Main.aspx?gameDate=20240918&gameId=20240918LGLT0
2024-09-18,2024,롯데,LG,home,3,5,사직,L,completed,20240918LGLT0,https://www.koreabaseball.com/Schedule/GameCenter/Main.aspx?gameDate=20240918&gameId=20240918LGLT0
2024-09-18,2024,KT,삼성,home,6,8,수원,L,completed,20240918SSKT0,https://www.koreabaseball.com/Schedule/GameCenter/Main.aspx?gameDate=20240918&gameId=20240918SSKT0
2024-09-18,2024,삼성,KT,away,8,6,수원,W,completed,20240918SSKT0,https://www.koreabaseball.com/Schedule/GameCenter/Main.aspx?gameDate=20240918&gameId=20240918SSKT0
2024-09-19,2024,NC,한화,home,6,7,창원,L,completed,20240919HHNC0,https://www.koreabaseball.com/Schedule/GameCenter/Main.aspx?gameDate=20240919&gameId=20240919HHNC0
2024-09-19,2024,한화,NC,away,7,6,창원,W,completed,20240919HHNC0,https://www.koreabaseball.com/Schedule/GameCenter/Main.aspx?gameDate=20240919&gameId=20240919HHNC0
2024-09-19,2024,KIA,두산,away,4,9,잠실,L,completed,20240919HTOB0,https://www.koreabaseball.com/Schedule/GameCenter/Main.aspx?gameDate=20240919&gameId=20240919HTOB0
2024-09-19,2024,두산,KIA,home,9,4,잠실,W,completed,20240919HTOB0,https://www.koreabaseball.com/Schedule/GameCenter/Main.aspx?gameDate=20240919&gameId=20240919HTOB0
2024-09-19,2024,LG,롯데,away,7,4,사직,W,completed,20240919LGLT0,https://www.koreabaseball.com/Schedule/GameCenter/Main.aspx?gameDate=20240919&gameId=20240919LGLT0
2024-09-19,2024,롯데,LG,home,4,7,사직,L,completed,20240919LGLT0,https://www.koreabaseball.com/Schedule/GameCenter/Main.aspx?gameDate=20240919&gameId=20240919LGLT0
2024-09-19,2024,KT,삼성,home,12,5,수원,W,completed,20240919SSKT0,https://www.koreabaseball.com/Schedule/GameCenter/Main.aspx?gameDate=20240919&gameId=20240919SSKT0
2024-09-19,2024,삼성,KT,away,5,12,수원,L,completed,20240919SSKT0,https://www.koreabaseball.com/Schedule/GameCenter/Main.aspx?gameDate=20240919&gameId=20240919SSKT0
2024-09-19,2024,SSG,키움,home,8,6,문학,W,completed,20240919WOSK0,https://www.koreabaseball.com/Schedule/GameCenter/Main.aspx?gameDate=20240919&gameId=20240919WOSK0
2024-09-19,2024,키움,SSG,away,6,8,문학,L,completed,20240919WOSK0,https://www.koreabaseball.com/Schedule/GameCenter/Main.aspx?gameDate=20240919&gameId=20240919WOSK0
2024-09-21,2024,LG,두산,home,7,14,잠실,L,completed,20240921OBLG1,https://www.koreabaseball.com/Schedule/GameCenter/Main.aspx?gameDate=20240921&gameId=20240921OBLG1
2024-09-21,2024,두산,LG,away,14,7,잠실,W,completed,20240921OBLG1,https://www.koreabaseball.com/Schedule/GameCenter/Main.aspx?gameDate=20240921&gameId=20240921OBLG1
2024-09-21,2024,LG,두산,home,2,0,잠실,W,completed,20240921OBLG2,https://www.koreabaseball.com/Schedule/GameCenter/Main.aspx?gameDate=20240921&gameId=20240921OBLG2
2024-09-21,2024,두산,LG,away,0,2,잠실,L,completed,20240921OBLG2,https://www.koreabaseball.com/Schedule/GameCenter/Main.aspx?gameDate=20240921&gameId=20240921OBLG2
2024-09-21,2024,KT,SSG,home,1,4,수원,L,completed,20240921SKKT0,https://www.koreabaseball.com/Schedule/GameCenter/Main.aspx?gameDate=20240921&gameId=20240921SKKT0
2024-09-21,2024,SSG,KT,away,4,1,수원,W,completed,20240921SKKT0,https://www.koreabaseball.com/Schedule/GameCenter/Main.aspx?gameDate=20240921&gameId=20240921SKKT0
2024-09-22,2024,롯데,한화,away,4,8,한밭,L,completed,20240922LTHH0,https://www.koreabaseball.com/Schedule/GameCenter/Main.aspx?gameDate=20240922&gameId=20240922LTHH0
2024-09-22,2024,한화,롯데,home,8,4,한밭,W,completed,20240922LTHH0,https://www.koreabaseball.com/Schedule/GameCenter/Main.aspx?gameDate=20240922&gameId=20240922LTHH0
2024-09-22,2024,LG,두산,home,9,5,잠실,W,completed,20240922OBLG0,https://www.koreabaseball.com/Schedule/GameCenter/Main.aspx?gameDate=20240922&gameId=20240922OBLG0
2024-09-22,2024,두산,LG,away,5,9,잠실,L,completed,20240922OBLG0,https://www.koreabaseball.com/Schedule/GameCenter/Main.aspx?gameDate=20240922&gameId=20240922OBLG0
2024-09-22,2024,KT,SSG,home,2,6,수원,L,completed,20240922SKKT0,https://www.koreabaseball.com/Schedule/GameCenter/Main.aspx?gameDate=20240922&gameId=20240922SKKT0
2024-09-22,2024,SSG,KT,away,6,2,수원,W,completed,20240922SKKT0,https://www.koreabaseball.com/Schedule/GameCenter/Main.aspx?gameDate=20240922&gameId=20240922SKKT0
2024-09-22,2024,삼성,키움,home,9,8,대구,W,completed,20240922WOSS0,https://www.koreabaseball.com/Schedule/GameCenter/Main.aspx?gameDate=20240922&gameId=20240922WOSS0
2024-09-22,2024,키움,삼성,away,8,9,대구,L,completed,20240922WOSS0,https://www.koreabaseball.com/Schedule/GameCenter/Main.aspx?gameDate=20240922&gameId=20240922WOSS0
2024-09-23,2024,롯데,한화,away,3,2,한밭,W,completed,20240923LTHH0,https://www.koreabaseball.com/Schedule/GameCenter/Main.aspx?gameDate=20240923&gameId=20240923LTHH0
2024-09-23,2024,한화,롯데,home,2,3,한밭,L,completed,20240923LTHH0,https://www.koreabaseball.com/Schedule/GameCenter/Main.aspx?gameDate=20240923&gameId=20240923LTHH0
2024-09-23,2024,SSG,두산,away,4,8,잠실,L,completed,20240923SKOB0,https://www.koreabaseball.com/Schedule/GameCenter/Main.aspx?gameDate=20240923&gameId=20240923SKOB0
2024-09-23,2024,두산,SSG,home,8,4,잠실,W,completed,20240923SKOB0,https://www.koreabaseball.com/Schedule/GameCenter/Main.aspx?gameDate=20240923&gameId=20240923SKOB0
2024-09-23,2024,KIA,삼성,home,5,3,광주,W,completed,20240923SSHT0,https://www.koreabaseball.com/Schedule/GameCenter/Main.aspx?gameDate=20240923&gameId=20240923SSHT0
2024-09-23,2024,삼성,KIA,away,3,5,광주,L,completed,20240923SSHT0,https://www.koreabaseball.com/Schedule/GameCenter/Main.aspx?gameDate=20240923&gameId=20240923SSHT0
2024-09-24,2024,키움,한화,home,5,4,고척,W,completed,20240924HHWO0,https://www.koreabaseball.com/Schedule/GameCenter/Main.aspx?gameDate=20240924&gameId=20240924HHWO0
2024-09-24,2024,한화,키움,away,4,5,고척,L,completed,20240924HHWO0,https://www.koreabaseball.com/Schedule/GameCenter/Main.aspx?gameDate=20240924&gameId=20240924HHWO0
2024-09-24,2024,LG,SSG,away,14,5,문학,W,completed,20240924LGSK0,https://www.koreabaseball.com/Schedule/GameCenter/Main.aspx?gameDate=20240924&gameId=20240924LGSK0
2024-09-24,2024,SSG,LG,home,5,14,문학,L,completed,20240924LGSK0,https://www.koreabaseball.com/Schedule/GameCenter/Main.aspx?gameDate=20240924&gameId=20240924LGSK0
2024-09-24,2024,KT,롯데,home,5,1,수원,W,completed,20240924LTKT0,https://www.koreabaseball.com/Schedule/GameCenter/Main.aspx?gameDate=20240924&gameId=20240924LTKT0
2024-09-24,2024,롯데,KT,away,1,5,수원,L,completed,20240924LTKT0,https://www.koreabaseball.com/Schedule/GameCenter/Main.aspx?gameDate=20240924&gameId=20240924LTKT0
2024-09-24,2024,NC,두산,away,5,10,잠실,L,completed,20240924NCOB0,https://www.koreabaseball.com/Schedule/GameCenter/Main.aspx?gameDate=20240924&gameId=20240924NCOB0
2024-09-24,2024,두산,NC,home,10,5,잠실,W,completed,20240924NCOB0,https://www.koreabaseball.com/Schedule/GameCenter/Main.aspx?gameDate=20240924&gameId=20240924NCOB0
2024-09-24,2024,KIA,삼성,home,7,1,광주,W,completed,20240924SSHT0,https://www.koreabaseball.com/Schedule/GameCenter/Main.aspx?gameDate=20240924&gameId=20240924SSHT0
2024-09-24,2024,삼성,KIA,away,1,7,광주,L,completed,20240924SSHT0,https://www.koreabaseball.com/Schedule/GameCenter/Main.aspx?gameDate=20240924&gameId=20240924SSHT0
2024-09-25,2024,LG,한화,home,2,4,잠실,L,completed,20240925HHLG0,https://www.koreabaseball.com/Schedule/GameCenter/Main.aspx?gameDate=20240925&gameId=20240925HHLG0
2024-09-25,2024,한화,LG,away,4,2,잠실,W,completed,20240925HHLG0,https://www.koreabaseball.com/Schedule/GameCenter/Main.aspx?gameDate=20240925&gameId=20240925HHLG0
2024-09-25,2024,KIA,롯데,home,2,5,광주,L,completed,20240925LTHT0,https://www.koreabaseball.com/Schedule/GameCenter/Main.aspx?gameDate=20240925&gameId=20240925LTHT0
2024-09-25,2024,롯데,KIA,away,5,2,광주,W,completed,20240925LTHT0,https://www.koreabaseball.com/Schedule/GameCenter/Main.aspx?gameDate=20240925&gameId=20240925LTHT0
2024-09-25,2024,NC,SSG,home,2,8,창원,L,completed,20240925SKNC0,https://www.koreabaseball.com/Schedule/GameCenter/Main.aspx?gameDate=20240925&gameId=20240925SKNC0
2024-09-25,2024,SSG,NC,away,8,2,창원,W,completed,20240925SKNC0,https://www.koreabaseball.com/Schedule/GameCenter/Main.aspx?gameDate=20240925&gameId=20240925SKNC0
2024-09-25,2024,삼성,키움,home,6,3,대구,W,completed,20240925WOSS0,https://www.koreabaseball.com/Schedule/GameCenter/Main.aspx?gameDate=20240925&gameId=20240925WOSS0
2024-09-25,2024,키움,삼성,away,3,6,대구,L,completed,20240925WOSS0,https://www.koreabaseball.com/Schedule/GameCenter/Main.aspx?gameDate=20240925&gameId=20240925WOSS0
2024-09-26,2024,두산,롯데,away,4,3,사직,W,completed,20240926OBLT0,https://www.koreabaseball.com/Schedule/GameCenter/Main.aspx?gameDate=20240926&gameId=20240926OBLT0
2024-09-26,2024,롯데,두산,home,3,4,사직,L,completed,20240926OBLT0,https://www.koreabaseball.com/Schedule/GameCenter/Main.aspx?gameDate=20240926&gameId=20240926OBLT0
2024-09-26,2024,NC,SSG,home,1,10,창원,L,completed,20240926SKNC0,https://www.koreabaseball.com/Schedule/GameCenter/Main.aspx?gameDate=20240926&gameId=20240926SKNC0
2024-09-26,2024,SSG,NC,away,10,1,창원,W,completed,20240926SKNC0,https://www.koreabaseball.com/Schedule/GameCenter/Main.aspx?gameDate=20240926&gameId=20240926SKNC0
2024-09-26,2024,LG,키움,home,6,3,잠실,W,completed,20240926WOLG0,https://www.koreabaseball.com/Schedule/GameCenter/Main.aspx?gameDate=20240926&gameId=20240926WOLG0
2024-09-26,2024,키움,LG,away,3,6,잠실,L,completed,20240926WOLG0,https://www.koreabaseball.com/Schedule/GameCenter/Main.aspx?gameDate=20240926&gameId=20240926WOLG0
2024-09-27,2024,KIA,한화,away,0,8,한밭,L,completed,20240927HTHH0,https://www.koreabaseball.com/Schedule/GameCenter/Main.aspx?gameDate=20240927&gameId=20240927HTHH0
2024-09-27,2024,한화,KIA,home,8,0,한밭,W,completed,20240927HTHH0,https://www.koreabaseball.com/Schedule/GameCenter/Main.aspx?gameDate=20240927&gameId=20240927HTHH0
2024-09-27,2024,NC,롯데,away,6,13,사직,L,completed,20240927NCLT0,https://www.koreabaseball.com/Schedule/GameCenter/Main.aspx?gameDate=20240927&gameId=20240927NCLT0
2024-09-27,2024,롯데,NC,home,13,6,사직,W,completed,20240927NCLT0,https://www.koreabaseball.com/Schedule/GameCenter/Main.aspx?gameDate=20240927&gameId=20240927NCLT0
2024-09-27,2024,KT,키움,home,8,7,수원,W,completed,20240927WOKT0,https://www.koreabaseball.com/Schedule/GameCenter/Main.aspx?gameDate=20240927&gameId=20240927WOKT0
2024-09-27,2024,키움,KT,away,7,8,수원,L,completed,20240927WOKT0,https://www.koreabaseball.com/Schedule/GameCenter/Main.aspx?gameDate=20240927&gameId=20240927WOKT0
2024-09-28,2024,KIA,롯데,away,12,8,사직,W,completed,20240928HTLT0,https://www.koreabaseball.com/Schedule/GameCenter/Main.aspx?gameDate=20240928&gameId=20240928HTLT0
2024-09-28,2024,롯데,KIA,home,8,12,사직,L,completed,20240928HTLT0,https://www.koreabaseball.com/Schedule/GameCenter/Main.aspx?gameDate=20240928&gameId=20240928HTLT0
2024-09-28,2024,LG,삼성,away,11,4,대구,W,completed,20240928LGSS0,https://www.koreabaseball.com/Schedule/GameCenter/Main.aspx?gameDate=20240928&gameId=20240928LGSS0
2024-09-28,2024,삼성,LG,home,4,11,대구,L,completed,20240928LGSS0,https://www.koreabaseball.com/Schedule/GameCenter/Main.aspx?gameDate=20240928&gameId=20240928LGSS0
2024-09-28,2024,NC,두산,home,3,4,창원,L,completed,20240928OBNC0,https://www.koreabaseball.com/Schedule/GameCenter/Main.aspx?gameDate=20240928&gameId=20240928OBNC0
2024-09-28,2024,두산,NC,away,4,3,창원,W,completed,20240928OBNC0,https://www.koreabaseball.com/Schedule/GameCenter/Main.aspx?gameDate=20240928&gameId=20240928OBNC0
2024-09-28,2024,SSG,한화,away,6,2,한밭,W,completed,20240928SKHH0,https://www.koreabaseball.com/Schedule/GameCenter/Main.aspx?gameDate=20240928&gameId=20240928SKHH0
2024-09-28,2024,한화,SSG,home,2,6,한밭,L,completed,20240928SKHH0,https://www.koreabaseball.com/Schedule/GameCenter/Main.aspx?gameDate=20240928&gameId=20240928SKHH0
2024-09-28,2024,KT,키움,home,10,7,수원,W,completed,20240928WOKT0,https://www.koreabaseball.com/Schedule/GameCenter/Main.aspx?gameDate=20240928&gameId=20240928WOKT0
2024-09-28,2024,키움,KT,away,7,10,수원,L,completed,20240928WOKT0,https://www.koreabaseball.com/Schedule/GameCenter/Main.aspx?gameDate=20240928&gameId=20240928WOKT0
2024-09-29,2024,NC,한화,away,7,2,한밭,W,completed,20240929NCHH0,https://www.koreabaseball.com/Schedule/GameCenter/Main.aspx?gameDate=20240929&gameId=20240929NCHH0
2024-09-29,2024,한화,NC,home,2,7,한밭,L,completed,20240929NCHH0,https://www.koreabaseball.com/Schedule/GameCenter/Main.aspx?gameDate=20240929&gameId=20240929NCHH0
2024-09-30,2024,KIA,NC,home,10,5,광주,W,completed,20240930NCHT0,https://www.koreabaseball.com/Schedule/GameCenter/Main.aspx?gameDate=20240930&gameId=20240930NCHT0
2024-09-30,2024,NC,KIA,away,5,10,광주,L,completed,20240930NCHT0,https://www.koreabaseball.com/Schedule/GameCenter/Main.aspx?gameDate=20240930&gameId=20240930NCHT0
2024-09-30,2024,SSG,키움,home,7,2,문학,W,completed,20240930WOSK0,https://www.koreabaseball.com/Schedule/GameCenter/Main.aspx?gameDate=20240930&gameId=20240930WOSK0
2024-09-30,2024,키움,SSG,away,2,7,문학,L,completed,20240930WOSK0,https://www.koreabaseball.com/Schedule/GameCenter/Main.aspx?gameDate=20240930&gameId=20240930WOSK0
2024-10-01,2024,NC,롯데,home,1,5,창원,L,completed,20241001LTNC0,https://www.koreabaseball.com/Schedule/GameCenter/Main.aspx?gameDate=20241001&gameId=20241001LTNC0
2024-10-01,2024,롯데,NC,away,5,1,창원,W,completed,20241001LTNC0,https://www.koreabaseball.com/Schedule/GameCenter/Main.aspx?gameDate=20241001&gameId=20241001LTNC0
