date,season,team,opponent,home_away,runs_for,runs_against,stadium,result,status,game_id,source_url
2023-04-01,2023,키움,한화,home,3,2,고척,W,completed,20230401HHWO0,https://www.koreabaseball.com/Schedule/GameCenter/Main.aspx?gameDate=20230401&gameId=20230401HHWO0
2023-04-01,2023,한화,키움,away,2,3,고척,L,completed,20230401HHWO0,https://www.koreabaseball.com/Schedule/GameCenter/Main.aspx?gameDate=20230401&gameId=20230401HHWO0
2023-04-01,2023,KIA,SSG,away,1,4,문학,L,completed,20230401HTSK0,https://www.koreabaseball.com/Schedule/GameCenter/Main.aspx?gameDate=20230401&gameId=20230401HTSK0
2023-04-01,2023,SSG,KIA,home,4,1,문학,W,completed,20230401HTSK0,https://www.koreabaseball.com/Schedule/GameCenter/Main.aspx?gameDate=20230401&gameId=20230401HTSK0
2023-04-01,2023,KT,LG,home,11,6,수원,W,completed,20230401LGKT0,https://www.koreabaseball.com/Schedule/GameCenter/Main.aspx?gameDate=20230401&gameId=20230401LGKT0
2023-04-01,2023,LG,KT,away,6,11,수원,L,completed,20230401LGKT0,https://www.koreabaseball.com/Schedule/GameCenter/Main.aspx?gameDate=20230401&gameId=20230401LGKT0
2023-04-01,2023,두산,롯데,home,12,10,잠실,W,completed,20230401LTOB0,https://www.koreabaseball.com/Schedule/GameCenter/Main.aspx?gameDate=20230401&gameId=20230401LTOB0
2023-04-01,2023,롯데,두산,away,10,12,잠실,L,completed,20230401LTOB0,https://www.koreabaseball.com/Schedule/GameCenter/Main.aspx?gameDate=20230401&gameId=20230401LTOB0
2023-04-01,2023,NC,삼성,away,8,0,대구,W,completed,20230401NCSS0,https://www.koreabaseball.com/Schedule/GameCenter/Main.aspx?gameDate=20230401&gameId=20230401NCSS0
2023-04-01,2023,삼성,NC,home,0,8,대구,L,completed,20230401NCSS0,https://www.koreabaseball.com/Schedule/GameCenter/Main.aspx?gameDate=20230401&gameId=20230401NCSS0
2023-04-02,2023,키움,한화,home,7,6,고척,W,completed,20230402HHWO0,https://www.koreabaseball.com/Schedule/GameCenter/Main.aspx?gameDate=20230402&gameId=20230402HHWO0
2023-04-02,2023,한화,키움,away,6,7,고척,L,completed,20230402HHWO0,https://www.koreabaseball.com/Schedule/GameCenter/Main.aspx?gameDate=20230402&gameId=20230402HHWO0
2023-04-02,2023,KIA,SSG,away,9,5,문학,W,completed,20230402HTSK0,https://www.koreabaseball.com/Schedule/GameCenter/Main.aspx?gameDate=20230402&gameId=20230402HTSK0
2023-04-02,2023,SSG,KIA,home,5,9,문학,L,completed,20230402HTSK0,https://www.koreabaseball.com/Schedule/GameCenter/Main.aspx?gameDate=20230402&gameId=20230402HTSK0
2023-04-02,2023,KT,LG,home,9,10,수원,L,completed,20230402LGKT0,https://www.koreabaseball.com/Schedule/GameCenter/Main.aspx?gameDate=20230402&gameId=20230402LGKT0
2023-04-02,2023,LG,KT,away,10,9,수원,W,completed,20230402LGKT0,https://www.koreabaseball.com/Schedule/GameCenter/Main.aspx?gameDate=20230402&gameId=20230402LGKT0
2023-04-02,2023,두산,롯데,home,0,2,잠실,L,completed,20230402LTOB0,https://www.koreabaseball.com/Schedule/GameCenter/Main.aspx?gameDate=20230402&gameId=20230402LTOB0
2023-04-02,2023,롯데,두산,away,2,0,잠실,W,completed,20230402LTOB0,https://www.koreabaseball.com/Schedule/GameCenter/Main.aspx?gameDate=20230402&gameId=20230402LTOB0
2023-04-02,2023,NC,삼성,away,6,8,대구,L,completed,20230402NCSS0,https://www.koreabaseball.com/Schedule/GameCenter/Main.aspx?gameDate=20230402&gameId=20230402NCSS0
2023-04-02,2023,삼성,NC,home,8,6,대구,W,completed,20230402NCSS0,https://www.koreabaseball.com/Schedule/GameCenter/Main.aspx?gameDate=20230402&gameId=20230402NCSS0
2023-04-04,2023,삼성,한화,home,7,6,대구,W,completed,20230404HHSS0,https://www.koreabaseball.com/Schedule/GameCenter/Main.aspx?gameDate=20230404&gameId=20230404HHSS0
2023-04-04,2023,한화,삼성,away,6,7,대구,L,completed,20230404HHSS0,https://www.koreabaseball.com/Schedule/GameCenter/Main.aspx?gameDate=20230404&gameId=20230404HHSS0
2023-04-04,2023,LG,키움,away,7,1,고척,W,completed,20230404LGWO0,https://www.koreabaseball.com/Schedule/GameCenter/Main.aspx?gameDate=20230404&gameId=20230404LGWO0
2023-04-04,2023,키움,LG,home,1,7,고척,L,completed,20230404LGWO0,https://www.koreabaseball.com/Schedule/GameCenter/Main.aspx?gameDate=20230404&gameId=20230404LGWO0
2023-04-04,2023,SSG,롯데,home,3,1,문학,W,completed,20230404LTSK0,https://www.koreabaseball.com/Schedule/GameCenter/Main.aspx?gameDate=20230404&gameId=20230404LTSK0
2023-04-04,2023,롯데,SSG,away,1,3,문학,L,completed,20230404LTSK0,https://www.koreabaseball.com/Schedule/GameCenter/Main.aspx?gameDate=20230404&gameId=20230404LTSK0
2023-04-04,2023,NC,두산,away,0,1,잠실,L,completed,20230404NCOB0,https://www.koreabaseball.com/Schedule/GameCenter/Main.aspx?gameDate=20230404&gameId=20230404NCOB0
2023-04-04,2023,두산,NC,home,1,0,잠실,W,completed,20230404NCOB0,https://www.koreabaseball.com/Schedule/GameCenter/Main.aspx?gameDate=20230404&gameId=20230404NCOB0
2023-04-05,2023,LG,키움,away,1,2,고척,L,completed,20230405LGWO0,https://www.koreabaseball.com/Schedule/GameCenter/Main.aspx?gameDate=20230405&gameId=20230405LGWO0
2023-04-05,2023,키움,LG,home,2,1,고척,W,completed,20230405LGWO0,https://www.koreabaseball.com/Schedule/GameCenter/Main.aspx?gameDate=20230405&gameId=20230405LGWO0
2023-04-05,2023,NC,두산,away,9,3,잠실,W,completed,20230405NCOB0,https://www.koreabaseball.com/Schedule/GameCenter/Main.aspx?gameDate=20230405&gameId=20230405NCOB0
2023-04-05,2023,두산,NC,home,3,9,잠실,L,completed,20230405NCOB0,https://www.koreabaseball.com/Schedule/GameCenter/Main.aspx?gameDate=20230405&gameId=20230405NCOB0
2023-04-06,2023,삼성,한화,home,1,8,대구,L,completed,20230406HHSS0,https://www.koreabaseball.com/Schedule/GameCenter/Main.aspx?gameDate=20230406&gameId=20230406HHSS0
2023-04-06,2023,한화,삼성,away,8,1,대구,W,completed,20230406HHSS0,https://www.koreabaseball.com/Schedule/GameCenter/Main.aspx?gameDate=20230406&gameId=20230406HHSS0
2023-04-06,2023,LG,키움,away,5,0,고척,W,completed,20230406LGWO0,https://www.koreabaseball.com/Schedule/GameCenter/Main.aspx?gameDate=20230406&gameId=20230406LGWO0
2023-04-06,2023,키움,LG,home,0,5,고척,L,completed,20230406LGWO0,https://www.koreabaseball.com/Schedule/GameCenter/Main.aspx?gameDate=20230406&gameId=20230406LGWO0
2023-04-06,2023,NC,두산,away,2,6,잠실,L,completed,20230406NCOB0,https://www.koreabaseball.com/Schedule/GameCenter/Main.aspx?gameDate=20230406&gameId=20230406NCOB0
2023-04-06,2023,두산,NC,home,6,2,잠실,W,completed,20230406NCOB0,https://www.koreabaseball.com/Schedule/GameCenter/Main.aspx?gameDate=20230406&gameId=20230406NCOB0
2023-04-07,2023,KT,롯데,away,7,1,사직,W,completed,20230407KTLT0,https://www.koreabaseball.com/Schedule/GameCenter/Main.aspx?gameDate=20230407&gameId=20230407KTLT0
2023-04-07,2023,롯데,KT,home,1,7,사직,L,completed,20230407KTLT0,https://www.koreabaseball.com/Schedule/GameCenter/Main.aspx?gameDate=20230407&gameId=20230407KTLT0
2023-04-07,2023,KIA,두산,home,1,4,광주,L,completed,20230407OBHT0,https://www.koreabaseball.com/Schedule/GameCenter/Main.aspx?gameDate=20230407&gameId=20230407OBHT0
2023-04-07,2023,두산,KIA,away,4,1,광주,W,completed,20230407OBHT0,https://www.koreabaseball.com/Schedule/GameCenter/Main.aspx?gameDate=20230407&gameId=20230407OBHT0
2023-04-07,2023,SSG,한화,away,7,3,한밭,W,completed,20230407SKHH0,https://www.koreabaseball.com/Schedule/GameCenter/Main.aspx?gameDate=20230407&gameId=20230407SKHH0
2023-04-07,2023,한화,SSG,home,3,7,한밭,L,completed,20230407SKHH0,https://www.koreabaseball.com/Schedule/GameCenter/Main.aspx?gameDate=20230407&gameId=20230407SKHH0
2023-04-07,2023,LG,삼성,home,7,2,잠실,W,completed,20230407SSLG0,https://www.koreabaseball.com/Schedule/GameCenter/Main.aspx?gameDate=20230407&gameId=20230407SSLG0
2023-04-07,2023,삼성,LG,away,2,7,잠실,L,completed,20230407SSLG0,https://www.koreabaseball.com/Schedule/GameCenter/Main.aspx?gameDate=20230407&gameId=20230407SSLG0
2023-04-07,2023,NC,키움,home,2,0,창원,W,completed,20230407WONC0,https://www.koreabaseball.com/Schedule/GameCenter/Main.aspx?gameDate=20230407&gameId=20230407WONC0
2023-04-07,2023,키움,NC,away,0,2,창원,L,completed,20230407WONC0,https://www.koreabaseball.com/Schedule/GameCenter/Main.aspx?gameDate=20230407&gameId=20230407WONC0
2023-04-08,2023,KT,롯데,away,7,3,사직,W,completed,20230408KTLT0,https://www.koreabaseball.com/Schedule/GameCenter/Main.aspx?gameDate=20230408&gameId=20230408KTLT0
2023-04-08,2023,롯데,KT,home,3,7,사직,L,completed,20230408KTLT0,https://www.koreabaseball.com/Schedule/GameCenter/Main.aspx?gameDate=20230408&gameId=20230408KTLT0
2023-04-08,2023,KIA,두산,home,7,6,광주,W,completed,20230408OBHT0,https://www.koreabaseball.com/Schedule/GameCenter/Main.aspx?gameDate=20230408&gameId=20230408OBHT0
2023-04-08,2023,두산,KIA,away,6,7,광주,L,completed,20230408OBHT0,https://www.koreabaseball.com/Schedule/GameCenter/Main.aspx?gameDate=20230408&gameId=20230408OBHT0
2023-04-08,2023,SSG,한화,away,7,5,한밭,W,completed,20230408SKHH0,https://www.koreabaseball.com/Schedule/GameCenter/Main.aspx?gameDate=20230408&gameId=20230408SKHH0
2023-04-08,2023,한화,SSG,home,5,7,한밭,L,completed,20230408SKHH0,https://www.koreabaseball.com/Schedule/GameCenter/Main.aspx?gameDate=20230408&gameId=20230408SKHH0
2023-04-08,2023,LG,삼성,home,2,1,잠실,W,completed,20230408SSLG0,https://www.koreabaseball.com/Schedule/GameCenter/Main.aspx?gameDate=20230408&gameId=20230408SSLG0
2023-04-08,2023,삼성,LG,away,1,2,잠실,L,completed,20230408SSLG0,https://www.koreabaseball.com/Schedule/GameCenter/Main.aspx?gameDate=20230408&gameId=20230408SSLG0
2023-04-08,2023,NC,키움,home,11,5,창원,W,completed,20230408WONC0,https://www.koreabaseball.com/Schedule/GameCenter/Main.aspx?gameDate=20230408&gameId=20230408WONC0
2023-04-08,2023,키움,NC,away,5,11,창원,L,completed,20230408WONC0,https://www.koreabaseball.com/Schedule/GameCenter/Main.aspx?gameDate=20230408&gameId=20230408WONC0
2023-04-09,2023,KT,롯데,away,3,5,사직,L,completed,20230409KTLT0,https://www.koreabaseball.com/Schedule/GameCenter/Main.aspx?gameDate=20230409&gameId=20230409KTLT0
2023-04-09,2023,롯데,KT,home,5,3,사직,W,completed,20230409KTLT0,https://www.koreabaseball.com/Schedule/GameCenter/Main.aspx?gameDate=20230409&gameId=20230409KTLT0
2023-04-09,2023,KIA,두산,home,2,3,광주,L,completed,20230409OBHT0,https://www.koreabaseball.com/Schedule/GameCenter/Main.aspx?gameDate=20230409&gameId=20230409OBHT0
2023-04-09,2023,두산,KIA,away,3,2,광주,W,completed,20230409OBHT0,https://www.koreabaseball.com/Schedule/GameCenter/Main.aspx?gameDate=20230409&gameId=20230409OBHT0
2023-04-09,2023,SSG,한화,away,3,0,한밭,W,completed,20230409SKHH0,https://www.koreabaseball.com/Schedule/GameCenter/Main.aspx?gameDate=20230409&gameId=20230409SKHH0
2023-04-09,2023,한화,SSG,home,0,3,한밭,L,completed,20230409SKHH0,https://www.koreabaseball.com/Schedule/GameCenter/Main.aspx?gameDate=20230409&gameId=20230409SKHH0
2023-04-09,2023,LG,삼성,home,3,2,잠실,W,completed,20230409SSLG0,https://www.koreabaseball.com/Schedule/GameCenter/Main.aspx?gameDate=20230409&gameId=20230409SSLG0
2023-04-09,2023,삼성,LG,away,2,3,잠실,L,completed,20230409SSLG0,https://www.koreabaseball.com/Schedule/GameCenter/Main.aspx?gameDate=20230409&gameId=20230409SSLG0
2023-04-09,2023,NC,키움,home,6,1,창원,W,completed,20230409WONC0,https://www.koreabaseball.com/Schedule/GameCenter/Main.aspx?gameDate=20230409&gameId=20230409WONC0
2023-04-09,2023,키움,NC,away,1,6,창원,L,completed,20230409WONC0,https://www.koreabaseball.com/Schedule/GameCenter/Main.aspx?gameDate=20230409&gameId=20230409WONC0
2023-04-11,2023,KIA,한화,home,4,5,광주,L,completed,20230411HHHT0,https://www.koreabaseball.com/Schedule/GameCenter/Main.aspx?gameDate=20230411&gameId=20230411HHHT0
2023-04-11,2023,한화,KIA,away,5,4,광주,W,completed,20230411HHHT0,https://www.koreabaseball.com/Schedule/GameCenter/Main.aspx?gameDate=20230411&gameId=20230411HHHT0
2023-04-11,2023,KT,NC,away,0,1,창원,L,completed,20230411KTNC0,https://www.koreabaseball.com/Schedule/GameCenter/Main.aspx?gameDate=20230411&gameId=20230411KTNC0
2023-04-11,2023,NC,KT,home,1,0,창원,W,completed,20230411KTNC0,https://www.koreabaseball.com/Schedule/GameCenter/Main.aspx?gameDate=20230411&gameId=20230411KTNC0
2023-04-11,2023,LG,롯데,away,5,6,사직,L,completed,20230411LGLT0,https://www.koreabaseball.com/Schedule/GameCenter/Main.aspx?gameDate=20230411&gameId=20230411LGLT0
2023-04-11,2023,롯데,LG,home,6,5,사직,W,completed,20230411LGLT0,https://www.koreabaseball.com/Schedule/GameCenter/Main.aspx?gameDate=20230411&gameId=20230411LGLT0
2023-04-11,2023,SSG,삼성,away,5,4,대구,W,completed,20230411SKSS0,https://www.koreabaseball.com/Schedule/GameCenter/Main.aspx?gameDate=20230411&gameId=20230411SKSS0
2023-04-11,2023,삼성,SSG,home,4,5,대구,L,completed,20230411SKSS0,https://www.koreabaseball.com/Schedule/GameCenter/Main.aspx?gameDate=20230411&gameId=20230411SKSS0
2023-04-11,2023,두산,키움,home,6,4,잠실,W,completed,20230411WOOB0,https://www.koreabaseball.com/Schedule/GameCenter/Main.aspx?gameDate=20230411&gameId=20230411WOOB0
2023-04-11,2023,키움,두산,away,4,6,잠실,L,completed,20230411WOOB0,https://www.koreabaseball.com/Schedule/GameCenter/Main.aspx?gameDate=20230411&gameId=20230411WOOB0
2023-04-12,2023,KIA,한화,home,2,0,광주,W,completed,20230412HHHT0,https://www.koreabaseball.com/Schedule/GameCenter/Main.aspx?gameDate=20230412&gameId=20230412HHHT0
2023-04-12,2023,한화,KIA,away,0,2,광주,L,completed,20230412HHHT0,https://www.koreabaseball.com/Schedule/GameCenter/Main.aspx?gameDate=20230412&gameId=20230412HHHT0
2023-04-12,2023,KT,NC,away,1,5,창원,L,completed,20230412KTNC0,https://www.koreabaseball.com/Schedule/GameCenter/Main.aspx?gameDate=20230412&gameId=20230412KTNC0
2023-04-12,2023,NC,KT,home,5,1,창원,W,completed,20230412KTNC0,https://www.koreabaseball.com/Schedule/GameCenter/Main.aspx?gameDate=20230412&gameId=20230412KTNC0
2023-04-12,2023,LG,롯데,away,12,8,사직,W,completed,20230412LGLT0,https://www.koreabaseball.com/Schedule/GameCenter/Main.aspx?gameDate=20230412&gameId=20230412LGLT0
2023-04-12,2023,롯데,LG,home,8,12,사직,L,completed,20230412LGLT0,https://www.koreabaseball.com/Schedule/GameCenter/Main.aspx?gameDate=20230412&gameId=20230412LGLT0
2023-04-12,2023,SSG,삼성,away,3,0,대구,W,completed,20230412SKSS0,https://www.koreabaseball.com/Schedule/GameCenter/Main.aspx?gameDate=20230412&gameId=20230412SKSS0
2023-04-12,2023,삼성,SSG,home,0,3,대구,L,completed,20230412SKSS0,https://www.koreabaseball.com/Schedule/GameCenter/Main.aspx?gameDate=20230412&gameId=20230412SKSS0
2023-04-13,2023,KIA,한화,home,1,5,광주,L,completed,20230413HHHT0,https://www.koreabaseball.com/Schedule/GameCenter/Main.aspx?gameDate=20230413&gameId=20230413HHHT0
2023-04-13,2023,한화,KIA,away,5,1,광주,W,completed,20230413HHHT0,https://www.koreabaseball.com/Schedule/GameCenter/Main.aspx?gameDate=20230413&gameId=20230413HHHT0
2023-04-13,2023,KT,NC,away,10,3,창원,W,completed,20230413KTNC0,https://www.koreabaseball.com/Schedule/GameCenter/Main.aspx?gameDate=20230413&gameId=20230413KTNC0
2023-04-13,2023,NC,KT,home,3,10,창원,L,completed,20230413KTNC0,https://www.koreabaseball.com/Schedule/GameCenter/Main.aspx?gameDate=20230413&gameId=20230413KTNC0
2023-04-13,2023,LG,롯데,away,7,8,사직,L,completed,20230413LGLT0,https://www.koreabaseball.com/Schedule/GameCenter/Main.aspx?gameDate=20230413&gameId=20230413LGLT0
2023-04-13,2023,롯데,LG,home,8,7,사직,W,completed,20230413LGLT0,https://www.koreabaseball.com/Schedule/GameCenter/Main.aspx?gameDate=20230413&gameId=20230413LGLT0
2023-04-13,2023,SSG,삼성,away,9,11,대구,L,completed,20230413SKSS0,https://www.koreabaseball.com/Schedule/GameCenter/Main.aspx?gameDate=20230413&gameId=20230413SKSS0
2023-04-13,2023,삼성,SSG,home,11,9,대구,W,completed,20230413SKSS0,https://www.koreabaseball.com/Schedule/GameCenter/Main.aspx?gameDate=20230413&gameId=20230413SKSS0
2023-04-13,2023,두산,키움,home,2,9,잠실,L,completed,20230413WOOB0,https://www.koreabaseball.com/Schedule/GameCenter/Main.aspx?gameDate=20230413&gameId=20230413WOOB0
2023-04-13,2023,키움,두산,away,9,2,잠실,W,completed,20230413WOOB0,https://www.koreabaseball.com/Schedule/GameCenter/Main.aspx?gameDate=20230413&gameId=20230413WOOB0
2023-04-14,2023,KT,한화,home,7,7,수원,D,completed,20230414HHKT0,https://www.koreabaseball.com/Schedule/GameCenter/Main.aspx?gameDate=20230414&gameId=20230414HHKT0
2023-04-14,2023,한화,KT,away,7,7,수원,D,completed,20230414HHKT0,https://www.koreabaseball.com/Schedule/GameCenter/Main.aspx?gameDate=20230414&gameId=20230414HHKT0
2023-04-14,2023,KIA,키움,away,2,9,고척,L,completed,20230414HTWO0,https://www.koreabaseball.com/Schedule/GameCenter/Main.aspx?gameDate=20230414&gameId=20230414HTWO0
2023-04-14,2023,키움,KIA,home,9,2,고척,W,completed,20230414HTWO0,https://www.koreabaseball.com/Schedule/GameCenter/Main.aspx?gameDate=20230414&gameId=20230414HTWO0
2023-04-14,2023,롯데,삼성,away,7,9,대구,L,completed,20230414LTSS0,https://www.koreabaseball.com/Schedule/GameCenter/Main.aspx?gameDate=20230414&gameId=20230414LTSS0
2023-04-14,2023,삼성,롯데,home,9,7,대구,W,completed,20230414LTSS0,https://www.koreabaseball.com/Schedule/GameCenter/Main.aspx?gameDate=20230414&gameId=20230414LTSS0
2023-04-14,2023,NC,SSG,away,1,2,문학,L,completed,20230414NCSK0,https://www.koreabaseball.com/Schedule/GameCenter/Main.aspx?gameDate=20230414&gameId=20230414NCSK0
2023-04-14,2023,SSG,NC,home,2,1,문학,W,completed,20230414NCSK0,https://www.koreabaseball.com/Schedule/GameCenter/Main.aspx?gameDate=20230414&gameId=20230414NCSK0
2023-04-14,2023,LG,두산,home,13,4,잠실,W,completed,20230414OBLG0,https://www.koreabaseball.com/Schedule/GameCenter/Main.aspx?gameDate=20230414&gameId=20230414OBLG0
2023-04-14,2023,두산,LG,away,4,13,잠실,L,completed,20230414OBLG0,https://www.koreabaseball.com/Schedule/GameCenter/Main.aspx?gameDate=20230414&gameId=20230414OBLG0
2023-04-15,2023,KT,한화,home,2,7,수원,L,completed,20230415HHKT0,https://www.koreabaseball.com/Schedule/GameCenter/Main.aspx?gameDate=20230415&gameId=20230415HHKT0
2023-04-15,2023,한화,KT,away,7,2,수원,W,completed,20230415HHKT0,https://www.koreabaseball.com/Schedule/GameCenter/Main.aspx?gameDate=20230415&gameId=20230415HHKT0
2023-04-15,2023,KIA,키움,away,1,6,고척,L,completed,20230415HTWO0,https://www.koreabaseball.com/Schedule/GameCenter/Main.aspx?gameDate=20230415&gameId=20230415HTWO0
2023-04-15,2023,키움,KIA,home,6,1,고척,W,completed,20230415HTWO0,https://www.koreabaseball.com/Schedule/GameCenter/Main.aspx?gameDate=20230415&gameId=20230415HTWO0
2023-04-15,2023,롯데,삼성,away,9,5,대구,W,completed,20230415LTSS0,https://www.koreabaseball.com/Schedule/GameCenter/Main.aspx?gameDate=20230415&gameId=20230415LTSS0
2023-04-15,2023,삼성,롯데,home,5,9,대구,L,completed,20230415LTSS0,https://www.koreabaseball.com/Schedule/GameCenter/Main.aspx?gameDate=20230415&gameId=20230415LTSS0
2023-04-15,2023,NC,SSG,away,1,0,문학,W,completed,20230415NCSK0,https://www.koreabaseball.com/Schedule/GameCenter/Main.aspx?gameDate=20230415&gameId=20230415NCSK0
2023-04-15,2023,SSG,NC,home,0,1,문학,L,completed,20230415NCSK0,https://www.koreabaseball.com/Schedule/GameCenter/Main.aspx?gameDate=20230415&gameId=20230415NCSK0
2023-04-15,2023,LG,두산,home,3,1,잠실,W,completed,20230415OBLG0,https://www.koreabaseball.com/Schedule/GameCenter/Main.aspx?gameDate=20230415&gameId=20230415OBLG0
2023-04-15,2023,두산,LG,away,1,3,잠실,L,completed,20230415OBLG0,https://www.koreabaseball.com/Schedule/GameCenter/Main.aspx?gameDate=20230415&gameId=20230415OBLG0
2023-04-16,2023,KT,한화,home,14,2,수원,W,completed,20230416HHKT0,https://www.koreabaseball.com/Schedule/GameCenter/Main.aspx?gameDate=20230416&gameId=20230416HHKT0
2023-04-16,2023,한화,KT,away,2,14,수원,L,completed,20230416HHKT0,https://www.koreabaseball.com/Schedule/GameCenter/Main.aspx?gameDate=20230416&gameId=20230416HHKT0
2023-04-16,2023,KIA,키움,away,0,2,고척,L,completed,20230416HTWO0,https://www.koreabaseball.com/Schedule/GameCenter/Main.aspx?gameDate=20230416&gameId=20230416HTWO0
2023-04-16,2023,키움,KIA,home,2,0,고척,W,completed,20230416HTWO0,https://www.koreabaseball.com/Schedule/GameCenter/Main.aspx?gameDate=20230416&gameId=20230416HTWO0
2023-04-16,2023,롯데,삼성,away,1,9,대구,L,completed,20230416LTSS0,https://www.koreabaseball.com/Schedule/GameCenter/Main.aspx?gameDate=20230416&gameId=20230416LTSS0
2023-04-16,2023,삼성,롯데,home,9,1,대구,W,completed,20230416LTSS0,https://www.koreabaseball.com/Schedule/GameCenter/Main.aspx?gameDate=20230416&gameId=20230416LTSS0
2023-04-16,2023,NC,SSG,away,10,5,문학,W,completed,20230416NCSK0,https://www.koreabaseball.com/Schedule/GameCenter/Main.aspx?gameDate=20230416&gameId=20230416NCSK0
2023-04-16,2023,SSG,NC,home,5,10,문학,L,completed,20230416NCSK0,https://www.koreabaseball.com/Schedule/GameCenter/Main.aspx?gameDate=20230416&gameId=20230416NCSK0
2023-04-16,2023,LG,두산,home,5,10,잠실,L,completed,20230416OBLG0,https://www.koreabaseball.com/Schedule/GameCenter/Main.aspx?gameDate=20230416&gameId=20230416OBLG0
2023-04-16,2023,두산,LG,away,10,5,잠실,W,completed,20230416OBLG0,https://www.koreabaseball.com/Schedule/GameCenter/Main.aspx?gameDate=20230416&gameId=20230416OBLG0
2023-04-18,2023,KIA,롯데,away,5,7,사직,L,completed,20230418HTLT0,https://www.koreabaseball.com/Schedule/GameCenter/Main.aspx?gameDate=20230418&gameId=20230418HTLT0
2023-04-18,2023,롯데,KIA,home,7,5,사직,W,completed,20230418HTLT0,https://www.koreabaseball.com/Schedule/GameCenter/Main.aspx?gameDate=20230418&gameId=20230418HTLT0
2023-04-18,2023,LG,NC,home,4,6,잠실,L,completed,20230418NCLG0,https://www.koreabaseball.com/Schedule/GameCenter/Main.aspx?gameDate=20230418&gameId=20230418NCLG0
2023-04-18,2023,NC,LG,away,6,4,잠실,W,completed,20230418NCLG0,https://www.koreabaseball.com/Schedule/GameCenter/Main.aspx?gameDate=20230418&gameId=20230418NCLG0
2023-04-18,2023,두산,한화,away,2,0,한밭,W,completed,20230418OBHH0,https://www.koreabaseball.com/Schedule/GameCenter/Main.aspx?gameDate=20230418&gameId=20230418OBHH0
2023-04-18,2023,한화,두산,home,0,2,한밭,L,completed,20230418OBHH0,https://www.koreabaseball.com/Schedule/GameCenter/Main.aspx?gameDate=20230418&gameId=20230418OBHH0
2023-04-18,2023,KT,SSG,home,4,2,수원,W,completed,20230418SKKT0,https://www.koreabaseball.com/Schedule/GameCenter/Main.aspx?gameDate=20230418&gameId=20230418SKKT0
2023-04-18,2023,SSG,KT,away,2,4,수원,L,completed,20230418SKKT0,https://www.koreabaseball.com/Schedule/GameCenter/Main.aspx?gameDate=20230418&gameId=20230418SKKT0
2023-04-18,2023,삼성,키움,away,6,4,고척,W,completed,20230418SSWO0,https://www.koreabaseball.com/Schedule/GameCenter/Main.aspx?gameDate=20230418&gameId=20230418SSWO0
2023-04-18,2023,키움,삼성,home,4,6,고척,L,completed,20230418SSWO0,https://www.koreabaseball.com/Schedule/GameCenter/Main.aspx?gameDate=20230418&gameId=20230418SSWO0
2023-04-19,2023,KIA,롯데,away,6,0,사직,W,completed,20230419HTLT0,https://www.koreabaseball.com/Schedule/GameCenter/Main.aspx?gameDate=20230419&gameId=20230419HTLT0
2023-04-19,2023,롯데,KIA,home,0,6,사직,L,completed,20230419HTLT0,https://www.koreabaseball.com/Schedule/GameCenter/Main.aspx?gameDate=20230419&gameId=20230419HTLT0
2023-04-19,2023,LG,NC,home,7,5,잠실,W,completed,20230419NCLG0,https://www.koreabaseball.com/Schedule/GameCenter/Main.aspx?gameDate=20230419&gameId=20230419NCLG0
2023-04-19,2023,NC,LG,away,5,7,잠실,L,completed,20230419NCLG0,https://www.koreabaseball.com/Schedule/GameCenter/Main.aspx?gameDate=20230419&gameId=20230419NCLG0
2023-04-19,2023,두산,한화,away,6,7,한밭,L,completed,20230419OBHH0,https://www.koreabaseball.com/Schedule/GameCenter/Main.aspx?gameDate=20230419&gameId=20230419OBHH0
2023-04-19,2023,한화,두산,home,7,6,한밭,W,completed,20230419OBHH0,https://www.koreabaseball.com/Schedule/GameCenter/Main.aspx?gameDate=20230419&gameId=20230419OBHH0
2023-04-19,2023,KT,SSG,home,5,2,수원,W,completed,20230419SKKT0,https://www.koreabaseball.com/Schedule/GameCenter/Main.aspx?gameDate=20230419&gameId=20230419SKKT0
2023-04-19,2023,SSG,KT,away,2,5,수원,L,completed,20230419SKKT0,https://www.koreabaseball.com/Schedule/GameCenter/Main.aspx?gameDate=20230419&gameId=20230419SKKT0
2023-04-19,2023,삼성,키움,away,9,5,고척,W,completed,20230419SSWO0,https://www.koreabaseball.com/Schedule/GameCenter/Main.aspx?gameDate=20230419&gameId=20230419SSWO0
2023-04-19,2023,키움,삼성,home,5,9,고척,L,completed,20230419SSWO0,https://www.koreabaseball.com/Schedule/GameCenter/Main.aspx?gameDate=20230419&gameId=20230419SSWO0
2023-04-20,2023,KIA,롯데,away,3,5,사직,L,completed,20230420HTLT0,https://www.koreabaseball.com/Schedule/GameCenter/Main.aspx?gameDate=20230420&gameId=20230420HTLT0
2023-04-20,2023,롯데,KIA,home,5,3,사직,W,completed,20230420HTLT0,https://www.koreabaseball.com/Schedule/GameCenter/Main.aspx?gameDate=20230420&gameId=20230420HTLT0
2023-04-20,2023,LG,NC,home,9,4,잠실,W,completed,20230420NCLG0,https://www.koreabaseball.com/Schedule/GameCenter/Main.aspx?gameDate=20230420&gameId=20230420NCLG0
2023-04-20,2023,NC,LG,away,4,9,잠실,L,completed,20230420NCLG0,https://www.koreabaseball.com/Schedule/GameCenter/Main.aspx?gameDate=20230420&gameId=20230420NCLG0
2023-04-20,2023,두산,한화,away,5,1,한밭,W,completed,20230420OBHH0,https://www.koreabaseball.com/Schedule/GameCenter/Main.aspx?gameDate=20230420&gameId=20230420OBHH0
2023-04-20,2023,한화,두산,home,1,5,한밭,L,completed,20230420OBHH0,https://www.koreabaseball.com/Schedule/GameCenter/Main.aspx?gameDate=20230420&gameId=20230420OBHH0
2023-04-20,2023,KT,SSG,home,5,8,수원,L,completed,20230420SKKT0,https://www.koreabaseball.com/Schedule/GameCenter/Main.aspx?gameDate=20230420&gameId=20230420SKKT0
2023-04-20,2023,SSG,KT,away,8,5,수원,W,completed,20230420SKKT0,https://www.koreabaseball.com/Schedule/GameCenter/Main.aspx?gameDate=20230420&gameId=20230420SKKT0
2023-04-20,2023,삼성,키움,away,1,6,고척,L,completed,20230420SSWO0,https://www.koreabaseball.com/Schedule/GameCenter/Main.aspx?gameDate=20230420&gameId=20230420SSWO0
2023-04-20,2023,키움,삼성,home,6,1,고척,W,completed,20230420SSWO0,https://www.koreabaseball.com/Schedule/GameCenter/Main.aspx?gameDate=20230420&gameId=20230420SSWO0
2023-04-21,2023,KT,두산,away,6,10,잠실,L,completed,20230421KTOB0,https://www.koreabaseball.com/Schedule/GameCenter/Main.aspx?gameDate=20230421&gameId=20230421KTOB0
2023-04-21,2023,두산,KT,home,10,6,잠실,W,completed,20230421KTOB0,https://www.koreabaseball.com/Schedule/GameCenter/Main.aspx?gameDate=20230421&gameId=20230421KTOB0
2023-04-21,2023,LG,한화,away,4,2,한밭,W,completed,20230421LGHH0,https://www.koreabaseball.com/Schedule/GameCenter/Main.aspx?gameDate=20230421&gameId=20230421LGHH0
2023-04-21,2023,한화,LG,home,2,4,한밭,L,completed,20230421LGHH0,https://www.koreabaseball.com/Schedule/GameCenter/Main.aspx?gameDate=20230421&gameId=20230421LGHH0
2023-04-21,2023,NC,롯데,home,2,3,창원,L,completed,20230421LTNC0,https://www.koreabaseball.com/Schedule/GameCenter/Main.aspx?gameDate=20230421&gameId=20230421LTNC0
2023-04-21,2023,롯데,NC,away,3,2,창원,W,completed,20230421LTNC0,https://www.koreabaseball.com/Schedule/GameCenter/Main.aspx?gameDate=20230421&gameId=20230421LTNC0
2023-04-21,2023,KIA,삼성,home,5,4,광주,W,completed,20230421SSHT0,https://www.koreabaseball.com/Schedule/GameCenter/Main.aspx?gameDate=20230421&gameId=20230421SSHT0
2023-04-21,2023,삼성,KIA,away,4,5,광주,L,completed,20230421SSHT0,https://www.koreabaseball.com/Schedule/GameCenter/Main.aspx?gameDate=20230421&gameId=20230421SSHT0
2023-04-21,2023,SSG,키움,home,3,1,문학,W,completed,20230421WOSK0,https://www.koreabaseball.com/Schedule/GameCenter/Main.aspx?gameDate=20230421&gameId=20230421WOSK0
2023-04-21,2023,키움,SSG,away,1,3,문학,L,completed,20230421WOSK0,https://www.koreabaseball.com/Schedule/GameCenter/Main.aspx?gameDate=20230421&gameId=20230421WOSK0
2023-04-22,2023,KT,두산,away,1,5,잠실,L,completed,20230422KTOB0,https://www.koreabaseball.com/Schedule/GameCenter/Main.aspx?gameDate=20230422&gameId=20230422KTOB0
2023-04-22,2023,두산,KT,home,5,1,잠실,W,completed,20230422KTOB0,https://www.koreabaseball.com/Schedule/GameCenter/Main.aspx?gameDate=20230422&gameId=20230422KTOB0
2023-04-22,2023,LG,한화,away,3,0,한밭,W,completed,20230422LGHH0,https://www.koreabaseball.com/Schedule/GameCenter/Main.aspx?gameDate=20230422&gameId=20230422LGHH0
2023-04-22,2023,한화,LG,home,0,3,한밭,L,completed,20230422LGHH0,https://www.koreabaseball.com/Schedule/GameCenter/Main.aspx?gameDate=20230422&gameId=20230422LGHH0
2023-04-22,2023,NC,롯데,home,6,10,창원,L,completed,20230422LTNC0,https://www.koreabaseball.com/Schedule/GameCenter/Main.aspx?gameDate=20230422&gameId=20230422LTNC0
2023-04-22,2023,롯데,NC,away,10,6,창원,W,completed,20230422LTNC0,https://www.koreabaseball.com/Schedule/GameCenter/Main.aspx?gameDate=20230422&gameId=20230422LTNC0
2023-04-22,2023,KIA,삼성,home,6,2,광주,W,completed,20230422SSHT0,https://www.koreabaseball.com/Schedule/GameCenter/Main.aspx?gameDate=20230422&gameId=20230422SSHT0
2023-04-22,2023,삼성,KIA,away,2,6,광주,L,completed,20230422SSHT0,https://www.koreabaseball.com/Schedule/GameCenter/Main.aspx?gameDate=20230422&gameId=20230422SSHT0
2023-04-22,2023,SSG,키움,home,3,2,문학,W,completed,20230422WOSK0,https://www.koreabaseball.com/Schedule/GameCenter/Main.aspx?gameDate=20230422&gameId=20230422WOSK0
2023-04-22,2023,키움,SSG,away,2,3,문학,L,completed,20230422WOSK0,https://www.koreabaseball.com/Schedule/GameCenter/Main.aspx?gameDate=20230422&gameId=20230422WOSK0
2023-04-23,2023,KT,두산,away,1,1,잠실,D,completed,20230423KTOB0,https://www.koreabaseball.com/Schedule/GameCenter/Main.aspx?gameDate=20230423&gameId=20230423KTOB0
2023-04-23,2023,두산,KT,home,1,1,잠실,D,completed,20230423KTOB0,https://www.koreabaseball.com/Schedule/GameCenter/Main.aspx?gameDate=20230423&gameId=20230423KTOB0
2023-04-23,2023,LG,한화,away,6,7,한밭,L,completed,20230423LGHH0,https://www.koreabaseball.com/Schedule/GameCenter/Main.aspx?gameDate=20230423&gameId=20230423LGHH0
2023-04-23,2023,한화,LG,home,7,6,한밭,W,completed,20230423LGHH0,https://www.koreabaseball.com/Schedule/GameCenter/Main.aspx?gameDate=20230423&gameId=20230423LGHH0
2023-04-23,2023,NC,롯데,home,3,5,창원,L,completed,20230423LTNC0,https://www.koreabaseball.com/Schedule/GameCenter/Main.aspx?gameDate=20230423&gameId=20230423LTNC0
2023-04-23,2023,롯데,NC,away,5,3,창원,W,completed,20230423LTNC0,https://www.koreabaseball.com/Schedule/GameCenter/Main.aspx?gameDate=20230423&gameId=20230423LTNC0
2023-04-23,2023,KIA,삼성,home,5,3,광주,W,completed,20230423SSHT0,https://www.koreabaseball.com/Schedule/GameCenter/Main.aspx?gameDate=20230423&gameId=20230423SSHT0
2023-04-23,2023,삼성,KIA,away,3,5,광주,L,completed,20230423SSHT0,https://www.koreabaseball.com/Schedule/GameCenter/Main.aspx?gameDate=20230423&gameId=20230423SSHT0
2023-04-23,2023,SSG,키움,home,9,7,문학,W,completed,20230423WOSK0,https://www.koreabaseball.com/Schedule/GameCenter/Main.aspx?gameDate=20230423&gameId=20230423WOSK0
2023-04-23,2023,키움,SSG,away,7,9,문학,L,completed,20230423WOSK0,https://www.koreabaseball.com/Schedule/GameCenter/Main.aspx?gameDate=20230423&gameId=20230423WOSK0
2023-04-25,2023,KT,키움,away,0,1,고척,L,completed,20230425KTWO0,https://www.koreabaseball.com/Schedule/GameCenter/Main.aspx?gameDate=20230425&gameId=20230425KTWO0
2023-04-25,2023,키움,KT,home,1,0,고척,W,completed,20230425KTWO0,https://www.koreabaseball.com/Schedule/GameCenter/Main.aspx?gameDate=20230425&gameId=20230425KTWO0
2023-04-25,2023,KIA,NC,home,0,6,광주,L,completed,20230425NCHT0,https://www.koreabaseball.com/Schedule/GameCenter/Main.aspx?gameDate=20230425&gameId=20230425NCHT0
2023-04-25,2023,NC,KIA,away,6,0,광주,W,completed,20230425NCHT0,https://www.koreabaseball.com/Schedule/GameCenter/Main.aspx?gameDate=20230425&gameId=20230425NCHT0
2023-04-25,2023,LG,SSG,home,5,4,잠실,W,completed,20230425SKLG0,https://www.koreabaseball.com/Schedule/GameCenter/Main.aspx?gameDate=20230425&gameId=20230425SKLG0
2023-04-25,2023,SSG,LG,away,4,5,잠실,L,completed,20230425SKLG0,https://www.koreabaseball.com/Schedule/GameCenter/Main.aspx?gameDate=20230425&gameId=20230425SKLG0
2023-04-26,2023,롯데,한화,home,8,1,사직,W,completed,20230426HHLT0,https://www.koreabaseball.com/Schedule/GameCenter/Main.aspx?gameDate=20230426&gameId=20230426HHLT0
2023-04-26,2023,한화,롯데,away,1,8,사직,L,completed,20230426HHLT0,https://www.koreabaseball.com/Schedule/GameCenter/Main.aspx?gameDate=20230426&gameId=20230426HHLT0
2023-04-26,2023,KT,키움,away,2,13,고척,L,completed,20230426KTWO0,https://www.koreabaseball.com/Schedule/GameCenter/Main.aspx?gameDate=20230426&gameId=20230426KTWO0
2023-04-26,2023,키움,KT,home,13,2,고척,W,completed,20230426KTWO0,https://www.koreabaseball.com/Schedule/GameCenter/Main.aspx?gameDate=20230426&gameId=20230426KTWO0
2023-04-26,2023,KIA,NC,home,6,0,광주,W,completed,20230426NCHT0,https://www.koreabaseball.com/Schedule/GameCenter/Main.aspx?gameDate=20230426&gameId=20230426NCHT0
2023-04-26,2023,NC,KIA,away,0,6,광주,L,completed,20230426NCHT0,https://www.koreabaseball.com/Schedule/GameCenter/Main.aspx?gameDate=20230426&gameId=20230426NCHT0
2023-04-26,2023,두산,삼성,away,0,1,대구,L,completed,20230426OBSS0,https://www.koreabaseball.com/Schedule/GameCenter/Main.aspx?gameDate=20230426&gameId=20230426OBSS0
2023-04-26,2023,삼성,두산,home,1,0,대구,W,completed,20230426OBSS0,https://www.koreabaseball.com/Schedule/GameCenter/Main.aspx?gameDate=20230426&gameId=20230426OBSS0
2023-04-26,2023,LG,SSG,home,3,5,잠실,L,completed,20230426SKLG0,https://www.koreabaseball.com/Schedule/GameCenter/Main.aspx?gameDate=20230426&gameId=20230426SKLG0
2023-04-26,2023,SSG,LG,away,5,3,잠실,W,completed,20230426SKLG0,https://www.koreabaseball.com/Schedule/GameCenter/Main.aspx?gameDate=20230426&gameId=20230426SKLG0
2023-04-27,2023,롯데,한화,home,3,0,사직,W,completed,20230427HHLT0,https://www.koreabaseball.com/Schedule/GameCenter/Main.aspx?gameDate=20230427&gameId=20230427HHLT0
2023-04-27,2023,한화,롯데,away,0,3,사직,L,completed,20230427HHLT0,https://www.koreabaseball.com/Schedule/GameCenter/Main.aspx?gameDate=20230427&gameId=20230427HHLT0
2023-04-27,2023,KT,키움,away,1,3,고척,L,completed,20230427KTWO0,https://www.koreabaseball.com/Schedule/GameCenter/Main.aspx?gameDate=20230427&gameId=20230427KTWO0
2023-04-27,2023,키움,KT,home,3,1,고척,W,completed,20230427KTWO0,https://www.koreabaseball.com/Schedule/GameCenter/Main.aspx?gameDate=20230427&gameId=20230427KTWO0
2023-04-27,2023,KIA,NC,home,5,0,광주,W,completed,20230427NCHT0,https://www.koreabaseball.com/Schedule/GameCenter/Main.aspx?gameDate=20230427&gameId=20230427NCHT0
2023-04-27,2023,NC,KIA,away,0,5,광주,L,completed,20230427NCHT0,https://www.koreabaseball.com/Schedule/GameCenter/Main.aspx?gameDate=20230427&gameId=20230427NCHT0
2023-04-27,2023,두산,삼성,away,6,7,대구,L,completed,20230427OBSS0,https://www.koreabaseball.com/Schedule/GameCenter/Main.aspx?gameDate=20230427&gameId=20230427OBSS0
2023-04-27,2023,삼성,두산,home,7,6,대구,W,completed,20230427OBSS0,https://www.koreabaseball.com/Schedule/GameCenter/Main.aspx?gameDate=20230427&gameId=20230427OBSS0
2023-04-27,2023,LG,SSG,home,6,3,잠실,W,completed,20230427SKLG0,https://www.koreabaseball.com/Schedule/GameCenter/Main.aspx?gameDate=20230427&gameId=20230427SKLG0
2023-04-27,2023,SSG,LG,away,3,6,잠실,L,completed,20230427SKLG0,https://www.koreabaseball.com/Schedule/GameCenter/Main.aspx?gameDate=20230427&gameId=20230427SKLG0
2023-04-28,2023,KIA,LG,away,4,3,잠실,W,completed,20230428HTLG0,https://www.koreabaseball.com/Schedule/GameCenter/Main.aspx?gameDate=20230428&gameId=20230428HTLG0
2023-04-28,2023,LG,KIA,home,3,4,잠실,L,completed,20230428HTLG0,https://www.koreabaseball.com/Schedule/GameCenter/Main.aspx?gameDate=20230428&gameId=20230428HTLG0
2023-04-28,2023,NC,한화,away,6,4,한밭,W,completed,20230428NCHH0,https://www.koreabaseball.com/Schedule/GameCenter/Main.aspx?gameDate=20230428&gameId=20230428NCHH0
2023-04-28,2023,한화,NC,home,4,6,한밭,L,completed,20230428NCHH0,https://www.koreabaseball.com/Schedule/GameCenter/Main.aspx?gameDate=20230428&gameId=20230428NCHH0
2023-04-28,2023,SSG,두산,home,4,1,문학,W,completed,20230428OBSK0,https://www.koreabaseball.com/Schedule/GameCenter/Main.aspx?gameDate=20230428&gameId=20230428OBSK0
2023-04-28,2023,두산,SSG,away,1,4,문학,L,completed,20230428OBSK0,https://www.koreabaseball.com/Schedule/GameCenter/Main.aspx?gameDate=20230428&gameId=20230428OBSK0
2023-04-28,2023,KT,삼성,home,9,10,수원,L,completed,20230428SSKT0,https://www.koreabaseball.com/Schedule/GameCenter/Main.aspx?gameDate=20230428&gameId=20230428SSKT0
2023-04-28,2023,삼성,KT,away,10,9,수원,W,completed,20230428SSKT0,https://www.koreabaseball.com/Schedule/GameCenter/Main.aspx?gameDate=20230428&gameId=20230428SSKT0
2023-04-28,2023,롯데,키움,home,5,2,사직,W,completed,20230428WOLT0,https://www.koreabaseball.com/Schedule/GameCenter/Main.aspx?gameDate=20230428&gameId=20230428WOLT0
2023-04-28,2023,키움,롯데,away,2,5,사직,L,completed,20230428WOLT0,https://www.koreabaseball.com/Schedule/GameCenter/Main.aspx?gameDate=20230428&gameId=20230428WOLT0
2023-04-29,2023,KIA,LG,away,6,3,잠실,W,completed,20230429HTLG0,https://www.koreabaseball.com/Schedule/GameCenter/Main.aspx?gameDate=20230429&gameId=20230429HTLG0
2023-04-29,2023,LG,KIA,home,3,6,잠실,L,completed,20230429HTLG0,https://www.koreabaseball.com/Schedule/GameCenter/Main.aspx?gameDate=20230429&gameId=20230429HTLG0
2023-04-29,2023,NC,한화,away,3,2,한밭,W,completed,20230429NCHH0,https://www.koreabaseball.com/Schedule/GameCenter/Main.aspx?gameDate=20230429&gameId=20230429NCHH0
2023-04-29,2023,한화,NC,home,2,3,한밭,L,completed,20230429NCHH0,https://www.koreabaseball.com/Schedule/GameCenter/Main.aspx?gameDate=20230429&gameId=20230429NCHH0
2023-04-29,2023,SSG,두산,home,10,4,문학,W,completed,20230429OBSK0,https://www.koreabaseball.com/Schedule/GameCenter/Main.aspx?gameDate=20230429&gameId=20230429OBSK0
2023-04-29,2023,두산,SSG,away,4,10,문학,L,completed,20230429OBSK0,https://www.koreabaseball.com/Schedule/GameCenter/Main.aspx?gameDate=20230429&gameId=20230429OBSK0
2023-04-29,2023,KT,삼성,home,2,3,수원,L,completed,20230429SSKT0,https://www.koreabaseball.com/Schedule/GameCenter/Main.aspx?gameDate=20230429&gameId=20230429SSKT0
2023-04-29,2023,삼성,KT,away,3,2,수원,W,completed,20230429SSKT0,https://www.koreabaseball.com/Schedule/GameCenter/Main.aspx?gameDate=20230429&gameId=20230429SSKT0
2023-04-30,2023,KIA,LG,away,12,8,잠실,W,completed,20230430HTLG0,https://www.koreabaseball.com/Schedule/GameCenter/Main.aspx?gameDate=20230430&gameId=20230430HTLG0
2023-04-30,2023,LG,KIA,home,8,12,잠실,L,completed,20230430HTLG0,https://www.koreabaseball.com/Schedule/GameCenter/Main.aspx?gameDate=20230430&gameId=20230430HTLG0
2023-04-30,2023,NC,한화,away,4,1,한밭,W,completed,20230430NCHH0,https://www.koreabaseball.com/Schedule/GameCenter/Main.aspx?gameDate=20230430&gameId=20230430NCHH0
2023-04-30,2023,한화,NC,home,1,4,한밭,L,completed,20230430NCHH0,https://www.koreabaseball.com/Schedule/GameCenter/Main.aspx?gameDate=20230430&gameId=20230430NCHH0
2023-04-30,2023,SSG,두산,home,0,2,문학,L,completed,20230430OBSK0,https://www.koreabaseball.com/Schedule/GameCenter/Main.aspx?gameDate=20230430&gameId=20230430OBSK0
2023-04-30,2023,두산,SSG,away,2,0,문학,W,completed,20230430OBSK0,https://www.koreabaseball.com/Schedule/GameCenter/Main.aspx?gameDate=20230430&gameId=20230430OBSK0
2023-04-30,2023,KT,삼성,home,0,1,수원,L,completed,20230430SSKT0,https://www.koreabaseball.com/Schedule/GameCenter/Main.aspx?gameDate=20230430&gameId=20230430SSKT0
2023-04-30,2023,삼성,KT,away,1,0,수원,W,completed,20230430SSKT0,https://www.koreabaseball.com/Schedule/GameCenter/Main.aspx?gameDate=20230430&gameId=20230430SSKT0
2023-04-30,2023,롯데,키움,home,5,3,사직,W,completed,20230430WOLT0,https://www.koreabaseball.com/Schedule/GameCenter/Main.aspx?gameDate=20230430&gameId=20230430WOLT0
2023-04-30,2023,키움,롯데,away,3,5,사직,L,completed,20230430WOLT0,https://www.koreabaseball.com/Schedule/GameCenter/Main.aspx?gameDate=20230430&gameId=20230430WOLT0
2023-05-02,2023,두산,한화,home,3,0,잠실,W,completed,20230502HHOB0,https://www.koreabaseball.com/Schedule/GameCenter/Main.aspx?gameDate=20230502&gameId=20230502HHOB0
2023-05-02,2023,한화,두산,away,0,3,잠실,L,completed,20230502HHOB0,https://www.koreabaseball.com/Schedule/GameCenter/Main.aspx?gameDate=20230502&gameId=20230502HHOB0
2023-05-02,2023,KT,SSG,away,11,4,문학,W,completed,20230502KTSK0,https://www.koreabaseball.com/Schedule/GameCenter/Main.aspx?gameDate=20230502&gameId=20230502KTSK0
2023-05-02,2023,SSG,KT,home,4,11,문학,L,completed,20230502KTSK0,https://www.koreabaseball.com/Schedule/GameCenter/Main.aspx?gameDate=20230502&gameId=20230502KTSK0
2023-05-02,2023,LG,NC,away,5,3,창원,W,completed,20230502LGNC0,https://www.koreabaseball.com/Schedule/GameCenter/Main.aspx?gameDate=20230502&gameId=20230502LGNC0
2023-05-02,2023,NC,LG,home,3,5,창원,L,completed,20230502LGNC0,https://www.koreabaseball.com/Schedule/GameCenter/Main.aspx?gameDate=20230502&gameId=20230502LGNC0
2023-05-02,2023,KIA,롯데,home,4,7,광주,L,completed,20230502LTHT0,https://www.koreabaseball.com/Schedule/GameCenter/Main.aspx?gameDate=20230502&gameId=20230502LTHT0
2023-05-02,2023,롯데,KIA,away,7,4,광주,W,completed,20230502LTHT0,https://www.koreabaseball.com/Schedule/GameCenter/Main.aspx?gameDate=20230502&gameId=20230502LTHT0
2023-05-02,2023,삼성,키움,home,0,4,대구,L,completed,20230502WOSS0,https://www.koreabaseball.com/Schedule/GameCenter/Main.aspx?gameDate=20230502&gameId=20230502WOSS0
2023-05-02,2023,키움,삼성,away,4,0,대구,W,completed,20230502WOSS0,https://www.koreabaseball.com/Schedule/GameCenter/Main.aspx?gameDate=20230502&gameId=20230502WOSS0
2023-05-03,2023,두산,한화,home,3,8,잠실,L,completed,20230503HHOB0,https://www.koreabaseball.com/Schedule/GameCenter/Main.aspx?gameDate=20230503&gameId=20230503HHOB0
2023-05-03,2023,한화,두산,away,8,3,잠실,W,completed,20230503HHOB0,https://www.koreabaseball.com/Schedule/GameCenter/Main.aspx?gameDate=20230503&gameId=20230503HHOB0
2023-05-03,2023,KT,SSG,away,3,5,문학,L,completed,20230503KTSK0,https://www.koreabaseball.com/Schedule/GameCenter/Main.aspx?gameDate=20230503&gameId=20230503KTSK0
2023-05-03,2023,SSG,KT,home,5,3,문학,W,completed,20230503KTSK0,https://www.koreabaseball.com/Schedule/GameCenter/Main.aspx?gameDate=20230503&gameId=20230503KTSK0
2023-05-03,2023,LG,NC,away,2,1,창원,W,completed,20230503LGNC0,https://www.koreabaseball.com/Schedule/GameCenter/Main.aspx?gameDate=20230503&gameId=20230503LGNC0
2023-05-03,2023,NC,LG,home,1,2,창원,L,completed,20230503LGNC0,https://www.koreabaseball.com/Schedule/GameCenter/Main.aspx?gameDate=20230503&gameId=20230503LGNC0
2023-05-03,2023,KIA,롯데,home,10,2,광주,W,completed,20230503LTHT0,https://www.koreabaseball.com/Schedule/GameCenter/Main.aspx?gameDate=20230503&gameId=20230503LTHT0
2023-05-03,2023,롯데,KIA,away,2,10,광주,L,completed,20230503LTHT0,https://www.koreabaseball.com/Schedule/GameCenter/Main.aspx?gameDate=20230503&gameId=20230503LTHT0
2023-05-03,2023,삼성,키움,home,1,4,대구,L,completed,20230503WOSS0,https://www.koreabaseball.com/Schedule/GameCenter/Main.aspx?gameDate=20230503&gameId=20230503WOSS0
2023-05-03,2023,키움,삼성,away,4,1,대구,W,completed,20230503WOSS0,https://www.koreabaseball.com/Schedule/GameCenter/Main.aspx?gameDate=20230503&gameId=20230503WOSS0
2023-05-04,2023,두산,한화,home,3,10,잠실,L,completed,20230504HHOB0,https://www.koreabaseball.com/Schedule/GameCenter/Main.aspx?gameDate=20230504&gameId=20230504HHOB0
2023-05-04,2023,한화,두산,away,10,3,잠실,W,completed,20230504HHOB0,https://www.koreabaseball.com/Schedule/GameCenter/Main.aspx?gameDate=20230504&gameId=20230504HHOB0
2023-05-04,2023,KT,SSG,away,2,10,문학,L,completed,20230504KTSK0,https://www.koreabaseball.com/Schedule/GameCenter/Main.aspx?gameDate=20230504&gameId=20230504KTSK0
2023-05-04,2023,SSG,KT,home,10,2,문학,W,completed,20230504KTSK0,https://www.koreabaseball.com/Schedule/GameCenter/Main.aspx?gameDate=20230504&gameId=20230504KTSK0
2023-05-04,2023,삼성,키움,home,14,1,대구,W,completed,20230504WOSS0,https://www.koreabaseball.com/Schedule/GameCenter/Main.aspx?gameDate=20230504&gameId=20230504WOSS0
2023-05-04,2023,키움,삼성,away,1,14,대구,L,completed,20230504WOSS0,https://www.koreabaseball.com/Schedule/GameCenter/Main.aspx?gameDate=20230504&gameId=20230504WOSS0
2023-05-05,2023,SSG,키움,away,3,1,고척,W,completed,20230505SKWO0,https://www.koreabaseball.com/Schedule/GameCenter/Main.aspx?gameDate=20230505&gameId=20230505SKWO0
2023-05-05,2023,키움,SSG,home,1,3,고척,L,completed,20230505SKWO0,https://www.koreabaseball.com/Schedule/GameCenter/Main.aspx?gameDate=20230505&gameId=20230505SKWO0
2023-05-06,2023,SSG,키움,away,2,1,고척,W,completed,20230506SKWO0,https://www.koreabaseball.com/Schedule/GameCenter/Main.aspx?gameDate=20230506&gameId=20230506SKWO0
2023-05-06,2023,키움,SSG,home,1,2,고척,L,completed,20230506SKWO0,https://www.koreabaseball.com/Schedule/GameCenter/Main.aspx?gameDate=20230506&gameId=20230506SKWO0
2023-05-07,2023,KT,한화,away,2,6,한밭,L,completed,20230507KTHH0,https://www.koreabaseball.com/Schedule/GameCenter/Main.aspx?gameDate=20230507&gameId=20230507KTHH0
2023-05-07,2023,한화,KT,home,6,2,한밭,W,completed,20230507KTHH0,https://www.koreabaseball.com/Schedule/GameCenter/Main.aspx?gameDate=20230507&gameId=20230507KTHH0
2023-05-07,2023,LG,두산,away,11,1,잠실,W,completed,20230507LGOB0,https://www.koreabaseball.com/Schedule/GameCenter/Main.aspx?gameDate=20230507&gameId=20230507LGOB0
2023-05-07,2023,두산,LG,home,1,11,잠실,L,completed,20230507LGOB0,https://www.koreabaseball.com/Schedule/GameCenter/Main.aspx?gameDate=20230507&gameId=20230507LGOB0
2023-05-07,2023,SSG,키움,away,7,6,고척,W,completed,20230507SKWO0,https://www.koreabaseball.com/Schedule/GameCenter/Main.aspx?gameDate=20230507&gameId=20230507SKWO0
2023-05-07,2023,키움,SSG,home,6,7,고척,L,completed,20230507SKWO0,https://www.koreabaseball.com/Schedule/GameCenter/Main.aspx?gameDate=20230507&gameId=20230507SKWO0
2023-05-09,2023,KT,NC,home,4,16,수원,L,completed,20230509NCKT0,https://www.koreabaseball.com/Schedule/GameCenter/Main.aspx?gameDate=20230509&gameId=20230509NCKT0
2023-05-09,2023,NC,KT,away,16,4,수원,W,completed,20230509NCKT0,https://www.koreabaseball.com/Schedule/GameCenter/Main.aspx?gameDate=20230509&gameId=20230509NCKT0
2023-05-09,2023,두산,롯데,away,5,2,사직,W,completed,20230509OBLT0,https://www.koreabaseball.com/Schedule/GameCenter/Main.aspx?gameDate=20230509&gameId=20230509OBLT0
2023-05-09,2023,롯데,두산,home,2,5,사직,L,completed,20230509OBLT0,https://www.koreabaseball.com/Schedule/GameCenter/Main.aspx?gameDate=20230509&gameId=20230509OBLT0
2023-05-09,2023,KIA,SSG,home,3,0,광주,W,completed,20230509SKHT0,https://www.koreabaseball.com/Schedule/GameCenter/Main.aspx?gameDate=20230509&gameId=20230509SKHT0
2023-05-09,2023,SSG,KIA,away,0,3,광주,L,completed,20230509SKHT0,https://www.koreabaseball.com/Schedule/GameCenter/Main.aspx?gameDate=20230509&gameId=20230509SKHT0
2023-05-09,2023,삼성,한화,away,9,1,한밭,W,completed,20230509SSHH0,https://www.koreabaseball.com/Schedule/GameCenter/Main.aspx?gameDate=20230509&gameId=20230509SSHH0
2023-05-09,2023,한화,삼성,home,1,9,한밭,L,completed,20230509SSHH0,https://www.koreabaseball.com/Schedule/GameCenter/Main.aspx?gameDate=20230509&gameId=20230509SSHH0
2023-05-09,2023,LG,키움,home,5,4,잠실,W,completed,20230509WOLG0,https://www.koreabaseball.com/Schedule/GameCenter/Main.aspx?gameDate=20230509&gameId=20230509WOLG0
2023-05-09,2023,키움,LG,away,4,5,잠실,L,completed,20230509WOLG0,https://www.koreabaseball.com/Schedule/GameCenter/Main.aspx?gameDate=20230509&gameId=20230509WOLG0
2023-05-10,2023,KT,NC,home,7,8,수원,L,completed,20230510NCKT0,https://www.koreabaseball.com/Schedule/GameCenter/Main.aspx?gameDate=20230510&gameId=20230510NCKT0
2023-05-10,2023,NC,KT,away,8,7,수원,W,completed,20230510NCKT0,https://www.koreabaseball.com/Schedule/GameCenter/Main.aspx?gameDate=20230510&gameId=20230510NCKT0
2023-05-10,2023,두산,롯데,away,0,3,사직,L,completed,20230510OBLT0,https://www.koreabaseball.com/Schedule/GameCenter/Main.aspx?gameDate=20230510&gameId=20230510OBLT0
2023-05-10,2023,롯데,두산,home,3,0,사직,W,completed,20230510OBLT0,https://www.koreabaseball.com/Schedule/GameCenter/Main.aspx?gameDate=20230510&gameId=20230510OBLT0
2023-05-10,2023,KIA,SSG,home,3,5,광주,L,completed,20230510SKHT0,https://www.koreabaseball.com/Schedule/GameCenter/Main.aspx?gameDate=20230510&gameId=20230510SKHT0
2023-05-10,2023,SSG,KIA,away,5,3,광주,W,completed,20230510SKHT0,https://www.koreabaseball.com/Schedule/GameCenter/Main.aspx?gameDate=20230510&gameId=20230510SKHT0
2023-05-10,2023,삼성,한화,away,1,5,한밭,L,completed,20230510SSHH0,https://www.koreabaseball.com/Schedule/GameCenter/Main.aspx?gameDate=20230510&gameId=20230510SSHH0
2023-05-10,2023,한화,삼성,home,5,1,한밭,W,completed,20230510SSHH0,https://www.koreabaseball.com/Schedule/GameCenter/Main.aspx?gameDate=20230510&gameId=20230510SSHH0
2023-05-10,2023,LG,키움,home,1,11,잠실,L,completed,20230510WOLG0,https://www.koreabaseball.com/Schedule/GameCenter/Main.aspx?gameDate=20230510&gameId=20230510WOLG0
2023-05-10,2023,키움,LG,away,11,1,잠실,W,completed,20230510WOLG0,https://www.koreabaseball.com/Schedule/GameCenter/Main.aspx?gameDate=20230510&gameId=20230510WOLG0
2023-05-11,2023,KT,NC,home,1,4,수원,L,completed,20230511NCKT0,https://www.koreabaseball.com/Schedule/GameCenter/Main.aspx?gameDate=20230511&gameId=20230511NCKT0
2023-05-11,2023,NC,KT,away,4,1,수원,W,completed,20230511NCKT0,https://www.koreabaseball.com/Schedule/GameCenter/Main.aspx?gameDate=20230511&gameId=20230511NCKT0
2023-05-11,2023,두산,롯데,away,6,7,사직,L,completed,20230511OBLT0,https://www.koreabaseball.com/Schedule/GameCenter/Main.aspx?gameDate=20230511&gameId=20230511OBLT0
2023-05-11,2023,롯데,두산,home,7,6,사직,W,completed,20230511OBLT0,https://www.koreabaseball.com/Schedule/GameCenter/Main.aspx?gameDate=20230511&gameId=20230511OBLT0
2023-05-11,2023,KIA,SSG,home,3,5,광주,L,completed,20230511SKHT0,https://www.koreabaseball.com/Schedule/GameCenter/Main.aspx?gameDate=20230511&gameId=20230511SKHT0
2023-05-11,2023,SSG,KIA,away,5,3,광주,W,completed,20230511SKHT0,https://www.koreabaseball.com/Schedule/GameCenter/Main.aspx?gameDate=20230511&gameId=20230511SKHT0
2023-05-11,2023,삼성,한화,away,0,4,한밭,L,completed,20230511SSHH0,https://www.koreabaseball.com/Schedule/GameCenter/Main.aspx?gameDate=20230511&gameId=20230511SSHH0
2023-05-11,2023,한화,삼성,home,4,0,한밭,W,completed,20230511SSHH0,https://www.koreabaseball.com/Schedule/GameCenter/Main.aspx?gameDate=20230511&gameId=20230511SSHH0
2023-05-11,2023,LG,키움,home,1,0,잠실,W,completed,20230511WOLG0,https://www.koreabaseball.com/Schedule/GameCenter/Main.aspx?gameDate=20230511&gameId=20230511WOLG0
2023-05-11,2023,키움,LG,away,0,1,잠실,L,completed,20230511WOLG0,https://www.koreabaseball.com/Schedule/GameCenter/Main.aspx?gameDate=20230511&gameId=20230511WOLG0
2023-05-12,2023,SSG,한화,home,2,5,문학,L,completed,20230512HHSK0,https://www.koreabaseball.com/Schedule/GameCenter/Main.aspx?gameDate=20230512&gameId=20230512HHSK0
2023-05-12,2023,한화,SSG,away,5,2,문학,W,completed,20230512HHSK0,https://www.koreabaseball.com/Schedule/GameCenter/Main.aspx?gameDate=20230512&gameId=20230512HHSK0
2023-05-12,2023,KIA,두산,away,1,6,잠실,L,completed,20230512HTOB0,https://www.koreabaseball.com/Schedule/GameCenter/Main.aspx?gameDate=20230512&gameId=20230512HTOB0
2023-05-12,2023,두산,KIA,home,6,1,잠실,W,completed,20230512HTOB0,https://www.koreabaseball.com/Schedule/GameCenter/Main.aspx?gameDate=20230512&gameId=20230512HTOB0
2023-05-12,2023,LG,삼성,away,0,4,대구,L,completed,20230512LGSS0,https://www.koreabaseball.com/Schedule/GameCenter/Main.aspx?gameDate=20230512&gameId=20230512LGSS0
2023-05-12,2023,삼성,LG,home,4,0,대구,W,completed,20230512LGSS0,https://www.koreabaseball.com/Schedule/GameCenter/Main.aspx?gameDate=20230512&gameId=20230512LGSS0
2023-05-12,2023,KT,롯데,home,2,1,수원,W,completed,20230512LTKT0,https://www.koreabaseball.com/Schedule/GameCenter/Main.aspx?gameDate=20230512&gameId=20230512LTKT0
2023-05-12,2023,롯데,KT,away,1,2,수원,L,completed,20230512LTKT0,https://www.koreabaseball.com/Schedule/GameCenter/Main.aspx?gameDate=20230512&gameId=20230512LTKT0
2023-05-12,2023,NC,키움,away,4,7,고척,L,completed,20230512NCWO0,https://www.koreabaseball.com/Schedule/GameCenter/Main.aspx?gameDate=20230512&gameId=20230512NCWO0
2023-05-12,2023,키움,NC,home,7,4,고척,W,completed,20230512NCWO0,https://www.koreabaseball.com/Schedule/GameCenter/Main.aspx?gameDate=20230512&gameId=20230512NCWO0
2023-05-13,2023,SSG,한화,home,8,5,문학,W,completed,20230513HHSK0,https://www.koreabaseball.com/Schedule/GameCenter/Main.aspx?gameDate=20230513&gameId=20230513HHSK0
2023-05-13,2023,한화,SSG,away,5,8,문학,L,completed,20230513HHSK0,https://www.koreabaseball.com/Schedule/GameCenter/Main.aspx?gameDate=20230513&gameId=20230513HHSK0
2023-05-13,2023,KIA,두산,away,1,5,잠실,L,completed,20230513HTOB0,https://www.koreabaseball.com/Schedule/GameCenter/Main.aspx?gameDate=20230513&gameId=20230513HTOB0
2023-05-13,2023,두산,KIA,home,5,1,잠실,W,completed,20230513HTOB0,https://www.koreabaseball.com/Schedule/GameCenter/Main.aspx?gameDate=20230513&gameId=20230513HTOB0
2023-05-13,2023,LG,삼성,away,7,4,대구,W,completed,20230513LGSS0,https://www.koreabaseball.com/Schedule/GameCenter/Main.aspx?gameDate=20230513&gameId=20230513LGSS0
2023-05-13,2023,삼성,LG,home,4,7,대구,L,completed,20230513LGSS0,https://www.koreabaseball.com/Schedule/GameCenter/Main.aspx?gameDate=20230513&gameId=20230513LGSS0
2023-05-13,2023,KT,롯데,home,0,5,수원,L,completed,20230513LTKT0,https://www.koreabaseball.com/Schedule/GameCenter/Main.aspx?gameDate=20230513&gameId=20230513LTKT0
2023-05-13,2023,롯데,KT,away,5,0,수원,W,completed,20230513LTKT0,https://www.koreabaseball.com/Schedule/GameCenter/Main.aspx?gameDate=20230513&gameId=20230513LTKT0
2023-05-13,2023,NC,키움,away,2,9,고척,L,completed,20230513NCWO0,https://www.koreabaseball.com/Schedule/GameCenter/Main.aspx?gameDate=20230513&gameId=20230513NCWO0
2023-05-13,2023,키움,NC,home,9,2,고척,W,completed,20230513NCWO0,https://www.koreabaseball.com/Schedule/GameCenter/Main.aspx?gameDate=20230513&gameId=20230513NCWO0
2023-05-14,2023,SSG,한화,home,3,3,문학,D,completed,20230514HHSK0,https://www.koreabaseball.com/Schedule/GameCenter/Main.aspx?gameDate=20230514&gameId=20230514HHSK0
2023-05-14,2023,한화,SSG,away,3,3,문학,D,completed,20230514HHSK0,https://www.koreabaseball.com/Schedule/GameCenter/Main.aspx?gameDate=20230514&gameId=20230514HHSK0
2023-05-14,2023,KIA,두산,away,4,8,잠실,L,completed,20230514HTOB0,https://www.koreabaseball.com/Schedule/GameCenter/Main.aspx?gameDate=20230514&gameId=20230514HTOB0
2023-05-14,2023,두산,KIA,home,8,4,잠실,W,completed,20230514HTOB0,https://www.koreabaseball.com/Schedule/GameCenter/Main.aspx?gameDate=20230514&gameId=20230514HTOB0
2023-05-14,2023,LG,삼성,away,8,5,대구,W,completed,20230514LGSS0,https://www.koreabaseball.com/Schedule/GameCenter/Main.aspx?gameDate=20230514&gameId=20230514LGSS0
2023-05-14,2023,삼성,LG,home,5,8,대구,L,completed,20230514LGSS0,https://www.koreabaseball.com/Schedule/GameCenter/Main.aspx?gameDate=20230514&gameId=20230514LGSS0
2023-05-14,2023,KT,롯데,home,3,8,수원,L,completed,20230514LTKT0,https://www.koreabaseball.com/Schedule/GameCenter/Main.aspx?gameDate=20230514&gameId=20230514LTKT0
2023-05-14,2023,롯데,KT,away,8,3,수원,W,completed,20230514LTKT0,https://www.koreabaseball.com/Schedule/GameCenter/Main.aspx?gameDate=20230514&gameId=20230514LTKT0
2023-05-14,2023,NC,키움,away,6,4,고척,W,completed,20230514NCWO0,https://www.koreabaseball.com/Schedule/GameCenter/Main.aspx?gameDate=20230514&gameId=20230514NCWO0
2023-05-14,2023,키움,NC,home,4,6,고척,L,completed,20230514NCWO0,https://www.koreabaseball.com/Schedule/GameCenter/Main.aspx?gameDate=20230514&gameId=20230514NCWO0
2023-05-16,2023,KIA,삼성,away,8,2,대구,W,completed,20230516HTSS0,https://www.koreabaseball.com/Schedule/GameCenter/Main.aspx?gameDate=20230516&gameId=20230516HTSS0
2023-05-16,2023,삼성,KIA,home,2,8,대구,L,completed,20230516HTSS0,https://www.koreabaseball.com/Schedule/GameCenter/Main.aspx?gameDate=20230516&gameId=20230516HTSS0
2023-05-16,2023,KT,LG,away,12,7,잠실,W,completed,20230516KTLG0,https://www.koreabaseball.com/Schedule/GameCenter/Main.aspx?gameDate=20230516&gameId=20230516KTLG0
2023-05-16,2023,LG,KT,home,7,12,잠실,L,completed,20230516KTLG0,https://www.koreabaseball.com/Schedule/GameCenter/Main.aspx?gameDate=20230516&gameId=20230516KTLG0
2023-05-16,2023,롯데,한화,away,3,1,한밭,W,completed,20230516LTHH0,https://www.koreabaseball.com/Schedule/GameCenter/Main.aspx?gameDate=20230516&gameId=20230516LTHH0
2023-05-16,2023,한화,롯데,home,1,3,한밭,L,completed,20230516LTHH0,https://www.koreabaseball.com/Schedule/GameCenter/Main.aspx?gameDate=20230516&gameId=20230516LTHH0
2023-05-16,2023,두산,키움,away,4,1,고척,W,completed,20230516OBWO0,https://www.koreabaseball.com/Schedule/GameCenter/Main.aspx?gameDate=20230516&gameId=20230516OBWO0
2023-05-16,2023,키움,두산,home,1,4,고척,L,completed,20230516OBWO0,https://www.koreabaseball.com/Schedule/GameCenter/Main.aspx?gameDate=20230516&gameId=20230516OBWO0
2023-05-16,2023,NC,SSG,home,5,3,창원,W,completed,20230516SKNC0,https://www.koreabaseball.com/Schedule/GameCenter/Main.aspx?gameDate=20230516&gameId=20230516SKNC0
2023-05-16,2023,SSG,NC,away,3,5,창원,L,completed,20230516SKNC0,https://www.koreabaseball.com/Schedule/GameCenter/Main.aspx?gameDate=20230516&gameId=20230516SKNC0
2023-05-17,2023,KIA,삼성,away,7,6,대구,W,completed,20230517HTSS0,https://www.koreabaseball.com/Schedule/GameCenter/Main.aspx?gameDate=20230517&gameId=20230517HTSS0
2023-05-17,2023,삼성,KIA,home,6,7,대구,L,completed,20230517HTSS0,https://www.koreabaseball.com/Schedule/GameCenter/Main.aspx?gameDate=20230517&gameId=20230517HTSS0
2023-05-17,2023,KT,LG,away,3,7,잠실,L,completed,20230517KTLG0,https://www.koreabaseball.com/Schedule/GameCenter/Main.aspx?gameDate=20230517&gameId=20230517KTLG0
2023-05-17,2023,LG,KT,home,7,3,잠실,W,completed,20230517KTLG0,https://www.koreabaseball.com/Schedule/GameCenter/Main.aspx?gameDate=20230517&gameId=20230517KTLG0
2023-05-17,2023,롯데,한화,away,1,2,한밭,L,completed,20230517LTHH0,https://www.koreabaseball.com/Schedule/GameCenter/Main.aspx?gameDate=20230517&gameId=20230517LTHH0
2023-05-17,2023,한화,롯데,home,2,1,한밭,W,completed,20230517LTHH0,https://www.koreabaseball.com/Schedule/GameCenter/Main.aspx?gameDate=20230517&gameId=20230517LTHH0
2023-05-17,2023,두산,키움,away,9,6,고척,W,completed,20230517OBWO0,https://www.koreabaseball.com/Schedule/GameCenter/Main.aspx?gameDate=20230517&gameId=20230517OBWO0
2023-05-17,2023,키움,두산,home,6,9,고척,L,completed,20230517OBWO0,https://www.koreabaseball.com/Schedule/GameCenter/Main.aspx?gameDate=20230517&gameId=20230517OBWO0
2023-05-17,2023,NC,SSG,home,0,4,창원,L,completed,20230517SKNC0,https://www.koreabaseball.com/Schedule/GameCenter/Main.aspx?gameDate=20230517&gameId=20230517SKNC0
2023-05-17,2023,SSG,NC,away,4,0,창원,W,completed,20230517SKNC0,https://www.koreabaseball.com/Schedule/GameCenter/Main.aspx?gameDate=20230517&gameId=20230517SKNC0
2023-05-18,2023,KT,LG,away,5,9,잠실,L,completed,20230518KTLG0,https://www.koreabaseball.com/Schedule/GameCenter/Main.aspx?gameDate=20230518&gameId=20230518KTLG0
2023-05-18,2023,LG,KT,home,9,5,잠실,W,completed,20230518KTLG0,https://www.koreabaseball.com/Schedule/GameCenter/Main.aspx?gameDate=20230518&gameId=20230518KTLG0
2023-05-18,2023,롯데,한화,away,7,3,한밭,W,completed,20230518LTHH0,https://www.koreabaseball.com/Schedule/GameCenter/Main.aspx?gameDate=20230518&gameId=20230518LTHH0
2023-05-18,2023,한화,롯데,home,3,7,한밭,L,completed,20230518LTHH0,https://www.koreabaseball.com/Schedule/GameCenter/Main.aspx?gameDate=20230518&gameId=20230518LTHH0
2023-05-18,2023,두산,키움,away,3,7,고척,L,completed,20230518OBWO0,https://www.koreabaseball.com/Schedule/GameCenter/Main.aspx?gameDate=20230518&gameId=20230518OBWO0
2023-05-18,2023,키움,두산,home,7,3,고척,W,completed,20230518OBWO0,https://www.koreabaseball.com/Schedule/GameCenter/Main.aspx?gameDate=20230518&gameId=20230518OBWO0
2023-05-19,2023,LG,한화,home,3,1,잠실,W,completed,20230519HHLG0,https://www.koreabaseball.com/Schedule/GameCenter/Main.aspx?gameDate=20230519&gameId=20230519HHLG0
2023-05-19,2023,한화,LG,away,1,3,잠실,L,completed,20230519HHLG0,https://www.koreabaseball.com/Schedule/GameCenter/Main.aspx?gameDate=20230519&gameId=20230519HHLG0
2023-05-19,2023,KT,두산,home,6,1,수원,W,completed,20230519OBKT0,https://www.koreabaseball.com/Schedule/GameCenter/Main.aspx?gameDate=20230519&gameId=20230519OBKT0
2023-05-19,2023,두산,KT,away,1,6,수원,L,completed,20230519OBKT0,https://www.koreabaseball.com/Schedule/GameCenter/Main.aspx?gameDate=20230519&gameId=20230519OBKT0
2023-05-19,2023,SSG,롯데,away,5,7,사직,L,completed,20230519SKLT0,https://www.koreabaseball.com/Schedule/GameCenter/Main.aspx?gameDate=20230519&gameId=20230519SKLT0
2023-05-19,2023,롯데,SSG,home,7,5,사직,W,completed,20230519SKLT0,https://www.koreabaseball.com/Schedule/GameCenter/Main.aspx?gameDate=20230519&gameId=20230519SKLT0
2023-05-19,2023,NC,삼성,home,4,5,창원,L,completed,20230519SSNC0,https://www.koreabaseball.com/Schedule/GameCenter/Main.aspx?gameDate=20230519&gameId=20230519SSNC0
2023-05-19,2023,삼성,NC,away,5,4,창원,W,completed,20230519SSNC0,https://www.koreabaseball.com/Schedule/GameCenter/Main.aspx?gameDate=20230519&gameId=20230519SSNC0
2023-05-19,2023,KIA,키움,home,10,1,광주,W,completed,20230519WOHT0,https://www.koreabaseball.com/Schedule/GameCenter/Main.aspx?gameDate=20230519&gameId=20230519WOHT0
2023-05-19,2023,키움,KIA,away,1,10,광주,L,completed,20230519WOHT0,https://www.koreabaseball.com/Schedule/GameCenter/Main.aspx?gameDate=20230519&gameId=20230519WOHT0
2023-05-20,2023,LG,한화,home,1,1,잠실,D,completed,20230520HHLG0,https://www.koreabaseball.com/Schedule/GameCenter/Main.aspx?gameDate=20230520&gameId=20230520HHLG0
2023-05-20,2023,한화,LG,away,1,1,잠실,D,completed,20230520HHLG0,https://www.koreabaseball.com/Schedule/GameCenter/Main.aspx?gameDate=20230520&gameId=20230520HHLG0
2023-05-20,2023,KT,두산,home,0,6,수원,L,completed,20230520OBKT0,https://www.koreabaseball.com/Schedule/GameCenter/Main.aspx?gameDate=20230520&gameId=20230520OBKT0
2023-05-20,2023,두산,KT,away,6,0,수원,W,completed,20230520OBKT0,https://www.koreabaseball.com/Schedule/GameCenter/Main.aspx?gameDate=20230520&gameId=20230520OBKT0
2023-05-20,2023,SSG,롯데,away,5,0,사직,W,completed,20230520SKLT0,https://www.koreabaseball.com/Schedule/GameCenter/Main.aspx?gameDate=20230520&gameId=20230520SKLT0
2023-05-20,2023,롯데,SSG,home,0,5,사직,L,completed,20230520SKLT0,https://www.koreabaseball.com/Schedule/GameCenter/Main.aspx?gameDate=20230520&gameId=20230520SKLT0
2023-05-20,2023,NC,삼성,home,14,3,창원,W,completed,20230520SSNC0,https://www.koreabaseball.com/Schedule/GameCenter/Main.aspx?gameDate=20230520&gameId=20230520SSNC0
2023-05-20,2023,삼성,NC,away,3,14,창원,L,completed,20230520SSNC0,https://www.koreabaseball.com/Schedule/GameCenter/Main.aspx?gameDate=20230520&gameId=20230520SSNC0
2023-05-20,2023,KIA,키움,home,3,2,광주,W,completed,20230520WOHT0,https://www.koreabaseball.com/Schedule/GameCenter/Main.aspx?gameDate=20230520&gameId=20230520WOHT0
2023-05-20,2023,키움,KIA,away,2,3,광주,L,completed,20230520WOHT0,https://www.koreabaseball.com/Schedule/GameCenter/Main.aspx?gameDate=20230520&gameId=20230520WOHT0
2023-05-21,2023,LG,한화,home,4,1,잠실,W,completed,20230521HHLG0,https://www.koreabaseball.com/Schedule/GameCenter/Main.aspx?gameDate=20230521&gameId=20230521HHLG0
2023-05-21,2023,한화,LG,away,1,4,잠실,L,completed,20230521HHLG0,https://www.koreabaseball.com/Schedule/GameCenter/Main.aspx?gameDate=20230521&gameId=20230521HHLG0
2023-05-21,2023,KT,두산,home,7,3,수원,W,completed,20230521OBKT0,https://www.koreabaseball.com/Schedule/GameCenter/Main.aspx?gameDate=20230521&gameId=20230521OBKT0
2023-05-21,2023,두산,KT,away,3,7,수원,L,completed,20230521OBKT0,https://www.koreabaseball.com/Schedule/GameCenter/Main.aspx?gameDate=20230521&gameId=20230521OBKT0
2023-05-21,2023,SSG,롯데,away,6,3,사직,W,completed,20230521SKLT0,https://www.koreabaseball.com/Schedule/GameCenter/Main.aspx?gameDate=20230521&gameId=20230521SKLT0
2023-05-21,2023,롯데,SSG,home,3,6,사직,L,completed,20230521SKLT0,https://www.koreabaseball.com/Schedule/GameCenter/Main.aspx?gameDate=20230521&gameId=20230521SKLT0
2023-05-21,2023,NC,삼성,home,1,2,창원,L,completed,20230521SSNC0,https://www.koreabaseball.com/Schedule/GameCenter/Main.aspx?gameDate=20230521&gameId=20230521SSNC0
2023-05-21,2023,삼성,NC,away,2,1,창원,W,completed,20230521SSNC0,https://www.koreabaseball.com/Schedule/GameCenter/Main.aspx?gameDate=20230521&gameId=20230521SSNC0
2023-05-21,2023,KIA,키움,home,0,1,광주,L,completed,20230521WOHT0,https://www.koreabaseball.com/Schedule/GameCenter/Main.aspx?gameDate=20230521&gameId=20230521WOHT0
2023-05-21,2023,키움,KIA,away,1,0,광주,W,completed,20230521WOHT0,https://www.koreabaseball.com/Schedule/GameCenter/Main.aspx?gameDate=20230521&gameId=20230521WOHT0
2023-05-23,2023,KIA,한화,away,5,9,한밭,L,completed,20230523HTHH0,https://www.koreabaseball.com/Schedule/GameCenter/Main.aspx?gameDate=20230523&gameId=20230523HTHH0
2023-05-23,2023,한화,KIA,home,9,5,한밭,W,completed,20230523HTHH0,https://www.koreabaseball.com/Schedule/GameCenter/Main.aspx?gameDate=20230523&gameId=20230523HTHH0
2023-05-23,2023,LG,SSG,away,9,1,문학,W,completed,20230523LGSK0,https://www.koreabaseball.com/Schedule/GameCenter/Main.aspx?gameDate=20230523&gameId=20230523LGSK0
2023-05-23,2023,SSG,LG,home,1,9,문학,L,completed,20230523LGSK0,https://www.koreabaseball.com/Schedule/GameCenter/Main.aspx?gameDate=20230523&gameId=20230523LGSK0
2023-05-23,2023,NC,롯데,away,0,2,사직,L,completed,20230523NCLT0,https://www.koreabaseball.com/Schedule/GameCenter/Main.aspx?gameDate=20230523&gameId=20230523NCLT0
2023-05-23,2023,롯데,NC,home,2,0,사직,W,completed,20230523NCLT0,https://www.koreabaseball.com/Schedule/GameCenter/Main.aspx?gameDate=20230523&gameId=20230523NCLT0
2023-05-23,2023,두산,삼성,home,7,5,잠실,W,completed,20230523SSOB0,https://www.koreabaseball.com/Schedule/GameCenter/Main.aspx?gameDate=20230523&gameId=20230523SSOB0
2023-05-23,2023,삼성,두산,away,5,7,잠실,L,completed,20230523SSOB0,https://www.koreabaseball.com/Schedule/GameCenter/Main.aspx?gameDate=20230523&gameId=20230523SSOB0
2023-05-23,2023,KT,키움,home,1,3,수원,L,completed,20230523WOKT0,https://www.koreabaseball.com/Schedule/GameCenter/Main.aspx?gameDate=20230523&gameId=20230523WOKT0
2023-05-23,2023,키움,KT,away,3,1,수원,W,completed,20230523WOKT0,https://www.koreabaseball.com/Schedule/GameCenter/Main.aspx?gameDate=20230523&gameId=20230523WOKT0
2023-05-24,2023,KIA,한화,away,4,2,한밭,W,completed,20230524HTHH0,https://www.koreabaseball.com/Schedule/GameCenter/Main.aspx?gameDate=20230524&gameId=20230524HTHH0
2023-05-24,2023,한화,KIA,home,2,4,한밭,L,completed,20230524HTHH0,https://www.koreabaseball.com/Schedule/GameCenter/Main.aspx?gameDate=20230524&gameId=20230524HTHH0
2023-05-24,2023,LG,SSG,away,3,5,문학,L,completed,20230524LGSK0,https://www.koreabaseball.com/Schedule/GameCenter/Main.aspx?gameDate=20230524&gameId=20230524LGSK0
2023-05-24,2023,SSG,LG,home,5,3,문학,W,completed,20230524LGSK0,https://www.koreabaseball.com/Schedule/GameCenter/Main.aspx?gameDate=20230524&gameId=20230524LGSK0
2023-05-24,2023,NC,롯데,away,3,1,사직,W,completed,20230524NCLT0,https://www.koreabaseball.com/Schedule/GameCenter/Main.aspx?gameDate=20230524&gameId=20230524NCLT0
2023-05-24,2023,롯데,NC,home,1,3,사직,L,completed,20230524NCLT0,https://www.koreabaseball.com/Schedule/GameCenter/Main.aspx?gameDate=20230524&gameId=20230524NCLT0
2023-05-24,2023,두산,삼성,home,1,6,잠실,L,completed,20230524SSOB0,https://www.koreabaseball.com/Schedule/GameCenter/Main.aspx?gameDate=20230524&gameId=20230524SSOB0
2023-05-24,2023,삼성,두산,away,6,1,잠실,W,completed,20230524SSOB0,https://www.koreabaseball.com/Schedule/GameCenter/Main.aspx?gameDate=20230524&gameId=20230524SSOB0
2023-05-24,2023,KT,키움,home,4,1,수원,W,completed,20230524WOKT0,https://www.koreabaseball.com/Schedule/GameCenter/Main.aspx?gameDate=20230524&gameId=20230524WOKT0
2023-05-24,2023,키움,KT,away,1,4,수원,L,completed,20230524WOKT0,https://www.koreabaseball.com/Schedule/GameCenter/Main.aspx?gameDate=20230524&gameId=20230524WOKT0
2023-05-25,2023,KIA,한화,away,3,4,한밭,L,completed,20230525HTHH0,https://www.koreabaseball.com/Schedule/GameCenter/Main.aspx?gameDate=20230525&gameId=20230525HTHH0
2023-05-25,2023,한화,KIA,home,4,3,한밭,W,completed,20230525HTHH0,https://www.koreabaseball.com/Schedule/GameCenter/Main.aspx?gameDate=20230525&gameId=20230525HTHH0
2023-05-25,2023,LG,SSG,away,8,3,문학,W,completed,20230525LGSK0,https://www.koreabaseball.com/Schedule/GameCenter/Main.aspx?gameDate=20230525&gameId=20230525LGSK0
2023-05-25,2023,SSG,LG,home,3,8,문학,L,completed,20230525LGSK0,https://www.koreabaseball.com/Schedule/GameCenter/Main.aspx?gameDate=20230525&gameId=20230525LGSK0
2023-05-25,2023,NC,롯데,away,1,11,사직,L,completed,20230525NCLT0,https://www.koreabaseball.com/Schedule/GameCenter/Main.aspx?gameDate=20230525&gameId=20230525NCLT0
2023-05-25,2023,롯데,NC,home,11,1,사직,W,completed,20230525NCLT0,https://www.koreabaseball.com/Schedule/GameCenter/Main.aspx?gameDate=20230525&gameId=20230525NCLT0
2023-05-25,2023,두산,삼성,home,4,3,잠실,W,completed,20230525SSOB0,https://www.koreabaseball.com/Schedule/GameCenter/Main.aspx?gameDate=20230525&gameId=20230525SSOB0
2023-05-25,2023,삼성,두산,away,3,4,잠실,L,completed,20230525SSOB0,https://www.koreabaseball.com/Schedule/GameCenter/Main.aspx?gameDate=20230525&gameId=20230525SSOB0
2023-05-25,2023,KT,키움,home,3,0,수원,W,completed,20230525WOKT0,https://www.koreabaseball.com/Schedule/GameCenter/Main.aspx?gameDate=20230525&gameId=20230525WOKT0
2023-05-25,2023,키움,KT,away,0,3,수원,L,completed,20230525WOKT0,https://www.koreabaseball.com/Schedule/GameCenter/Main.aspx?gameDate=20230525&gameId=20230525WOKT0
2023-05-26,2023,NC,한화,home,11,0,창원,W,completed,20230526HHNC0,https://www.koreabaseball.com/Schedule/GameCenter/Main.aspx?gameDate=20230526&gameId=20230526HHNC0
2023-05-26,2023,한화,NC,away,0,11,창원,L,completed,20230526HHNC0,https://www.koreabaseball.com/Schedule/GameCenter/Main.aspx?gameDate=20230526&gameId=20230526HHNC0
2023-05-26,2023,KT,삼성,away,4,1,대구,W,completed,20230526KTSS0,https://www.koreabaseball.com/Schedule/GameCenter/Main.aspx?gameDate=20230526&gameId=20230526KTSS0
2023-05-26,2023,삼성,KT,home,1,4,대구,L,completed,20230526KTSS0,https://www.koreabaseball.com/Schedule/GameCenter/Main.aspx?gameDate=20230526&gameId=20230526KTSS0
2023-05-26,2023,KIA,LG,home,3,5,광주,L,completed,20230526LGHT0,https://www.koreabaseball.com/Schedule/GameCenter/Main.aspx?gameDate=20230526&gameId=20230526LGHT0
2023-05-26,2023,LG,KIA,away,5,3,광주,W,completed,20230526LGHT0,https://www.koreabaseball.com/Schedule/GameCenter/Main.aspx?gameDate=20230526&gameId=20230526LGHT0
2023-05-26,2023,롯데,키움,away,2,0,고척,W,completed,20230526LTWO0,https://www.koreabaseball.com/Schedule/GameCenter/Main.aspx?gameDate=20230526&gameId=20230526LTWO0
2023-05-26,2023,키움,롯데,home,0,2,고척,L,completed,20230526LTWO0,https://www.koreabaseball.com/Schedule/GameCenter/Main.aspx?gameDate=20230526&gameId=20230526LTWO0
2023-05-26,2023,SSG,두산,away,14,3,잠실,W,completed,20230526SKOB0,https://www.koreabaseball.com/Schedule/GameCenter/Main.aspx?gameDate=20230526&gameId=20230526SKOB0
2023-05-26,2023,두산,SSG,home,3,14,잠실,L,completed,20230526SKOB0,https://www.koreabaseball.com/Schedule/GameCenter/Main.aspx?gameDate=20230526&gameId=20230526SKOB0
2023-05-27,2023,NC,한화,home,0,5,창원,L,completed,20230527HHNC0,https://www.koreabaseball.com/Schedule/GameCenter/Main.aspx?gameDate=20230527&gameId=20230527HHNC0
2023-05-27,2023,한화,NC,away,5,0,창원,W,completed,20230527HHNC0,https://www.koreabaseball.com/Schedule/GameCenter/Main.aspx?gameDate=20230527&gameId=20230527HHNC0
2023-05-27,2023,KT,삼성,away,5,2,대구,W,completed,20230527KTSS0,https://www.koreabaseball.com/Schedule/GameCenter/Main.aspx?gameDate=20230527&gameId=20230527KTSS0
2023-05-27,2023,삼성,KT,home,2,5,대구,L,completed,20230527KTSS0,https://www.koreabaseball.com/Schedule/GameCenter/Main.aspx?gameDate=20230527&gameId=20230527KTSS0
2023-05-27,2023,KIA,LG,home,6,3,광주,W,completed,20230527LGHT0,https://www.koreabaseball.com/Schedule/GameCenter/Main.aspx?gameDate=20230527&gameId=20230527LGHT0
2023-05-27,2023,LG,KIA,away,3,6,광주,L,completed,20230527LGHT0,https://www.koreabaseball.com/Schedule/GameCenter/Main.aspx?gameDate=20230527&gameId=20230527LGHT0
2023-05-27,2023,롯데,키움,away,6,5,고척,W,completed,20230527LTWO0,https://www.koreabaseball.com/Schedule/GameCenter/Main.aspx?gameDate=20230527&gameId=20230527LTWO0
2023-05-27,2023,키움,롯데,home,5,6,고척,L,completed,20230527LTWO0,https://www.koreabaseball.com/Schedule/GameCenter/Main.aspx?gameDate=20230527&gameId=20230527LTWO0
2023-05-28,2023,KT,삼성,away,4,6,대구,L,completed,20230528KTSS0,https://www.koreabaseball.com/Schedule/GameCenter/Main.aspx?gameDate=20230528&gameId=20230528KTSS0
2023-05-28,2023,삼성,KT,home,6,4,대구,W,completed,20230528KTSS0,https://www.koreabaseball.com/Schedule/GameCenter/Main.aspx?gameDate=20230528&gameId=20230528KTSS0
2023-05-28,2023,KIA,LG,home,1,7,광주,L,completed,20230528LGHT0,https://www.koreabaseball.com/Schedule/GameCenter/Main.aspx?gameDate=20230528&gameId=20230528LGHT0
2023-05-28,2023,LG,KIA,away,7,1,광주,W,completed,20230528LGHT0,https://www.koreabaseball.com/Schedule/GameCenter/Main.aspx?gameDate=20230528&gameId=20230528LGHT0
2023-05-28,2023,롯데,키움,away,5,7,고척,L,completed,20230528LTWO0,https://www.koreabaseball.com/Schedule/GameCenter/Main.aspx?gameDate=20230528&gameId=20230528LTWO0
2023-05-28,2023,키움,롯데,home,7,5,고척,W,completed,20230528LTWO0,https://www.koreabaseball.com/Schedule/GameCenter/Main.aspx?gameDate=20230528&gameId=20230528LTWO0
2023-05-30,2023,KIA,KT,home,6,1,광주,W,completed,20230530KTHT0,https://www.koreabaseball.com/Schedule/GameCenter/Main.aspx?gameDate=20230530&gameId=20230530KTHT0
2023-05-30,2023,KT,KIA,away,1,6,광주,L,completed,20230530KTHT0,https://www.koreabaseball.com/Schedule/GameCenter/Main.aspx?gameDate=20230530&gameId=20230530KTHT0
2023-05-30,2023,LG,롯데,home,3,1,잠실,W,completed,20230530LTLG0,https://www.koreabaseball.com/Schedule/GameCenter/Main.aspx?gameDate=20230530&gameId=20230530LTLG0
2023-05-30,2023,롯데,LG,away,1,3,잠실,L,completed,20230530LTLG0,https://www.koreabaseball.com/Schedule/GameCenter/Main.aspx?gameDate=20230530&gameId=20230530LTLG0
2023-05-30,2023,NC,두산,home,5,0,창원,W,completed,20230530OBNC0,https://www.koreabaseball.com/Schedule/GameCenter/Main.aspx?gameDate=20230530&gameId=20230530OBNC0
2023-05-30,2023,두산,NC,away,0,5,창원,L,completed,20230530OBNC0,https://www.koreabaseball.com/Schedule/GameCenter/Main.aspx?gameDate=20230530&gameId=20230530OBNC0
2023-05-30,2023,SSG,삼성,home,3,2,문학,W,completed,20230530SSSK0,https://www.koreabaseball.com/Schedule/GameCenter/Main.aspx?gameDate=20230530&gameId=20230530SSSK0
2023-05-30,2023,삼성,SSG,away,2,3,문학,L,completed,20230530SSSK0,https://www.koreabaseball.com/Schedule/GameCenter/Main.aspx?gameDate=20230530&gameId=20230530SSSK0
2023-05-30,2023,키움,한화,away,1,7,한밭,L,completed,20230530WOHH0,https://www.koreabaseball.com/Schedule/GameCenter/Main.aspx?gameDate=20230530&gameId=20230530WOHH0
2023-05-30,2023,한화,키움,home,7,1,한밭,W,completed,20230530WOHH0,https://www.koreabaseball.com/Schedule/GameCenter/Main.aspx?gameDate=20230530&gameId=20230530WOHH0
2023-05-31,2023,KIA,KT,home,7,1,광주,W,completed,20230531KTHT0,https://www.koreabaseball.com/Schedule/GameCenter/Main.aspx?gameDate=20230531&gameId=20230531KTHT0
2023-05-31,2023,KT,KIA,away,1,7,광주,L,completed,20230531KTHT0,https://www.koreabaseball.com/Schedule/GameCenter/Main.aspx?gameDate=20230531&gameId=20230531KTHT0
2023-05-31,2023,LG,롯데,home,1,7,잠실,L,completed,20230531LTLG0,https://www.koreabaseball.com/Schedule/GameCenter/Main.aspx?gameDate=20230531&gameId=20230531LTLG0
2023-05-31,2023,롯데,LG,away,7,1,잠실,W,completed,20230531LTLG0,https://www.koreabaseball.com/Schedule/GameCenter/Main.aspx?gameDate=20230531&gameId=20230531LTLG0
2023-05-31,2023,NC,두산,home,2,3,창원,L,completed,20230531OBNC0,https://www.koreabaseball.com/Schedule/GameCenter/Main.aspx?gameDate=20230531&gameId=20230531OBNC0
2023-05-31,2023,두산,NC,away,3,2,창원,W,completed,20230531OBNC0,https://www.koreabaseball.com/Schedule/GameCenter/Main.aspx?gameDate=20230531&gameId=20230531OBNC0
2023-05-31,2023,SSG,삼성,home,2,3,문학,L,completed,20230531SSSK0,https://www.koreabaseball.com/Schedule/GameCenter/Main.aspx?gameDate=20230531&gameId=20230531SSSK0
2023-05-31,2023,삼성,SSG,away,3,2,문학,W,completed,20230531SSSK0,https://www.koreabaseball.com/Schedule/GameCenter/Main.aspx?gameDate=20230531&gameId=20230531SSSK0
2023-05-31,2023,키움,한화,away,15,3,한밭,W,completed,20230531WOHH0,https://www.koreabaseball.com/Schedule/GameCenter/Main.aspx?gameDate=20230531&gameId=20230531WOHH0
2023-05-31,2023,한화,키움,home,3,15,한밭,L,completed,20230531WOHH0,https://www.koreabaseball.com/Schedule/GameCenter/Main.aspx?gameDate=20230531&gameId=20230531WOHH0
2023-06-01,2023,LG,롯데,home,6,1,잠실,W,completed,20230601LTLG0,https://www.koreabaseball.com/Schedule/GameCenter/Main.aspx?gameDate=20230601&gameId=20230601LTLG0
2023-06-01,2023,롯데,LG,away,1,6,잠실,L,completed,20230601LTLG0,https://www.koreabaseball.com/Schedule/GameCenter/Main.aspx?gameDate=20230601&gameId=20230601LTLG0
2023-06-01,2023,SSG,삼성,home,14,2,문학,W,completed,20230601SSSK0,https://www.koreabaseball.com/Schedule/GameCenter/Main.aspx?gameDate=20230601&gameId=20230601SSSK0
2023-06-01,2023,삼성,SSG,away,2,14,문학,L,completed,20230601SSSK0,https://www.koreabaseball.com/Schedule/GameCenter/Main.aspx?gameDate=20230601&gameId=20230601SSSK0
2023-06-01,2023,키움,한화,away,3,7,한밭,L,completed,20230601WOHH0,https://www.koreabaseball.com/Schedule/GameCenter/Main.aspx?gameDate=20230601&gameId=20230601WOHH0
2023-06-01,2023,한화,키움,home,7,3,한밭,W,completed,20230601WOHH0,https://www.koreabaseball.com/Schedule/GameCenter/Main.aspx?gameDate=20230601&gameId=20230601WOHH0
2023-06-02,2023,KIA,롯데,away,2,14,사직,L,completed,20230602HTLT0,https://www.koreabaseball.com/Schedule/GameCenter/Main.aspx?gameDate=20230602&gameId=20230602HTLT0
2023-06-02,2023,롯데,KIA,home,14,2,사직,W,completed,20230602HTLT0,https://www.koreabaseball.com/Schedule/GameCenter/Main.aspx?gameDate=20230602&gameId=20230602HTLT0
2023-06-02,2023,LG,NC,home,2,9,잠실,L,completed,20230602NCLG0,https://www.koreabaseball.com/Schedule/GameCenter/Main.aspx?gameDate=20230602&gameId=20230602NCLG0
2023-06-02,2023,NC,LG,away,9,2,잠실,W,completed,20230602NCLG0,https://www.koreabaseball.com/Schedule/GameCenter/Main.aspx?gameDate=20230602&gameId=20230602NCLG0
2023-06-02,2023,KT,두산,home,1,10,수원,L,completed,20230602OBKT0,https://www.koreabaseball.com/Schedule/GameCenter/Main.aspx?gameDate=20230602&gameId=20230602OBKT0
2023-06-02,2023,두산,KT,away,10,1,수원,W,completed,20230602OBKT0,https://www.koreabaseball.com/Schedule/GameCenter/Main.aspx?gameDate=20230602&gameId=20230602OBKT0
2023-06-02,2023,삼성,한화,away,8,7,한밭,W,completed,20230602SSHH0,https://www.koreabaseball.com/Schedule/GameCenter/Main.aspx?gameDate=20230602&gameId=20230602SSHH0
2023-06-02,2023,한화,삼성,home,7,8,한밭,L,completed,20230602SSHH0,https://www.koreabaseball.com/Schedule/GameCenter/Main.aspx?gameDate=20230602&gameId=20230602SSHH0
2023-06-02,2023,SSG,키움,home,3,2,문학,W,completed,20230602WOSK0,https://www.koreabaseball.com/Schedule/GameCenter/Main.aspx?gameDate=20230602&gameId=20230602WOSK0
2023-06-02,2023,키움,SSG,away,2,3,문학,L,completed,20230602WOSK0,https://www.koreabaseball.com/Schedule/GameCenter/Main.aspx?gameDate=20230602&gameId=20230602WOSK0
2023-06-03,2023,KIA,롯데,away,5,6,사직,L,completed,20230603HTLT0,https://www.koreabaseball.com/Schedule/GameCenter/Main.aspx?gameDate=20230603&gameId=20230603HTLT0
2023-06-03,2023,롯데,KIA,home,6,5,사직,W,completed,20230603HTLT0,https://www.koreabaseball.com/Schedule/GameCenter/Main.aspx?gameDate=20230603&gameId=20230603HTLT0
2023-06-03,2023,LG,NC,home,3,7,잠실,L,completed,20230603NCLG0,https://www.koreabaseball.com/Schedule/GameCenter/Main.aspx?gameDate=20230603&gameId=20230603NCLG0
2023-06-03,2023,NC,LG,away,7,3,잠실,W,completed,20230603NCLG0,https://www.koreabaseball.com/Schedule/GameCenter/Main.aspx?gameDate=20230603&gameId=20230603NCLG0
2023-06-03,2023,KT,두산,home,13,3,수원,W,completed,20230603OBKT0,https://www.koreabaseball.com/Schedule/GameCenter/Main.aspx?gameDate=20230603&gameId=20230603OBKT0
2023-06-03,2023,두산,KT,away,3,13,수원,L,completed,20230603OBKT0,https://www.koreabaseball.com/Schedule/GameCenter/Main.aspx?gameDate=20230603&gameId=20230603OBKT0
2023-06-03,2023,삼성,한화,away,7,2,한밭,W,completed,20230603SSHH0,https://www.koreabaseball.com/Schedule/GameCenter/Main.aspx?gameDate=20230603&gameId=20230603SSHH0
2023-06-03,2023,한화,삼성,home,2,7,한밭,L,completed,20230603SSHH0,https://www.koreabaseball.com/Schedule/GameCenter/Main.aspx?gameDate=20230603&gameId=20230603SSHH0
2023-06-03,2023,SSG,키움,home,2,1,문학,W,completed,20230603WOSK0,https://www.koreabaseball.com/Schedule/GameCenter/Main.aspx?gameDate=20230603&gameId=20230603WOSK0
2023-06-03,2023,키움,SSG,away,1,2,문학,L,completed,20230603WOSK0,https://www.koreabaseball.com/Schedule/GameCenter/Main.aspx?gameDate=20230603&gameId=20230603WOSK0
2023-06-04,2023,KIA,롯데,away,6,0,사직,W,completed,20230604HTLT0,https://www.koreabaseball.com/Schedule/GameCenter/Main.aspx?gameDate=20230604&gameId=20230604HTLT0
2023-06-04,2023,롯데,KIA,home,0,6,사직,L,completed,20230604HTLT0,https://www.koreabaseball.com/Schedule/GameCenter/Main.aspx?gameDate=20230604&gameId=20230604HTLT0
2023-06-04,2023,LG,NC,home,1,3,잠실,L,completed,20230604NCLG0,https://www.koreabaseball.com/Schedule/GameCenter/Main.aspx?gameDate=20230604&gameId=20230604NCLG0
2023-06-04,2023,NC,LG,away,3,1,잠실,W,completed,20230604NCLG0,https://www.koreabaseball.com/Schedule/GameCenter/Main.aspx?gameDate=20230604&gameId=20230604NCLG0
2023-06-04,2023,KT,두산,home,5,2,수원,W,completed,20230604OBKT0,https://www.koreabaseball.com/Schedule/GameCenter/Main.aspx?gameDate=20230604&gameId=20230604OBKT0
2023-06-04,2023,두산,KT,away,2,5,수원,L,completed,20230604OBKT0,https://www.koreabaseball.com/Schedule/GameCenter/Main.aspx?gameDate=20230604&gameId=20230604OBKT0
2023-06-04,2023,삼성,한화,away,5,10,한밭,L,completed,20230604SSHH0,https://www.koreabaseball.com/Schedule/GameCenter/Main.aspx?gameDate=20230604&gameId=20230604SSHH0
2023-06-04,2023,한화,삼성,home,10,5,한밭,W,completed,20230604SSHH0,https://www.koreabaseball.com/Schedule/GameCenter/Main.aspx?gameDate=20230604&gameId=20230604SSHH0
2023-06-04,2023,SSG,키움,home,3,4,문학,L,completed,20230604WOSK0,https://www.koreabaseball.com/Schedule/GameCenter/Main.aspx?gameDate=20230604&gameId=20230604WOSK0
2023-06-04,2023,키움,SSG,away,4,3,문학,W,completed,20230604WOSK0,https://www.koreabaseball.com/Schedule/GameCenter/Main.aspx?gameDate=20230604&gameId=20230604WOSK0
2023-06-06,2023,두산,한화,home,4,1,잠실,W,completed,20230606HHOB0,https://www.koreabaseball.com/Schedule/GameCenter/Main.aspx?gameDate=20230606&gameId=20230606HHOB0
2023-06-06,2023,한화,두산,away,1,4,잠실,L,completed,20230606HHOB0,https://www.koreabaseball.com/Schedule/GameCenter/Main.aspx?gameDate=20230606&gameId=20230606HHOB0
2023-06-06,2023,KT,롯데,away,4,1,사직,W,completed,20230606KTLT0,https://www.koreabaseball.com/Schedule/GameCenter/Main.aspx?gameDate=20230606&gameId=20230606KTLT0
2023-06-06,2023,롯데,KT,home,1,4,사직,L,completed,20230606KTLT0,https://www.koreabaseball.com/Schedule/GameCenter/Main.aspx?gameDate=20230606&gameId=20230606KTLT0
2023-06-06,2023,LG,키움,away,9,1,고척,W,completed,20230606LGWO0,https://www.koreabaseball.com/Schedule/GameCenter/Main.aspx?gameDate=20230606&gameId=20230606LGWO0
2023-06-06,2023,키움,LG,home,1,9,고척,L,completed,20230606LGWO0,https://www.koreabaseball.com/Schedule/GameCenter/Main.aspx?gameDate=20230606&gameId=20230606LGWO0
2023-06-06,2023,NC,삼성,away,6,9,대구,L,completed,20230606NCSS0,https://www.koreabaseball.com/Schedule/GameCenter/Main.aspx?gameDate=20230606&gameId=20230606NCSS0
2023-06-06,2023,삼성,NC,home,9,6,대구,W,completed,20230606NCSS0,https://www.koreabaseball.com/Schedule/GameCenter/Main.aspx?gameDate=20230606&gameId=20230606NCSS0
2023-06-06,2023,KIA,SSG,home,1,2,광주,L,completed,20230606SKHT0,https://www.koreabaseball.com/Schedule/GameCenter/Main.aspx?gameDate=20230606&gameId=20230606SKHT0
2023-06-06,2023,SSG,KIA,away,2,1,광주,W,completed,20230606SKHT0,https://www.koreabaseball.com/Schedule/GameCenter/Main.aspx?gameDate=20230606&gameId=20230606SKHT0
2023-06-07,2023,두산,한화,home,6,3,잠실,W,completed,20230607HHOB0,https://www.koreabaseball.com/Schedule/GameCenter/Main.aspx?gameDate=20230607&gameId=20230607HHOB0
2023-06-07,2023,한화,두산,away,3,6,잠실,L,completed,20230607HHOB0,https://www.koreabaseball.com/Schedule/GameCenter/Main.aspx?gameDate=20230607&gameId=20230607HHOB0
2023-06-07,2023,KT,롯데,away,3,2,사직,W,completed,20230607KTLT0,https://www.koreabaseball.com/Schedule/GameCenter/Main.aspx?gameDate=20230607&gameId=20230607KTLT0
2023-06-07,2023,롯데,KT,home,2,3,사직,L,completed,20230607KTLT0,https://www.koreabaseball.com/Schedule/GameCenter/Main.aspx?gameDate=20230607&gameId=20230607KTLT0
2023-06-07,2023,LG,키움,away,5,5,고척,D,completed,20230607LGWO0,https://www.koreabaseball.com/Schedule/GameCenter/Main.aspx?gameDate=20230607&gameId=20230607LGWO0
2023-06-07,2023,키움,LG,home,5,5,고척,D,completed,20230607LGWO0,https://www.koreabaseball.com/Schedule/GameCenter/Main.aspx?gameDate=20230607&gameId=20230607LGWO0
2023-06-07,2023,NC,삼성,away,4,0,대구,W,completed,20230607NCSS0,https://www.koreabaseball.com/Schedule/GameCenter/Main.aspx?gameDate=20230607&gameId=20230607NCSS0
2023-06-07,2023,삼성,NC,home,0,4,대구,L,completed,20230607NCSS0,https://www.koreabaseball.com/Schedule/GameCenter/Main.aspx?gameDate=20230607&gameId=20230607NCSS0
2023-06-07,2023,KIA,SSG,home,8,9,광주,L,completed,20230607SKHT0,https://www.koreabaseball.com/Schedule/GameCenter/Main.aspx?gameDate=20230607&gameId=20230607SKHT0
2023-06-07,2023,SSG,KIA,away,9,8,광주,W,completed,20230607SKHT0,https://www.koreabaseball.com/Schedule/GameCenter/Main.aspx?gameDate=20230607&gameId=20230607SKHT0
2023-06-08,2023,두산,한화,home,2,1,잠실,W,completed,20230608HHOB0,https://www.koreabaseball.com/Schedule/GameCenter/Main.aspx?gameDate=20230608&gameId=20230608HHOB0
2023-06-08,2023,한화,두산,away,1,2,잠실,L,completed,20230608HHOB0,https://www.koreabaseball.com/Schedule/GameCenter/Main.aspx?gameDate=20230608&gameId=20230608HHOB0
2023-06-08,2023,KT,롯데,away,7,6,사직,W,completed,20230608KTLT0,https://www.koreabaseball.com/Schedule/GameCenter/Main.aspx?gameDate=20230608&gameId=20230608KTLT0
2023-06-08,2023,롯데,KT,home,6,7,사직,L,completed,20230608KTLT0,https://www.koreabaseball.com/Schedule/GameCenter/Main.aspx?gameDate=20230608&gameId=20230608KTLT0
2023-06-08,2023,LG,키움,away,0,13,고척,L,completed,20230608LGWO0,https://www.koreabaseball.com/Schedule/GameCenter/Main.aspx?gameDate=20230608&gameId=20230608LGWO0
2023-06-08,2023,키움,LG,home,13,0,고척,W,completed,20230608LGWO0,https://www.koreabaseball.com/Schedule/GameCenter/Main.aspx?gameDate=20230608&gameId=20230608LGWO0
2023-06-08,2023,NC,삼성,away,7,1,대구,W,completed,20230608NCSS0,https://www.koreabaseball.com/Schedule/GameCenter/Main.aspx?gameDate=20230608&gameId=20230608NCSS0
2023-06-08,2023,삼성,NC,home,1,7,대구,L,completed,20230608NCSS0,https://www.koreabaseball.com/Schedule/GameCenter/Main.aspx?gameDate=20230608&gameId=20230608NCSS0
2023-06-08,2023,KIA,SSG,home,4,5,광주,L,completed,20230608SKHT0,https://www.koreabaseball.com/Schedule/GameCenter/Main.aspx?gameDate=20230608&gameId=20230608SKHT0
2023-06-08,2023,SSG,KIA,away,5,4,광주,W,completed,20230608SKHT0,https://www.koreabaseball.com/Schedule/GameCenter/Main.aspx?gameDate=20230608&gameId=20230608SKHT0
2023-06-09,2023,KIA,두산,away,7,3,잠실,W,completed,20230609HTOB0,https://www.koreabaseball.com/Schedule/GameCenter/Main.aspx?gameDate=20230609&gameId=20230609HTOB0
2023-06-09,2023,두산,KIA,home,3,7,잠실,L,completed,20230609HTOB0,https://www.koreabaseball.com/Schedule/GameCenter/Main.aspx?gameDate=20230609&gameId=20230609HTOB0
2023-06-09,2023,LG,한화,away,5,6,한밭,L,completed,20230609LGHH0,https://www.koreabaseball.com/Schedule/GameCenter/Main.aspx?gameDate=20230609&gameId=20230609LGHH0
2023-06-09,2023,한화,LG,home,6,5,한밭,W,completed,20230609LGHH0,https://www.koreabaseball.com/Schedule/GameCenter/Main.aspx?gameDate=20230609&gameId=20230609LGHH0
2023-06-09,2023,롯데,삼성,away,5,1,대구,W,completed,20230609LTSS0,https://www.koreabaseball.com/Schedule/GameCenter/Main.aspx?gameDate=20230609&gameId=20230609LTSS0
2023-06-09,2023,삼성,롯데,home,1,5,대구,L,completed,20230609LTSS0,https://www.koreabaseball.com/Schedule/GameCenter/Main.aspx?gameDate=20230609&gameId=20230609LTSS0
2023-06-09,2023,NC,SSG,home,5,2,창원,W,completed,20230609SKNC0,https://www.koreabaseball.com/Schedule/GameCenter/Main.aspx?gameDate=20230609&gameId=20230609SKNC0
2023-06-09,2023,SSG,NC,away,2,5,창원,L,completed,20230609SKNC0,https://www.koreabaseball.com/Schedule/GameCenter/Main.aspx?gameDate=20230609&gameId=20230609SKNC0
2023-06-09,2023,KT,키움,home,3,2,수원,W,completed,20230609WOKT0,https://www.koreabaseball.com/Schedule/GameCenter/Main.aspx?gameDate=20230609&gameId=20230609WOKT0
2023-06-09,2023,키움,KT,away,2,3,수원,L,completed,20230609WOKT0,https://www.koreabaseball.com/Schedule/GameCenter/Main.aspx?gameDate=20230609&gameId=20230609WOKT0
2023-06-10,2023,KIA,두산,away,6,3,잠실,W,completed,20230610HTOB0,https://www.koreabaseball.com/Schedule/GameCenter/Main.aspx?gameDate=20230610&gameId=20230610HTOB0
2023-06-10,2023,두산,KIA,home,3,6,잠실,L,completed,20230610HTOB0,https://www.koreabaseball.com/Schedule/GameCenter/Main.aspx?gameDate=20230610&gameId=20230610HTOB0
2023-06-10,2023,LG,한화,away,0,7,한밭,L,completed,20230610LGHH0,https://www.koreabaseball.com/Schedule/GameCenter/Main.aspx?gameDate=20230610&gameId=20230610LGHH0
2023-06-10,2023,한화,LG,home,7,0,한밭,W,completed,20230610LGHH0,https://www.koreabaseball.com/Schedule/GameCenter/Main.aspx?gameDate=20230610&gameId=20230610LGHH0
2023-06-10,2023,롯데,삼성,away,7,9,대구,L,completed,20230610LTSS0,https://www.koreabaseball.com/Schedule/GameCenter/Main.aspx?gameDate=20230610&gameId=20230610LTSS0
2023-06-10,2023,삼성,롯데,home,9,7,대구,W,completed,20230610LTSS0,https://www.koreabaseball.com/Schedule/GameCenter/Main.aspx?gameDate=20230610&gameId=20230610LTSS0
2023-06-10,2023,NC,SSG,home,7,0,창원,W,completed,20230610SKNC0,https://www.koreabaseball.com/Schedule/GameCenter/Main.aspx?gameDate=20230610&gameId=20230610SKNC0
2023-06-10,2023,SSG,NC,away,0,7,창원,L,completed,20230610SKNC0,https://www.koreabaseball.com/Schedule/GameCenter/Main.aspx?gameDate=20230610&gameId=20230610SKNC0
2023-06-10,2023,KT,키움,home,2,5,수원,L,completed,20230610WOKT0,https://www.koreabaseball.com/Schedule/GameCenter/Main.aspx?gameDate=20230610&gameId=20230610WOKT0
2023-06-10,2023,키움,KT,away,5,2,수원,W,completed,20230610WOKT0,https://www.koreabaseball.com/Schedule/GameCenter/Main.aspx?gameDate=20230610&gameId=20230610WOKT0
2023-06-11,2023,KIA,두산,away,2,3,잠실,L,completed,20230611HTOB0,https://www.koreabaseball.com/Schedule/GameCenter/Main.aspx?gameDate=20230611&gameId=20230611HTOB0
2023-06-11,2023,두산,KIA,home,3,2,잠실,W,completed,20230611HTOB0,https://www.koreabaseball.com/Schedule/GameCenter/Main.aspx?gameDate=20230611&gameId=20230611HTOB0
2023-06-11,2023,LG,한화,away,13,7,한밭,W,completed,20230611LGHH0,https://www.koreabaseball.com/Schedule/GameCenter/Main.aspx?gameDate=20230611&gameId=20230611LGHH0
2023-06-11,2023,한화,LG,home,7,13,한밭,L,completed,20230611LGHH0,https://www.koreabaseball.com/Schedule/GameCenter/Main.aspx?gameDate=20230611&gameId=20230611LGHH0
2023-06-11,2023,롯데,삼성,away,4,6,대구,L,completed,20230611LTSS0,https://www.koreabaseball.com/Schedule/GameCenter/Main.aspx?gameDate=20230611&gameId=20230611LTSS0
2023-06-11,2023,삼성,롯데,home,6,4,대구,W,completed,20230611LTSS0,https://www.koreabaseball.com/Schedule/GameCenter/Main.aspx?gameDate=20230611&gameId=20230611LTSS0
2023-06-11,2023,NC,SSG,home,8,4,창원,W,completed,20230611SKNC0,https://www.koreabaseball.com/Schedule/GameCenter/Main.aspx?gameDate=20230611&gameId=20230611SKNC0
2023-06-11,2023,SSG,NC,away,4,8,창원,L,completed,20230611SKNC0,https://www.koreabaseball.com/Schedule/GameCenter/Main.aspx?gameDate=20230611&gameId=20230611SKNC0
2023-06-11,2023,KT,키움,home,5,14,수원,L,completed,20230611WOKT0,https://www.koreabaseball.com/Schedule/GameCenter/Main.aspx?gameDate=20230611&gameId=20230611WOKT0
2023-06-11,2023,키움,KT,away,14,5,수원,W,completed,20230611WOKT0,https://www.koreabaseball.com/Schedule/GameCenter/Main.aspx?gameDate=20230611&gameId=20230611WOKT0
2023-06-13,2023,롯데,한화,home,7,5,사직,W,completed,20230613HHLT0,https://www.koreabaseball.com/Schedule/GameCenter/Main.aspx?gameDate=20230613&gameId=20230613HHLT0
2023-06-13,2023,한화,롯데,away,5,7,사직,L,completed,20230613HHLT0,https://www.koreabaseball.com/Schedule/GameCenter/Main.aspx?gameDate=20230613&gameId=20230613HHLT0
2023-06-13,2023,KIA,키움,away,0,1,고척,L,completed,20230613HTWO0,https://www.koreabaseball.com/Schedule/GameCenter/Main.aspx?gameDate=20230613&gameId=20230613HTWO0
2023-06-13,2023,키움,KIA,home,1,0,고척,W,completed,20230613HTWO0,https://www.koreabaseball.com/Schedule/GameCenter/Main.aspx?gameDate=20230613&gameId=20230613HTWO0
2023-06-13,2023,KT,SSG,away,1,8,문학,L,completed,20230613KTSK0,https://www.koreabaseball.com/Schedule/GameCenter/Main.aspx?gameDate=20230613&gameId=20230613KTSK0
2023-06-13,2023,SSG,KT,home,8,1,문학,W,completed,20230613KTSK0,https://www.koreabaseball.com/Schedule/GameCenter/Main.aspx?gameDate=20230613&gameId=20230613KTSK0
2023-06-13,2023,NC,두산,home,4,11,창원,L,completed,20230613OBNC0,https://www.koreabaseball.com/Schedule/GameCenter/Main.aspx?gameDate=20230613&gameId=20230613OBNC0
2023-06-13,2023,두산,NC,away,11,4,창원,W,completed,20230613OBNC0,https://www.koreabaseball.com/Schedule/GameCenter/Main.aspx?gameDate=20230613&gameId=20230613OBNC0
2023-06-13,2023,LG,삼성,home,2,1,잠실,W,completed,20230613SSLG0,https://www.koreabaseball.com/Schedule/GameCenter/Main.aspx?gameDate=20230613&gameId=20230613SSLG0
2023-06-13,2023,삼성,LG,away,1,2,잠실,L,completed,20230613SSLG0,https://www.koreabaseball.com/Schedule/GameCenter/Main.aspx?gameDate=20230613&gameId=20230613SSLG0
2023-06-14,2023,롯데,한화,home,4,8,사직,L,completed,20230614HHLT0,https://www.koreabaseball.com/Schedule/GameCenter/Main.aspx?gameDate=20230614&gameId=20230614HHLT0
2023-06-14,2023,한화,롯데,away,8,4,사직,W,completed,20230614HHLT0,https://www.koreabaseball.com/Schedule/GameCenter/Main.aspx?gameDate=20230614&gameId=20230614HHLT0
2023-06-14,2023,KIA,키움,away,1,2,고척,L,completed,20230614HTWO0,https://www.koreabaseball.com/Schedule/GameCenter/Main.aspx?gameDate=20230614&gameId=20230614HTWO0
2023-06-14,2023,키움,KIA,home,2,1,고척,W,completed,20230614HTWO0,https://www.koreabaseball.com/Schedule/GameCenter/Main.aspx?gameDate=20230614&gameId=20230614HTWO0
2023-06-14,2023,KT,SSG,away,14,4,문학,W,completed,20230614KTSK0,https://www.koreabaseball.com/Schedule/GameCenter/Main.aspx?gameDate=20230614&gameId=20230614KTSK0
2023-06-14,2023,SSG,KT,home,4,14,문학,L,completed,20230614KTSK0,https://www.koreabaseball.com/Schedule/GameCenter/Main.aspx?gameDate=20230614&gameId=20230614KTSK0
2023-06-14,2023,NC,두산,home,5,4,창원,W,completed,20230614OBNC0,https://www.koreabaseball.com/Schedule/GameCenter/Main.aspx?gameDate=20230614&gameId=20230614OBNC0
2023-06-14,2023,두산,NC,away,4,5,창원,L,completed,20230614OBNC0,https://www.koreabaseball.com/Schedule/GameCenter/Main.aspx?gameDate=20230614&gameId=20230614OBNC0
2023-06-14,2023,LG,삼성,home,3,2,잠실,W,completed,20230614SSLG0,https://www.koreabaseball.com/Schedule/GameCenter/Main.aspx?gameDate=20230614&gameId=20230614SSLG0
2023-06-14,2023,삼성,LG,away,2,3,잠실,L,completed,20230614SSLG0,https://www.koreabaseball.com/Schedule/GameCenter/Main.aspx?gameDate=20230614&gameId=20230614SSLG0
2023-06-15,2023,롯데,한화,home,4,5,사직,L,completed,20230615HHLT0,https://www.koreabaseball.com/Schedule/GameCenter/Main.aspx?gameDate=20230615&gameId=20230615HHLT0
2023-06-15,2023,한화,롯데,away,5,4,사직,W,completed,20230615HHLT0,https://www.koreabaseball.com/Schedule/GameCenter/Main.aspx?gameDate=20230615&gameId=20230615HHLT0
2023-06-15,2023,KIA,키움,away,8,4,고척,W,completed,20230615HTWO0,https://www.koreabaseball.com/Schedule/GameCenter/Main.aspx?gameDate=20230615&gameId=20230615HTWO0
2023-06-15,2023,키움,KIA,home,4,8,고척,L,completed,20230615HTWO0,https://www.koreabaseball.com/Schedule/GameCenter/Main.aspx?gameDate=20230615&gameId=20230615HTWO0
2023-06-15,2023,KT,SSG,away,7,3,문학,W,completed,20230615KTSK0,https://www.koreabaseball.com/Schedule/GameCenter/Main.aspx?gameDate=20230615&gameId=20230615KTSK0
2023-06-15,2023,SSG,KT,home,3,7,문학,L,completed,20230615KTSK0,https://www.koreabaseball.com/Schedule/GameCenter/Main.aspx?gameDate=20230615&gameId=20230615KTSK0
2023-06-15,2023,NC,두산,home,10,3,창원,W,completed,20230615OBNC0,https://www.koreabaseball.com/Schedule/GameCenter/Main.aspx?gameDate=20230615&gameId=20230615OBNC0
2023-06-15,2023,두산,NC,away,3,10,창원,L,completed,20230615OBNC0,https://www.koreabaseball.com/Schedule/GameCenter/Main.aspx?gameDate=20230615&gameId=20230615OBNC0
2023-06-15,2023,LG,삼성,home,9,3,잠실,W,completed,20230615SSLG0,https://www.koreabaseball.com/Schedule/GameCenter/Main.aspx?gameDate=20230615&gameId=20230615SSLG0
2023-06-15,2023,삼성,LG,away,3,9,잠실,L,completed,20230615SSLG0,https://www.koreabaseball.com/Schedule/GameCenter/Main.aspx?gameDate=20230615&gameId=20230615SSLG0
2023-06-16,2023,SSG,롯데,home,12,1,문학,W,completed,20230616LTSK0,https://www.koreabaseball.com/Schedule/GameCenter/Main.aspx?gameDate=20230616&gameId=20230616LTSK0
2023-06-16,2023,롯데,SSG,away,1,12,문학,L,completed,20230616LTSK0,https://www.koreabaseball.com/Schedule/GameCenter/Main.aspx?gameDate=20230616&gameId=20230616LTSK0
2023-06-16,2023,KIA,NC,home,13,11,광주,W,completed,20230616NCHT0,https://www.koreabaseball.com/Schedule/GameCenter/Main.aspx?gameDate=20230616&gameId=20230616NCHT0
2023-06-16,2023,NC,KIA,away,11,13,광주,L,completed,20230616NCHT0,https://www.koreabaseball.com/Schedule/GameCenter/Main.aspx?gameDate=20230616&gameId=20230616NCHT0
2023-06-16,2023,LG,두산,home,7,4,잠실,W,completed,20230616OBLG0,https://www.koreabaseball.com/Schedule/GameCenter/Main.aspx?gameDate=20230616&gameId=20230616OBLG0
2023-06-16,2023,두산,LG,away,4,7,잠실,L,completed,20230616OBLG0,https://www.koreabaseball.com/Schedule/GameCenter/Main.aspx?gameDate=20230616&gameId=20230616OBLG0
2023-06-16,2023,KT,삼성,home,7,6,수원,W,completed,20230616SSKT0,https://www.koreabaseball.com/Schedule/GameCenter/Main.aspx?gameDate=20230616&gameId=20230616SSKT0
2023-06-16,2023,삼성,KT,away,6,7,수원,L,completed,20230616SSKT0,https://www.koreabaseball.com/Schedule/GameCenter/Main.aspx?gameDate=20230616&gameId=20230616SSKT0
2023-06-16,2023,키움,한화,away,2,2,한밭,D,completed,20230616WOHH0,https://www.koreabaseball.com/Schedule/GameCenter/Main.aspx?gameDate=20230616&gameId=20230616WOHH0
2023-06-16,2023,한화,키움,home,2,2,한밭,D,completed,20230616WOHH0,https://www.koreabaseball.com/Schedule/GameCenter/Main.aspx?gameDate=20230616&gameId=20230616WOHH0
2023-06-17,2023,SSG,롯데,home,8,5,문학,W,completed,20230617LTSK0,https://www.koreabaseball.com/Schedule/GameCenter/Main.aspx?gameDate=20230617&gameId=20230617LTSK0
2023-06-17,2023,롯데,SSG,away,5,8,문학,L,completed,20230617LTSK0,https://www.koreabaseball.com/Schedule/GameCenter/Main.aspx?gameDate=20230617&gameId=20230617LTSK0
2023-06-17,2023,KIA,NC,home,7,10,광주,L,completed,20230617NCHT0,https://www.koreabaseball.com/Schedule/GameCenter/Main.aspx?gameDate=20230617&gameId=20230617NCHT0
2023-06-17,2023,NC,KIA,away,10,7,광주,W,completed,20230617NCHT0,https://www.koreabaseball.com/Schedule/GameCenter/Main.aspx?gameDate=20230617&gameId=20230617NCHT0
2023-06-17,2023,LG,두산,home,4,7,잠실,L,completed,20230617OBLG0,https://www.koreabaseball.com/Schedule/GameCenter/Main.aspx?gameDate=20230617&gameId=20230617OBLG0
2023-06-17,2023,두산,LG,away,7,4,잠실,W,completed,20230617OBLG0,https://www.koreabaseball.com/Schedule/GameCenter/Main.aspx?gameDate=20230617&gameId=20230617OBLG0
2023-06-17,2023,KT,삼성,home,6,5,수원,W,completed,20230617SSKT0,https://www.koreabaseball.com/Schedule/GameCenter/Main.aspx?gameDate=20230617&gameId=20230617SSKT0
2023-06-17,2023,삼성,KT,away,5,6,수원,L,completed,20230617SSKT0,https://www.koreabaseball.com/Schedule/GameCenter/Main.aspx?gameDate=20230617&gameId=20230617SSKT0
2023-06-17,2023,키움,한화,away,9,6,한밭,W,completed,20230617WOHH0,https://www.koreabaseball.com/Schedule/GameCenter/Main.aspx?gameDate=20230617&gameId=20230617WOHH0
2023-06-17,2023,한화,키움,home,6,9,한밭,L,completed,20230617WOHH0,https://www.koreabaseball.com/Schedule/GameCenter/Main.aspx?gameDate=20230617&gameId=20230617WOHH0
2023-06-18,2023,SSG,롯데,home,2,7,문학,L,completed,20230618LTSK0,https://www.koreabaseball.com/Schedule/GameCenter/Main.aspx?gameDate=20230618&gameId=20230618LTSK0
2023-06-18,2023,롯데,SSG,away,7,2,문학,W,completed,20230618LTSK0,https://www.koreabaseball.com/Schedule/GameCenter/Main.aspx?gameDate=20230618&gameId=20230618LTSK0
2023-06-18,2023,KIA,NC,home,7,7,광주,D,completed,20230618NCHT0,https://www.koreabaseball.com/Schedule/GameCenter/Main.aspx?gameDate=20230618&gameId=20230618NCHT0
2023-06-18,2023,NC,KIA,away,7,7,광주,D,completed,20230618NCHT0,https://www.koreabaseball.com/Schedule/GameCenter/Main.aspx?gameDate=20230618&gameId=20230618NCHT0
2023-06-18,2023,LG,두산,home,15,3,잠실,W,completed,20230618OBLG0,https://www.koreabaseball.com/Schedule/GameCenter/Main.aspx?gameDate=20230618&gameId=20230618OBLG0
2023-06-18,2023,두산,LG,away,3,15,잠실,L,completed,20230618OBLG0,https://www.koreabaseball.com/Schedule/GameCenter/Main.aspx?gameDate=20230618&gameId=20230618OBLG0
2023-06-18,2023,KT,삼성,home,5,7,수원,L,completed,20230618SSKT0,https://www.koreabaseball.com/Schedule/GameCenter/Main.aspx?gameDate=20230618&gameId=20230618SSKT0
2023-06-18,2023,삼성,KT,away,7,5,수원,W,completed,20230618SSKT0,https://www.koreabaseball.com/Schedule/GameCenter/Main.aspx?gameDate=20230618&gameId=20230618SSKT0
2023-06-18,2023,키움,한화,away,6,5,한밭,W,completed,20230618WOHH0,https://www.koreabaseball.com/Schedule/GameCenter/Main.aspx?gameDate=20230618&gameId=20230618WOHH0
2023-06-18,2023,한화,키움,home,5,6,한밭,L,completed,20230618WOHH0,https://www.koreabaseball.com/Schedule/GameCenter/Main.aspx?gameDate=20230618&gameId=20230618WOHH0
2023-06-20,2023,KIA,한화,away,6,4,한밭,W,completed,20230620HTHH0,https://www.koreabaseball.com/Schedule/GameCenter/Main.aspx?gameDate=20230620&gameId=20230620HTHH0
2023-06-20,2023,한화,KIA,home,4,6,한밭,L,completed,20230620HTHH0,https://www.koreabaseball.com/Schedule/GameCenter/Main.aspx?gameDate=20230620&gameId=20230620HTHH0
2023-06-20,2023,LG,NC,away,4,8,창원,L,completed,20230620LGNC0,https://www.koreabaseball.com/Schedule/GameCenter/Main.aspx?gameDate=20230620&gameId=20230620LGNC0
2023-06-20,2023,NC,LG,home,8,4,창원,W,completed,20230620LGNC0,https://www.koreabaseball.com/Schedule/GameCenter/Main.aspx?gameDate=20230620&gameId=20230620LGNC0
2023-06-20,2023,KT,롯데,home,5,2,수원,W,completed,20230620LTKT0,https://www.koreabaseball.com/Schedule/GameCenter/Main.aspx?gameDate=20230620&gameId=20230620LTKT0
2023-06-20,2023,롯데,KT,away,2,5,수원,L,completed,20230620LTKT0,https://www.koreabaseball.com/Schedule/GameCenter/Main.aspx?gameDate=20230620&gameId=20230620LTKT0
2023-06-20,2023,SSG,두산,away,6,1,잠실,W,completed,20230620SKOB0,https://www.koreabaseball.com/Schedule/GameCenter/Main.aspx?gameDate=20230620&gameId=20230620SKOB0
2023-06-20,2023,두산,SSG,home,1,6,잠실,L,completed,20230620SKOB0,https://www.koreabaseball.com/Schedule/GameCenter/Main.aspx?gameDate=20230620&gameId=20230620SKOB0
2023-06-20,2023,삼성,키움,home,2,7,대구,L,completed,20230620WOSS0,https://www.koreabaseball.com/Schedule/GameCenter/Main.aspx?gameDate=20230620&gameId=20230620WOSS0
2023-06-20,2023,키움,삼성,away,7,2,대구,W,completed,20230620WOSS0,https://www.koreabaseball.com/Schedule/GameCenter/Main.aspx?gameDate=20230620&gameId=20230620WOSS0
2023-06-21,2023,KIA,한화,away,4,7,한밭,L,completed,20230621HTHH0,https://www.koreabaseball.com/Schedule/GameCenter/Main.aspx?gameDate=20230621&gameId=20230621HTHH0
2023-06-21,2023,한화,KIA,home,7,4,한밭,W,completed,20230621HTHH0,https://www.koreabaseball.com/Schedule/GameCenter/Main.aspx?gameDate=20230621&gameId=20230621HTHH0
2023-06-21,2023,LG,NC,away,9,3,창원,W,completed,20230621LGNC0,https://www.koreabaseball.com/Schedule/GameCenter/Main.aspx?gameDate=20230621&gameId=20230621LGNC0
2023-06-21,2023,NC,LG,home,3,9,창원,L,completed,20230621LGNC0,https://www.koreabaseball.com/Schedule/GameCenter/Main.aspx?gameDate=20230621&gameId=20230621LGNC0
2023-06-21,2023,KT,롯데,home,8,2,수원,W,completed,20230621LTKT0,https://www.koreabaseball.com/Schedule/GameCenter/Main.aspx?gameDate=20230621&gameId=20230621LTKT0
2023-06-21,2023,롯데,KT,away,2,8,수원,L,completed,20230621LTKT0,https://www.koreabaseball.com/Schedule/GameCenter/Main.aspx?gameDate=20230621&gameId=20230621LTKT0
2023-06-21,2023,SSG,두산,away,3,1,잠실,W,completed,20230621SKOB0,https://www.koreabaseball.com/Schedule/GameCenter/Main.aspx?gameDate=20230621&gameId=20230621SKOB0
2023-06-21,2023,두산,SSG,home,1,3,잠실,L,completed,20230621SKOB0,https://www.koreabaseball.com/Schedule/GameCenter/Main.aspx?gameDate=20230621&gameId=20230621SKOB0
2023-06-21,2023,삼성,키움,home,0,2,대구,L,completed,20230621WOSS0,https://www.koreabaseball.com/Schedule/GameCenter/Main.aspx?gameDate=20230621&gameId=20230621WOSS0
2023-06-21,2023,키움,삼성,away,2,0,대구,W,completed,20230621WOSS0,https://www.koreabaseball.com/Schedule/GameCenter/Main.aspx?gameDate=20230621&gameId=20230621WOSS0
2023-06-22,2023,KIA,한화,away,0,1,한밭,L,completed,20230622HTHH0,https://www.koreabaseball.com/Schedule/GameCenter/Main.aspx?gameDate=20230622&gameId=20230622HTHH0
2023-06-22,2023,한화,KIA,home,1,0,한밭,W,completed,20230622HTHH0,https://www.koreabaseball.com/Schedule/GameCenter/Main.aspx?gameDate=20230622&gameId=20230622HTHH0
2023-06-22,2023,LG,NC,away,4,3,창원,W,completed,20230622LGNC0,https://www.koreabaseball.com/Schedule/GameCenter/Main.aspx?gameDate=20230622&gameId=20230622LGNC0
2023-06-22,2023,NC,LG,home,3,4,창원,L,completed,20230622LGNC0,https://www.koreabaseball.com/Schedule/GameCenter/Main.aspx?gameDate=20230622&gameId=20230622LGNC0
2023-06-22,2023,KT,롯데,home,4,2,수원,W,completed,20230622LTKT0,https://www.koreabaseball.com/Schedule/GameCenter/Main.aspx?gameDate=20230622&gameId=20230622LTKT0
2023-06-22,2023,롯데,KT,away,2,4,수원,L,completed,20230622LTKT0,https://www.koreabaseball.com/Schedule/GameCenter/Main.aspx?gameDate=20230622&gameId=20230622LTKT0
2023-06-22,2023,SSG,두산,away,5,3,잠실,W,completed,20230622SKOB0,https://www.koreabaseball.com/Schedule/GameCenter/Main.aspx?gameDate=20230622&gameId=20230622SKOB0
2023-06-22,2023,두산,SSG,home,3,5,잠실,L,completed,20230622SKOB0,https://www.koreabaseball.com/Schedule/GameCenter/Main.aspx?gameDate=20230622&gameId=20230622SKOB0
2023-06-22,2023,삼성,키움,home,1,2,대구,L,completed,20230622WOSS0,https://www.koreabaseball.com/Schedule/GameCenter/Main.aspx?gameDate=20230622&gameId=20230622WOSS0
2023-06-22,2023,키움,삼성,away,2,1,대구,W,completed,20230622WOSS0,https://www.koreabaseball.com/Schedule/GameCenter/Main.aspx?gameDate=20230622&gameId=20230622WOSS0
2023-06-23,2023,NC,한화,home,2,6,창원,L,completed,20230623HHNC0,https://www.koreabaseball.com/Schedule/GameCenter/Main.aspx?gameDate=20230623&gameId=20230623HHNC0
2023-06-23,2023,한화,NC,away,6,2,창원,W,completed,20230623HHNC0,https://www.koreabaseball.com/Schedule/GameCenter/Main.aspx?gameDate=20230623&gameId=20230623HHNC0
2023-06-23,2023,KIA,KT,home,3,10,광주,L,completed,20230623KTHT0,https://www.koreabaseball.com/Schedule/GameCenter/Main.aspx?gameDate=20230623&gameId=20230623KTHT0
2023-06-23,2023,KT,KIA,away,10,3,광주,W,completed,20230623KTHT0,https://www.koreabaseball.com/Schedule/GameCenter/Main.aspx?gameDate=20230623&gameId=20230623KTHT0
2023-06-23,2023,LG,롯데,home,1,2,잠실,L,completed,20230623LTLG0,https://www.koreabaseball.com/Schedule/GameCenter/Main.aspx?gameDate=20230623&gameId=20230623LTLG0
2023-06-23,2023,롯데,LG,away,2,1,잠실,W,completed,20230623LTLG0,https://www.koreabaseball.com/Schedule/GameCenter/Main.aspx?gameDate=20230623&gameId=20230623LTLG0
2023-06-23,2023,두산,키움,away,2,1,고척,W,completed,20230623OBWO0,https://www.koreabaseball.com/Schedule/GameCenter/Main.aspx?gameDate=20230623&gameId=20230623OBWO0
2023-06-23,2023,키움,두산,home,1,2,고척,L,completed,20230623OBWO0,https://www.koreabaseball.com/Schedule/GameCenter/Main.aspx?gameDate=20230623&gameId=20230623OBWO0
2023-06-23,2023,SSG,삼성,home,6,0,문학,W,completed,20230623SSSK0,https://www.koreabaseball.com/Schedule/GameCenter/Main.aspx?gameDate=20230623&gameId=20230623SSSK0
2023-06-23,2023,삼성,SSG,away,0,6,문학,L,completed,20230623SSSK0,https://www.koreabaseball.com/Schedule/GameCenter/Main.aspx?gameDate=20230623&gameId=20230623SSSK0
2023-06-24,2023,NC,한화,home,1,7,창원,L,completed,20230624HHNC0,https://www.koreabaseball.com/Schedule/GameCenter/Main.aspx?gameDate=20230624&gameId=20230624HHNC0
2023-06-24,2023,한화,NC,away,7,1,창원,W,completed,20230624HHNC0,https://www.koreabaseball.com/Schedule/GameCenter/Main.aspx?gameDate=20230624&gameId=20230624HHNC0
2023-06-24,2023,KIA,KT,home,4,1,광주,W,completed,20230624KTHT0,https://www.koreabaseball.com/Schedule/GameCenter/Main.aspx?gameDate=20230624&gameId=20230624KTHT0
2023-06-24,2023,KT,KIA,away,1,4,광주,L,completed,20230624KTHT0,https://www.koreabaseball.com/Schedule/GameCenter/Main.aspx?gameDate=20230624&gameId=20230624KTHT0
2023-06-24,2023,LG,롯데,home,9,1,잠실,W,completed,20230624LTLG0,https://www.koreabaseball.com/Schedule/GameCenter/Main.aspx?gameDate=20230624&gameId=20230624LTLG0
2023-06-24,2023,롯데,LG,away,1,9,잠실,L,completed,20230624LTLG0,https://www.koreabaseball.com/Schedule/GameCenter/Main.aspx?gameDate=20230624&gameId=20230624LTLG0
2023-06-24,2023,두산,키움,away,2,4,고척,L,completed,20230624OBWO0,https://www.koreabaseball.com/Schedule/GameCenter/Main.aspx?gameDate=20230624&gameId=20230624OBWO0
2023-06-24,2023,키움,두산,home,4,2,고척,W,completed,20230624OBWO0,https://www.koreabaseball.com/Schedule/GameCenter/Main.aspx?gameDate=20230624&gameId=20230624OBWO0
2023-06-24,2023,SSG,삼성,home,13,10,문학,W,completed,20230624SSSK0,https://www.koreabaseball.com/Schedule/GameCenter/Main.aspx?gameDate=20230624&gameId=20230624SSSK0
2023-06-24,2023,삼성,SSG,away,10,13,문학,L,completed,20230624SSSK0,https://www.koreabaseball.com/Schedule/GameCenter/Main.aspx?gameDate=20230624&gameId=20230624SSSK0
2023-06-25,2023,LG,롯데,home,7,3,잠실,W,completed,20230625LTLG0,https://www.koreabaseball.com/Schedule/GameCenter/Main.aspx?gameDate=20230625&gameId=20230625LTLG0
2023-06-25,2023,롯데,LG,away,3,7,잠실,L,completed,20230625LTLG0,https://www.koreabaseball.com/Schedule/GameCenter/Main.aspx?gameDate=20230625&gameId=20230625LTLG0
2023-06-25,2023,두산,키움,away,17,2,고척,W,completed,20230625OBWO0,https://www.koreabaseball.com/Schedule/GameCenter/Main.aspx?gameDate=20230625&gameId=20230625OBWO0
2023-06-25,2023,키움,두산,home,2,17,고척,L,completed,20230625OBWO0,https://www.koreabaseball.com/Schedule/GameCenter/Main.aspx?gameDate=20230625&gameId=20230625OBWO0
2023-06-25,2023,SSG,삼성,home,2,5,문학,L,completed,20230625SSSK0,https://www.koreabaseball.com/Schedule/GameCenter/Main.aspx?gameDate=20230625&gameId=20230625SSSK0
2023-06-25,2023,삼성,SSG,away,5,2,문학,W,completed,20230625SSSK0,https://www.koreabaseball.com/Schedule/GameCenter/Main.aspx?gameDate=20230625&gameId=20230625SSSK0
2023-06-27,2023,KT,한화,away,1,4,한밭,L,completed,20230627KTHH0,https://www.koreabaseball.com/Schedule/GameCenter/Main.aspx?gameDate=20230627&gameId=20230627KTHH0
2023-06-27,2023,한화,KT,home,4,1,한밭,W,completed,20230627KTHH0,https://www.koreabaseball.com/Schedule/GameCenter/Main.aspx?gameDate=20230627&gameId=20230627KTHH0
2023-06-27,2023,LG,SSG,away,14,0,문학,W,completed,20230627LGSK0,https://www.koreabaseball.com/Schedule/GameCenter/Main.aspx?gameDate=20230627&gameId=20230627LGSK0
2023-06-27,2023,SSG,LG,home,0,14,문학,L,completed,20230627LGSK0,https://www.koreabaseball.com/Schedule/GameCenter/Main.aspx?gameDate=20230627&gameId=20230627LGSK0
2023-06-27,2023,NC,두산,away,2,3,잠실,L,completed,20230627NCOB0,https://www.koreabaseball.com/Schedule/GameCenter/Main.aspx?gameDate=20230627&gameId=20230627NCOB0
2023-06-27,2023,두산,NC,home,3,2,잠실,W,completed,20230627NCOB0,https://www.koreabaseball.com/Schedule/GameCenter/Main.aspx?gameDate=20230627&gameId=20230627NCOB0
2023-06-27,2023,롯데,삼성,home,5,3,사직,W,completed,20230627SSLT0,https://www.koreabaseball.com/Schedule/GameCenter/Main.aspx?gameDate=20230627&gameId=20230627SSLT0
2023-06-27,2023,삼성,롯데,away,3,5,사직,L,completed,20230627SSLT0,https://www.koreabaseball.com/Schedule/GameCenter/Main.aspx?gameDate=20230627&gameId=20230627SSLT0
2023-06-27,2023,KIA,키움,home,1,8,광주,L,completed,20230627WOHT0,https://www.koreabaseball.com/Schedule/GameCenter/Main.aspx?gameDate=20230627&gameId=20230627WOHT0
2023-06-27,2023,키움,KIA,away,8,1,광주,W,completed,20230627WOHT0,https://www.koreabaseball.com/Schedule/GameCenter/Main.aspx?gameDate=20230627&gameId=20230627WOHT0
2023-06-28,2023,KT,한화,away,4,6,한밭,L,completed,20230628KTHH0,https://www.koreabaseball.com/Schedule/GameCenter/Main.aspx?gameDate=20230628&gameId=20230628KTHH0
2023-06-28,2023,한화,KT,home,6,4,한밭,W,completed,20230628KTHH0,https://www.koreabaseball.com/Schedule/GameCenter/Main.aspx?gameDate=20230628&gameId=20230628KTHH0
2023-06-28,2023,LG,SSG,away,8,6,문학,W,completed,20230628LGSK0,https://www.koreabaseball.com/Schedule/GameCenter/Main.aspx?gameDate=20230628&gameId=20230628LGSK0
2023-06-28,2023,SSG,LG,home,6,8,문학,L,completed,20230628LGSK0,https://www.koreabaseball.com/Schedule/GameCenter/Main.aspx?gameDate=20230628&gameId=20230628LGSK0
2023-06-28,2023,NC,두산,away,4,1,잠실,W,completed,20230628NCOB0,https://www.koreabaseball.com/Schedule/GameCenter/Main.aspx?gameDate=20230628&gameId=20230628NCOB0
2023-06-28,2023,두산,NC,home,1,4,잠실,L,completed,20230628NCOB0,https://www.koreabaseball.com/Schedule/GameCenter/Main.aspx?gameDate=20230628&gameId=20230628NCOB0
2023-06-28,2023,롯데,삼성,home,9,6,사직,W,completed,20230628SSLT0,https://www.koreabaseball.com/Schedule/GameCenter/Main.aspx?gameDate=20230628&gameId=20230628SSLT0
2023-06-28,2023,삼성,롯데,away,6,9,사직,L,completed,20230628SSLT0,https://www.koreabaseball.com/Schedule/GameCenter/Main.aspx?gameDate=20230628&gameId=20230628SSLT0
2023-06-28,2023,KIA,키움,home,5,7,광주,L,completed,20230628WOHT0,https://www.koreabaseball.com/Schedule/GameCenter/Main.aspx?gameDate=20230628&gameId=20230628WOHT0
2023-06-28,2023,키움,KIA,away,7,5,광주,W,completed,20230628WOHT0,https://www.koreabaseball.com/Schedule/GameCenter/Main.aspx?gameDate=20230628&gameId=20230628WOHT0
2023-06-30,2023,삼성,한화,home,1,6,대구,L,completed,20230630HHSS0,https://www.koreabaseball.com/Schedule/GameCenter/Main.aspx?gameDate=20230630&gameId=20230630HHSS0
2023-06-30,2023,한화,삼성,away,6,1,대구,W,completed,20230630HHSS0,https://www.koreabaseball.com/Schedule/GameCenter/Main.aspx?gameDate=20230630&gameId=20230630HHSS0
2023-06-30,2023,KIA,LG,away,4,5,잠실,L,completed,20230630HTLG0,https://www.koreabaseball.com/Schedule/GameCenter/Main.aspx?gameDate=20230630&gameId=20230630HTLG0
2023-06-30,2023,LG,KIA,home,5,4,잠실,W,completed,20230630HTLG0,https://www.koreabaseball.com/Schedule/GameCenter/Main.aspx?gameDate=20230630&gameId=20230630HTLG0
2023-06-30,2023,KT,NC,home,3,2,수원,W,completed,20230630NCKT0,https://www.koreabaseball.com/Schedule/GameCenter/Main.aspx?gameDate=20230630&gameId=20230630NCKT0
2023-06-30,2023,NC,KT,away,2,3,수원,L,completed,20230630NCKT0,https://www.koreabaseball.com/Schedule/GameCenter/Main.aspx?gameDate=20230630&gameId=20230630NCKT0
2023-06-30,2023,두산,롯데,away,0,1,울산,L,completed,20230630OBLT0,https://www.koreabaseball.com/Schedule/GameCenter/Main.aspx?gameDate=20230630&gameId=20230630OBLT0
2023-06-30,2023,롯데,두산,home,1,0,울산,W,completed,20230630OBLT0,https://www.koreabaseball.com/Schedule/GameCenter/Main.aspx?gameDate=20230630&gameId=20230630OBLT0
2023-06-30,2023,SSG,키움,away,7,3,고척,W,completed,20230630SKWO0,https://www.koreabaseball.com/Schedule/GameCenter/Main.aspx?gameDate=20230630&gameId=20230630SKWO0
2023-06-30,2023,키움,SSG,home,3,7,고척,L,completed,20230630SKWO0,https://www.koreabaseball.com/Schedule/GameCenter/Main.aspx?gameDate=20230630&gameId=20230630SKWO0
2023-07-01,2023,삼성,한화,home,4,10,대구,L,completed,20230701HHSS0,https://www.koreabaseball.com/Schedule/GameCenter/Main.aspx?gameDate=20230701&gameId=20230701HHSS0
2023-07-01,2023,한화,삼성,away,10,4,대구,W,completed,20230701HHSS0,https://www.koreabaseball.com/Schedule/GameCenter/Main.aspx?gameDate=20230701&gameId=20230701HHSS0
2023-07-01,2023,KIA,LG,away,5,3,잠실,W,completed,20230701HTLG0,https://www.koreabaseball.com/Schedule/GameCenter/Main.aspx?gameDate=20230701&gameId=20230701HTLG0
2023-07-01,2023,LG,KIA,home,3,5,잠실,L,completed,20230701HTLG0,https://www.koreabaseball.com/Schedule/GameCenter/Main.aspx?gameDate=20230701&gameId=20230701HTLG0
2023-07-01,2023,KT,NC,home,7,6,수원,W,completed,20230701NCKT0,https://www.koreabaseball.com/Schedule/GameCenter/Main.aspx?gameDate=20230701&gameId=20230701NCKT0
2023-07-01,2023,NC,KT,away,6,7,수원,L,completed,20230701NCKT0,https://www.koreabaseball.com/Schedule/GameCenter/Main.aspx?gameDate=20230701&gameId=20230701NCKT0
2023-07-01,2023,두산,롯데,away,2,1,울산,W,completed,20230701OBLT0,https://www.koreabaseball.com/Schedule/GameCenter/Main.aspx?gameDate=20230701&gameId=20230701OBLT0
2023-07-01,2023,롯데,두산,home,1,2,울산,L,completed,20230701OBLT0,https://www.koreabaseball.com/Schedule/GameCenter/Main.aspx?gameDate=20230701&gameId=20230701OBLT0
2023-07-01,2023,SSG,키움,away,3,6,고척,L,completed,20230701SKWO0,https://www.koreabaseball.com/Schedule/GameCenter/Main.aspx?gameDate=20230701&gameId=20230701SKWO0
2023-07-01,2023,키움,SSG,home,6,3,고척,W,completed,20230701SKWO0,https://www.koreabaseball.com/Schedule/GameCenter/Main.aspx?gameDate=20230701&gameId=20230701SKWO0
2023-07-02,2023,삼성,한화,home,2,1,대구,W,completed,20230702HHSS0,https://www.koreabaseball.com/Schedule/GameCenter/Main.aspx?gameDate=20230702&gameId=20230702HHSS0
2023-07-02,2023,한화,삼성,away,1,2,대구,L,completed,20230702HHSS0,https://www.koreabaseball.com/Schedule/GameCenter/Main.aspx?gameDate=20230702&gameId=20230702HHSS0
2023-07-02,2023,KIA,LG,away,1,3,잠실,L,completed,20230702HTLG0,https://www.koreabaseball.com/Schedule/GameCenter/Main.aspx?gameDate=20230702&gameId=20230702HTLG0
2023-07-02,2023,LG,KIA,home,3,1,잠실,W,completed,20230702HTLG0,https://www.koreabaseball.com/Schedule/GameCenter/Main.aspx?gameDate=20230702&gameId=20230702HTLG0
2023-07-02,2023,KT,NC,home,5,0,수원,W,completed,20230702NCKT0,https://www.koreabaseball.com/Schedule/GameCenter/Main.aspx?gameDate=20230702&gameId=20230702NCKT0
2023-07-02,2023,NC,KT,away,0,5,수원,L,completed,20230702NCKT0,https://www.koreabaseball.com/Schedule/GameCenter/Main.aspx?gameDate=20230702&gameId=20230702NCKT0
2023-07-02,2023,두산,롯데,away,4,2,울산,W,completed,20230702OBLT0,https://www.koreabaseball.com/Schedule/GameCenter/Main.aspx?gameDate=20230702&gameId=20230702OBLT0
2023-07-02,2023,롯데,두산,home,2,4,울산,L,completed,20230702OBLT0,https://www.koreabaseball.com/Schedule/GameCenter/Main.aspx?gameDate=20230702&gameId=20230702OBLT0
2023-07-02,2023,SSG,키움,away,9,5,고척,W,completed,20230702SKWO0,https://www.koreabaseball.com/Schedule/GameCenter/Main.aspx?gameDate=20230702&gameId=20230702SKWO0
2023-07-02,2023,키움,SSG,home,5,9,고척,L,completed,20230702SKWO0,https://www.koreabaseball.com/Schedule/GameCenter/Main.aspx?gameDate=20230702&gameId=20230702SKWO0
2023-07-04,2023,NC,키움,away,4,8,고척,L,completed,20230704NCWO0,https://www.koreabaseball.com/Schedule/GameCenter/Main.aspx?gameDate=20230704&gameId=20230704NCWO0
2023-07-04,2023,키움,NC,home,8,4,고척,W,completed,20230704NCWO0,https://www.koreabaseball.com/Schedule/GameCenter/Main.aspx?gameDate=20230704&gameId=20230704NCWO0
2023-07-04,2023,두산,삼성,away,5,3,포항,W,completed,20230704OBSS0,https://www.koreabaseball.com/Schedule/GameCenter/Main.aspx?gameDate=20230704&gameId=20230704OBSS0
2023-07-04,2023,삼성,두산,home,3,5,포항,L,completed,20230704OBSS0,https://www.koreabaseball.com/Schedule/GameCenter/Main.aspx?gameDate=20230704&gameId=20230704OBSS0
2023-07-05,2023,KIA,SSG,away,17,3,문학,W,completed,20230705HTSK0,https://www.koreabaseball.com/Schedule/GameCenter/Main.aspx?gameDate=20230705&gameId=20230705HTSK0
2023-07-05,2023,SSG,KIA,home,3,17,문학,L,completed,20230705HTSK0,https://www.koreabaseball.com/Schedule/GameCenter/Main.aspx?gameDate=20230705&gameId=20230705HTSK0
2023-07-05,2023,KT,LG,away,8,4,잠실,W,completed,20230705KTLG0,https://www.koreabaseball.com/Schedule/GameCenter/Main.aspx?gameDate=20230705&gameId=20230705KTLG0
2023-07-05,2023,LG,KT,home,4,8,잠실,L,completed,20230705KTLG0,https://www.koreabaseball.com/Schedule/GameCenter/Main.aspx?gameDate=20230705&gameId=20230705KTLG0
2023-07-05,2023,롯데,한화,away,3,5,한밭,L,completed,20230705LTHH0,https://www.koreabaseball.com/Schedule/GameCenter/Main.aspx?gameDate=20230705&gameId=20230705LTHH0
2023-07-05,2023,한화,롯데,home,5,3,한밭,W,completed,20230705LTHH0,https://www.koreabaseball.com/Schedule/GameCenter/Main.aspx?gameDate=20230705&gameId=20230705LTHH0
2023-07-05,2023,NC,키움,away,0,2,고척,L,completed,20230705NCWO0,https://www.koreabaseball.com/Schedule/GameCenter/Main.aspx?gameDate=20230705&gameId=20230705NCWO0
2023-07-05,2023,키움,NC,home,2,0,고척,W,completed,20230705NCWO0,https://www.koreabaseball.com/Schedule/GameCenter/Main.aspx?gameDate=20230705&gameId=20230705NCWO0
2023-07-05,2023,두산,삼성,away,7,4,포항,W,completed,20230705OBSS0,https://www.koreabaseball.com/Schedule/GameCenter/Main.aspx?gameDate=20230705&gameId=20230705OBSS0
2023-07-05,2023,삼성,두산,home,4,7,포항,L,completed,20230705OBSS0,https://www.koreabaseball.com/Schedule/GameCenter/Main.aspx?gameDate=20230705&gameId=20230705OBSS0
2023-07-06,2023,KIA,SSG,away,7,6,문학,W,completed,20230706HTSK0,https://www.koreabaseball.com/Schedule/GameCenter/Main.aspx?gameDate=20230706&gameId=20230706HTSK0
2023-07-06,2023,SSG,KIA,home,6,7,문학,L,completed,20230706HTSK0,https://www.koreabaseball.com/Schedule/GameCenter/Main.aspx?gameDate=20230706&gameId=20230706HTSK0
2023-07-06,2023,KT,LG,away,7,8,잠실,L,completed,20230706KTLG0,https://www.koreabaseball.com/Schedule/GameCenter/Main.aspx?gameDate=20230706&gameId=20230706KTLG0
2023-07-06,2023,LG,KT,home,8,7,잠실,W,completed,20230706KTLG0,https://www.koreabaseball.com/Schedule/GameCenter/Main.aspx?gameDate=20230706&gameId=20230706KTLG0
2023-07-06,2023,롯데,한화,away,4,3,한밭,W,completed,20230706LTHH0,https://www.koreabaseball.com/Schedule/GameCenter/Main.aspx?gameDate=20230706&gameId=20230706LTHH0
2023-07-06,2023,한화,롯데,home,3,4,한밭,L,completed,20230706LTHH0,https://www.koreabaseball.com/Schedule/GameCenter/Main.aspx?gameDate=20230706&gameId=20230706LTHH0
2023-07-06,2023,NC,키움,away,5,4,고척,W,completed,20230706NCWO0,https://www.koreabaseball.com/Schedule/GameCenter/Main.aspx?gameDate=20230706&gameId=20230706NCWO0
2023-07-06,2023,키움,NC,home,4,5,고척,L,completed,20230706NCWO0,https://www.koreabaseball.com/Schedule/GameCenter/Main.aspx?gameDate=20230706&gameId=20230706NCWO0
2023-07-06,2023,두산,삼성,away,5,1,포항,W,completed,20230706OBSS0,https://www.koreabaseball.com/Schedule/GameCenter/Main.aspx?gameDate=20230706&gameId=20230706OBSS0
2023-07-06,2023,삼성,두산,home,1,5,포항,L,completed,20230706OBSS0,https://www.koreabaseball.com/Schedule/GameCenter/Main.aspx?gameDate=20230706&gameId=20230706OBSS0
2023-07-07,2023,KIA,KT,away,6,2,수원,W,completed,20230707HTKT0,https://www.koreabaseball.com/Schedule/GameCenter/Main.aspx?gameDate=20230707&gameId=20230707HTKT0
2023-07-07,2023,KT,KIA,home,2,6,수원,L,completed,20230707HTKT0,https://www.koreabaseball.com/Schedule/GameCenter/Main.aspx?gameDate=20230707&gameId=20230707HTKT0
2023-07-07,2023,두산,키움,home,10,0,잠실,W,completed,20230707WOOB0,https://www.koreabaseball.com/Schedule/GameCenter/Main.aspx?gameDate=20230707&gameId=20230707WOOB0
2023-07-07,2023,키움,두산,away,0,10,잠실,L,completed,20230707WOOB0,https://www.koreabaseball.com/Schedule/GameCenter/Main.aspx?gameDate=20230707&gameId=20230707WOOB0
2023-07-08,2023,KIA,KT,away,7,0,수원,W,completed,20230708HTKT0,https://www.koreabaseball.com/Schedule/GameCenter/Main.aspx?gameDate=20230708&gameId=20230708HTKT0
2023-07-08,2023,KT,KIA,home,0,7,수원,L,completed,20230708HTKT0,https://www.koreabaseball.com/Schedule/GameCenter/Main.aspx?gameDate=20230708&gameId=20230708HTKT0
2023-07-08,2023,LG,롯데,away,12,3,사직,W,completed,20230708LGLT0,https://www.koreabaseball.com/Schedule/GameCenter/Main.aspx?gameDate=20230708&gameId=20230708LGLT0
2023-07-08,2023,롯데,LG,home,3,12,사직,L,completed,20230708LGLT0,https://www.koreabaseball.com/Schedule/GameCenter/Main.aspx?gameDate=20230708&gameId=20230708LGLT0
2023-07-08,2023,SSG,한화,away,9,7,한밭,W,completed,20230708SKHH0,https://www.koreabaseball.com/Schedule/GameCenter/Main.aspx?gameDate=20230708&gameId=20230708SKHH0
2023-07-08,2023,한화,SSG,home,7,9,한밭,L,completed,20230708SKHH0,https://www.koreabaseball.com/Schedule/GameCenter/Main.aspx?gameDate=20230708&gameId=20230708SKHH0
2023-07-08,2023,NC,삼성,home,0,8,창원,L,completed,20230708SSNC0,https://www.koreabaseball.com/Schedule/GameCenter/Main.aspx?gameDate=20230708&gameId=20230708SSNC0
2023-07-08,2023,삼성,NC,away,8,0,창원,W,completed,20230708SSNC0,https://www.koreabaseball.com/Schedule/GameCenter/Main.aspx?gameDate=20230708&gameId=20230708SSNC0
2023-07-08,2023,두산,키움,home,5,2,잠실,W,completed,20230708WOOB0,https://www.koreabaseball.com/Schedule/GameCenter/Main.aspx?gameDate=20230708&gameId=20230708WOOB0
2023-07-08,2023,키움,두산,away,2,5,잠실,L,completed,20230708WOOB0,https://www.koreabaseball.com/Schedule/GameCenter/Main.aspx?gameDate=20230708&gameId=20230708WOOB0
2023-07-09,2023,KIA,KT,away,5,1,수원,W,completed,20230709HTKT0,https://www.koreabaseball.com/Schedule/GameCenter/Main.aspx?gameDate=20230709&gameId=20230709HTKT0
2023-07-09,2023,KT,KIA,home,1,5,수원,L,completed,20230709HTKT0,https://www.koreabaseball.com/Schedule/GameCenter/Main.aspx?gameDate=20230709&gameId=20230709HTKT0
2023-07-09,2023,LG,롯데,away,4,7,사직,L,completed,20230709LGLT0,https://www.koreabaseball.com/Schedule/GameCenter/Main.aspx?gameDate=20230709&gameId=20230709LGLT0
2023-07-09,2023,롯데,LG,home,7,4,사직,W,completed,20230709LGLT0,https://www.koreabaseball.com/Schedule/GameCenter/Main.aspx?gameDate=20230709&gameId=20230709LGLT0
2023-07-09,2023,SSG,한화,away,0,7,한밭,L,completed,20230709SKHH0,https://www.koreabaseball.com/Schedule/GameCenter/Main.aspx?gameDate=20230709&gameId=20230709SKHH0
2023-07-09,2023,한화,SSG,home,7,0,한밭,W,completed,20230709SKHH0,https://www.koreabaseball.com/Schedule/GameCenter/Main.aspx?gameDate=20230709&gameId=20230709SKHH0
2023-07-09,2023,NC,삼성,home,0,7,창원,L,completed,20230709SSNC0,https://www.koreabaseball.com/Schedule/GameCenter/Main.aspx?gameDate=20230709&gameId=20230709SSNC0
2023-07-09,2023,삼성,NC,away,7,0,창원,W,completed,20230709SSNC0,https://www.koreabaseball.com/Schedule/GameCenter/Main.aspx?gameDate=20230709&gameId=20230709SSNC0
2023-07-09,2023,두산,키움,home,9,2,잠실,W,completed,20230709WOOB0,https://www.koreabaseball.com/Schedule/GameCenter/Main.aspx?gameDate=20230709&gameId=20230709WOOB0
2023-07-09,2023,키움,두산,away,2,9,잠실,L,completed,20230709WOOB0,https://www.koreabaseball.com/Schedule/GameCenter/Main.aspx?gameDate=20230709&gameId=20230709WOOB0
2023-07-11,2023,KT,키움,away,4,2,고척,W,completed,20230711KTWO0,https://www.koreabaseball.com/Schedule/GameCenter/Main.aspx?gameDate=20230711&gameId=20230711KTWO0
2023-07-11,2023,키움,KT,home,2,4,고척,L,completed,20230711KTWO0,https://www.koreabaseball.com/Schedule/GameCenter/Main.aspx?gameDate=20230711&gameId=20230711KTWO0
2023-07-12,2023,LG,한화,home,1,2,잠실,L,completed,20230712HHLG0,https://www.koreabaseball.com/Schedule/GameCenter/Main.aspx?gameDate=20230712&gameId=20230712HHLG0
2023-07-12,2023,한화,LG,away,2,1,잠실,W,completed,20230712HHLG0,https://www.koreabaseball.com/Schedule/GameCenter/Main.aspx?gameDate=20230712&gameId=20230712HHLG0
2023-07-12,2023,KT,키움,away,4,3,고척,W,completed,20230712KTWO0,https://www.koreabaseball.com/Schedule/GameCenter/Main.aspx?gameDate=20230712&gameId=20230712KTWO0
2023-07-12,2023,키움,KT,home,3,4,고척,L,completed,20230712KTWO0,https://www.koreabaseball.com/Schedule/GameCenter/Main.aspx?gameDate=20230712&gameId=20230712KTWO0
2023-07-12,2023,NC,롯데,home,11,2,창원,W,completed,20230712LTNC0,https://www.koreabaseball.com/Schedule/GameCenter/Main.aspx?gameDate=20230712&gameId=20230712LTNC0
2023-07-12,2023,롯데,NC,away,2,11,창원,L,completed,20230712LTNC0,https://www.koreabaseball.com/Schedule/GameCenter/Main.aspx?gameDate=20230712&gameId=20230712LTNC0
2023-07-12,2023,SSG,두산,home,1,4,문학,L,completed,20230712OBSK0,https://www.koreabaseball.com/Schedule/GameCenter/Main.aspx?gameDate=20230712&gameId=20230712OBSK0
2023-07-12,2023,두산,SSG,away,4,1,문학,W,completed,20230712OBSK0,https://www.koreabaseball.com/Schedule/GameCenter/Main.aspx?gameDate=20230712&gameId=20230712OBSK0
2023-07-12,2023,KIA,삼성,home,3,2,광주,W,completed,20230712SSHT0,https://www.koreabaseball.com/Schedule/GameCenter/Main.aspx?gameDate=20230712&gameId=20230712SSHT0
2023-07-12,2023,삼성,KIA,away,2,3,광주,L,completed,20230712SSHT0,https://www.koreabaseball.com/Schedule/GameCenter/Main.aspx?gameDate=20230712&gameId=20230712SSHT0
2023-07-13,2023,KT,키움,away,9,0,고척,W,completed,20230713KTWO0,https://www.koreabaseball.com/Schedule/GameCenter/Main.aspx?gameDate=20230713&gameId=20230713KTWO0
2023-07-13,2023,키움,KT,home,0,9,고척,L,completed,20230713KTWO0,https://www.koreabaseball.com/Schedule/GameCenter/Main.aspx?gameDate=20230713&gameId=20230713KTWO0
2023-07-13,2023,NC,롯데,home,13,3,창원,W,completed,20230713LTNC0,https://www.koreabaseball.com/Schedule/GameCenter/Main.aspx?gameDate=20230713&gameId=20230713LTNC0
2023-07-13,2023,롯데,NC,away,3,13,창원,L,completed,20230713LTNC0,https://www.koreabaseball.com/Schedule/GameCenter/Main.aspx?gameDate=20230713&gameId=20230713LTNC0
2023-07-13,2023,KIA,삼성,home,1,4,광주,L,completed,20230713SSHT0,https://www.koreabaseball.com/Schedule/GameCenter/Main.aspx?gameDate=20230713&gameId=20230713SSHT0
2023-07-13,2023,삼성,KIA,away,4,1,광주,W,completed,20230713SSHT0,https://www.koreabaseball.com/Schedule/GameCenter/Main.aspx?gameDate=20230713&gameId=20230713SSHT0
2023-07-21,2023,KT,삼성,away,7,2,대구,W,completed,20230721KTSS0,https://www.koreabaseball.com/Schedule/GameCenter/Main.aspx?gameDate=20230721&gameId=20230721KTSS0
2023-07-21,2023,삼성,KT,home,2,7,대구,L,completed,20230721KTSS0,https://www.koreabaseball.com/Schedule/GameCenter/Main.aspx?gameDate=20230721&gameId=20230721KTSS0
2023-07-21,2023,NC,한화,away,9,3,한밭,W,completed,20230721NCHH0,https://www.koreabaseball.com/Schedule/GameCenter/Main.aspx?gameDate=20230721&gameId=20230721NCHH0
2023-07-21,2023,한화,NC,home,3,9,한밭,L,completed,20230721NCHH0,https://www.koreabaseball.com/Schedule/GameCenter/Main.aspx?gameDate=20230721&gameId=20230721NCHH0
2023-07-21,2023,KIA,두산,home,2,5,광주,L,completed,20230721OBHT0,https://www.koreabaseball.com/Schedule/GameCenter/Main.aspx?gameDate=20230721&gameId=20230721OBHT0
2023-07-21,2023,두산,KIA,away,5,2,광주,W,completed,20230721OBHT0,https://www.koreabaseball.com/Schedule/GameCenter/Main.aspx?gameDate=20230721&gameId=20230721OBHT0
2023-07-21,2023,LG,SSG,home,4,6,잠실,L,completed,20230721SKLG0,https://www.koreabaseball.com/Schedule/GameCenter/Main.aspx?gameDate=20230721&gameId=20230721SKLG0
2023-07-21,2023,SSG,LG,away,6,4,잠실,W,completed,20230721SKLG0,https://www.koreabaseball.com/Schedule/GameCenter/Main.aspx?gameDate=20230721&gameId=20230721SKLG0
2023-07-21,2023,롯데,키움,home,2,0,사직,W,completed,20230721WOLT0,https://www.koreabaseball.com/Schedule/GameCenter/Main.aspx?gameDate=20230721&gameId=20230721WOLT0
2023-07-21,2023,키움,롯데,away,0,2,사직,L,completed,20230721WOLT0,https://www.koreabaseball.com/Schedule/GameCenter/Main.aspx?gameDate=20230721&gameId=20230721WOLT0
2023-07-22,2023,KT,삼성,away,2,5,대구,L,completed,20230722KTSS0,https://www.koreabaseball.com/Schedule/GameCenter/Main.aspx?gameDate=20230722&gameId=20230722KTSS0
2023-07-22,2023,삼성,KT,home,5,2,대구,W,completed,20230722KTSS0,https://www.koreabaseball.com/Schedule/GameCenter/Main.aspx?gameDate=20230722&gameId=20230722KTSS0
2023-07-22,2023,NC,한화,away,7,5,한밭,W,completed,20230722NCHH0,https://www.koreabaseball.com/Schedule/GameCenter/Main.aspx?gameDate=20230722&gameId=20230722NCHH0
2023-07-22,2023,한화,NC,home,5,7,한밭,L,completed,20230722NCHH0,https://www.koreabaseball.com/Schedule/GameCenter/Main.aspx?gameDate=20230722&gameId=20230722NCHH0
2023-07-22,2023,롯데,키움,home,3,5,사직,L,completed,20230722WOLT0,https://www.koreabaseball.com/Schedule/GameCenter/Main.aspx?gameDate=20230722&gameId=20230722WOLT0
2023-07-22,2023,키움,롯데,away,5,3,사직,W,completed,20230722WOLT0,https://www.koreabaseball.com/Schedule/GameCenter/Main.aspx?gameDate=20230722&gameId=20230722WOLT0
2023-07-23,2023,KT,삼성,away,8,7,대구,W,completed,20230723KTSS0,https://www.koreabaseball.com/Schedule/GameCenter/Main.aspx?gameDate=20230723&gameId=20230723KTSS0
2023-07-23,2023,삼성,KT,home,7,8,대구,L,completed,20230723KTSS0,https://www.koreabaseball.com/Schedule/GameCenter/Main.aspx?gameDate=20230723&gameId=20230723KTSS0
2023-07-23,2023,롯데,키움,home,6,7,사직,L,completed,20230723WOLT0,https://www.koreabaseball.com/Schedule/GameCenter/Main.aspx?gameDate=20230723&gameId=20230723WOLT0
2023-07-23,2023,키움,롯데,away,7,6,사직,W,completed,20230723WOLT0,https://www.koreabaseball.com/Schedule/GameCenter/Main.aspx?gameDate=20230723&gameId=20230723WOLT0
2023-07-25,2023,키움,한화,home,6,16,고척,L,completed,20230725HHWO0,https://www.koreabaseball.com/Schedule/GameCenter/Main.aspx?gameDate=20230725&gameId=20230725HHWO0
2023-07-25,2023,한화,키움,away,16,6,고척,W,completed,20230725HHWO0,https://www.koreabaseball.com/Schedule/GameCenter/Main.aspx?gameDate=20230725&gameId=20230725HHWO0
2023-07-25,2023,KIA,NC,away,3,5,창원,L,completed,20230725HTNC0,https://www.koreabaseball.com/Schedule/GameCenter/Main.aspx?gameDate=20230725&gameId=20230725HTNC0
2023-07-25,2023,NC,KIA,home,5,3,창원,W,completed,20230725HTNC0,https://www.koreabaseball.com/Schedule/GameCenter/Main.aspx?gameDate=20230725&gameId=20230725HTNC0
2023-07-25,2023,KT,LG,home,4,1,수원,W,completed,20230725LGKT0,https://www.koreabaseball.com/Schedule/GameCenter/Main.aspx?gameDate=20230725&gameId=20230725LGKT0
2023-07-25,2023,LG,KT,away,1,4,수원,L,completed,20230725LGKT0,https://www.koreabaseball.com/Schedule/GameCenter/Main.aspx?gameDate=20230725&gameId=20230725LGKT0
2023-07-25,2023,두산,롯데,home,8,5,잠실,W,completed,20230725LTOB0,https://www.koreabaseball.com/Schedule/GameCenter/Main.aspx?gameDate=20230725&gameId=20230725LTOB0
2023-07-25,2023,롯데,두산,away,5,8,잠실,L,completed,20230725LTOB0,https://www.koreabaseball.com/Schedule/GameCenter/Main.aspx?gameDate=20230725&gameId=20230725LTOB0
2023-07-25,2023,SSG,삼성,away,1,5,대구,L,completed,20230725SKSS0,https://www.koreabaseball.com/Schedule/GameCenter/Main.aspx?gameDate=20230725&gameId=20230725SKSS0
2023-07-25,2023,삼성,SSG,home,5,1,대구,W,completed,20230725SKSS0,https://www.koreabaseball.com/Schedule/GameCenter/Main.aspx?gameDate=20230725&gameId=20230725SKSS0
2023-07-26,2023,키움,한화,home,4,5,고척,L,completed,20230726HHWO0,https://www.koreabaseball.com/Schedule/GameCenter/Main.aspx?gameDate=20230726&gameId=20230726HHWO0
2023-07-26,2023,한화,키움,away,5,4,고척,W,completed,20230726HHWO0,https://www.koreabaseball.com/Schedule/GameCenter/Main.aspx?gameDate=20230726&gameId=20230726HHWO0
2023-07-26,2023,KIA,NC,away,13,3,창원,W,completed,20230726HTNC0,https://www.koreabaseball.com/Schedule/GameCenter/Main.aspx?gameDate=20230726&gameId=20230726HTNC0
2023-07-26,2023,NC,KIA,home,3,13,창원,L,completed,20230726HTNC0,https://www.koreabaseball.com/Schedule/GameCenter/Main.aspx?gameDate=20230726&gameId=20230726HTNC0
2023-07-26,2023,KT,LG,home,4,3,수원,W,completed,20230726LGKT0,https://www.koreabaseball.com/Schedule/GameCenter/Main.aspx?gameDate=20230726&gameId=20230726LGKT0
2023-07-26,2023,LG,KT,away,3,4,수원,L,completed,20230726LGKT0,https://www.koreabaseball.com/Schedule/GameCenter/Main.aspx?gameDate=20230726&gameId=20230726LGKT0
2023-07-26,2023,두산,롯데,home,2,7,잠실,L,completed,20230726LTOB0,https://www.koreabaseball.com/Schedule/GameCenter/Main.aspx?gameDate=20230726&gameId=20230726LTOB0
2023-07-26,2023,롯데,두산,away,7,2,잠실,W,completed,20230726LTOB0,https://www.koreabaseball.com/Schedule/GameCenter/Main.aspx?gameDate=20230726&gameId=20230726LTOB0
2023-07-26,2023,SSG,삼성,away,8,7,대구,W,completed,20230726SKSS0,https://www.koreabaseball.com/Schedule/GameCenter/Main.aspx?gameDate=20230726&gameId=20230726SKSS0
2023-07-26,2023,삼성,SSG,home,7,8,대구,L,completed,20230726SKSS0,https://www.koreabaseball.com/Schedule/GameCenter/Main.aspx?gameDate=20230726&gameId=20230726SKSS0
2023-07-27,2023,키움,한화,home,2,0,고척,W,completed,20230727HHWO0,https://www.koreabaseball.com/Schedule/GameCenter/Main.aspx?gameDate=20230727&gameId=20230727HHWO0
2023-07-27,2023,한화,키움,away,0,2,고척,L,completed,20230727HHWO0,https://www.koreabaseball.com/Schedule/GameCenter/Main.aspx?gameDate=20230727&gameId=20230727HHWO0
2023-07-27,2023,KIA,NC,away,0,4,창원,L,completed,20230727HTNC0,https://www.koreabaseball.com/Schedule/GameCenter/Main.aspx?gameDate=20230727&gameId=20230727HTNC0
2023-07-27,2023,NC,KIA,home,4,0,창원,W,completed,20230727HTNC0,https://www.koreabaseball.com/Schedule/GameCenter/Main.aspx?gameDate=20230727&gameId=20230727HTNC0
2023-07-27,2023,KT,LG,home,6,9,수원,L,completed,20230727LGKT0,https://www.koreabaseball.com/Schedule/GameCenter/Main.aspx?gameDate=20230727&gameId=20230727LGKT0
2023-07-27,2023,LG,KT,away,9,6,수원,W,completed,20230727LGKT0,https://www.koreabaseball.com/Schedule/GameCenter/Main.aspx?gameDate=20230727&gameId=20230727LGKT0
2023-07-27,2023,두산,롯데,home,1,9,잠실,L,completed,20230727LTOB0,https://www.koreabaseball.com/Schedule/GameCenter/Main.aspx?gameDate=20230727&gameId=20230727LTOB0
2023-07-27,2023,롯데,두산,away,9,1,잠실,W,completed,20230727LTOB0,https://www.koreabaseball.com/Schedule/GameCenter/Main.aspx?gameDate=20230727&gameId=20230727LTOB0
2023-07-27,2023,SSG,삼성,away,5,6,대구,L,completed,20230727SKSS0,https://www.koreabaseball.com/Schedule/GameCenter/Main.aspx?gameDate=20230727&gameId=20230727SKSS0
2023-07-27,2023,삼성,SSG,home,6,5,대구,W,completed,20230727SKSS0,https://www.koreabaseball.com/Schedule/GameCenter/Main.aspx?gameDate=20230727&gameId=20230727SKSS0
2023-07-28,2023,SSG,한화,home,3,4,문학,L,completed,20230728HHSK0,https://www.koreabaseball.com/Schedule/GameCenter/Main.aspx?gameDate=20230728&gameId=20230728HHSK0
2023-07-28,2023,한화,SSG,away,4,3,문학,W,completed,20230728HHSK0,https://www.koreabaseball.com/Schedule/GameCenter/Main.aspx?gameDate=20230728&gameId=20230728HHSK0
2023-07-28,2023,KT,NC,away,10,2,창원,W,completed,20230728KTNC0,https://www.koreabaseball.com/Schedule/GameCenter/Main.aspx?gameDate=20230728&gameId=20230728KTNC0
2023-07-28,2023,NC,KT,home,2,10,창원,L,completed,20230728KTNC0,https://www.koreabaseball.com/Schedule/GameCenter/Main.aspx?gameDate=20230728&gameId=20230728KTNC0
2023-07-28,2023,LG,두산,away,9,2,잠실,W,completed,20230728LGOB0,https://www.koreabaseball.com/Schedule/GameCenter/Main.aspx?gameDate=20230728&gameId=20230728LGOB0
2023-07-28,2023,두산,LG,home,2,9,잠실,L,completed,20230728LGOB0,https://www.koreabaseball.com/Schedule/GameCenter/Main.aspx?gameDate=20230728&gameId=20230728LGOB0
2023-07-28,2023,KIA,롯데,home,6,5,광주,W,completed,20230728LTHT0,https://www.koreabaseball.com/Schedule/GameCenter/Main.aspx?gameDate=20230728&gameId=20230728LTHT0
2023-07-28,2023,롯데,KIA,away,5,6,광주,L,completed,20230728LTHT0,https://www.koreabaseball.com/Schedule/GameCenter/Main.aspx?gameDate=20230728&gameId=20230728LTHT0
2023-07-28,2023,삼성,키움,away,5,5,고척,D,completed,20230728SSWO0,https://www.koreabaseball.com/Schedule/GameCenter/Main.aspx?gameDate=20230728&gameId=20230728SSWO0
2023-07-28,2023,키움,삼성,home,5,5,고척,D,completed,20230728SSWO0,https://www.koreabaseball.com/Schedule/GameCenter/Main.aspx?gameDate=20230728&gameId=20230728SSWO0
2023-07-29,2023,SSG,한화,home,6,3,문학,W,completed,20230729HHSK0,https://www.koreabaseball.com/Schedule/GameCenter/Main.aspx?gameDate=20230729&gameId=20230729HHSK0
2023-07-29,2023,한화,SSG,away,3,6,문학,L,completed,20230729HHSK0,https://www.koreabaseball.com/Schedule/GameCenter/Main.aspx?gameDate=20230729&gameId=20230729HHSK0
2023-07-29,2023,KT,NC,away,8,2,창원,W,completed,20230729KTNC0,https://www.koreabaseball.com/Schedule/GameCenter/Main.aspx?gameDate=20230729&gameId=20230729KTNC0
2023-07-29,2023,NC,KT,home,2,8,창원,L,completed,20230729KTNC0,https://www.koreabaseball.com/Schedule/GameCenter/Main.aspx?gameDate=20230729&gameId=20230729KTNC0
2023-07-29,2023,LG,두산,away,7,6,잠실,W,completed,20230729LGOB0,https://www.koreabaseball.com/Schedule/GameCenter/Main.aspx?gameDate=20230729&gameId=20230729LGOB0
2023-07-29,2023,두산,LG,home,6,7,잠실,L,completed,20230729LGOB0,https://www.koreabaseball.com/Schedule/GameCenter/Main.aspx?gameDate=20230729&gameId=20230729LGOB0
2023-07-29,2023,KIA,롯데,home,4,1,광주,W,completed,20230729LTHT0,https://www.koreabaseball.com/Schedule/GameCenter/Main.aspx?gameDate=20230729&gameId=20230729LTHT0
2023-07-29,2023,롯데,KIA,away,1,4,광주,L,completed,20230729LTHT0,https://www.koreabaseball.com/Schedule/GameCenter/Main.aspx?gameDate=20230729&gameId=20230729LTHT0
2023-07-29,2023,삼성,키움,away,7,2,고척,W,completed,20230729SSWO0,https://www.koreabaseball.com/Schedule/GameCenter/Main.aspx?gameDate=20230729&gameId=20230729SSWO0
2023-07-29,2023,키움,삼성,home,2,7,고척,L,completed,20230729SSWO0,https://www.koreabaseball.com/Schedule/GameCenter/Main.aspx?gameDate=20230729&gameId=20230729SSWO0
2023-07-30,2023,SSG,한화,home,6,1,문학,W,completed,20230730HHSK0,https://www.koreabaseball.com/Schedule/GameCenter/Main.aspx?gameDate=20230730&gameId=20230730HHSK0
2023-07-30,2023,한화,SSG,away,1,6,문학,L,completed,20230730HHSK0,https://www.koreabaseball.com/Schedule/GameCenter/Main.aspx?gameDate=20230730&gameId=20230730HHSK0
2023-07-30,2023,KT,NC,away,5,2,창원,W,completed,20230730KTNC0,https://www.koreabaseball.com/Schedule/GameCenter/Main.aspx?gameDate=20230730&gameId=20230730KTNC0
2023-07-30,2023,NC,KT,home,2,5,창원,L,completed,20230730KTNC0,https://www.koreabaseball.com/Schedule/GameCenter/Main.aspx?gameDate=20230730&gameId=20230730KTNC0
2023-07-30,2023,LG,두산,away,10,0,잠실,W,completed,20230730LGOB0,https://www.koreabaseball.com/Schedule/GameCenter/Main.aspx?gameDate=20230730&gameId=20230730LGOB0
2023-07-30,2023,두산,LG,home,0,10,잠실,L,completed,20230730LGOB0,https://www.koreabaseball.com/Schedule/GameCenter/Main.aspx?gameDate=20230730&gameId=20230730LGOB0
2023-07-30,2023,KIA,롯데,home,6,3,광주,W,completed,20230730LTHT0,https://www.koreabaseball.com/Schedule/GameCenter/Main.aspx?gameDate=20230730&gameId=20230730LTHT0
2023-07-30,2023,롯데,KIA,away,3,6,광주,L,completed,20230730LTHT0,https://www.koreabaseball.com/Schedule/GameCenter/Main.aspx?gameDate=20230730&gameId=20230730LTHT0
2023-07-30,2023,삼성,키움,away,10,6,고척,W,completed,20230730SSWO0,https://www.koreabaseball.com/Schedule/GameCenter/Main.aspx?gameDate=20230730&gameId=20230730SSWO0
2023-07-30,2023,키움,삼성,home,6,10,고척,L,completed,20230730SSWO0,https://www.koreabaseball.com/Schedule/GameCenter/Main.aspx?gameDate=20230730&gameId=20230730SSWO0
2023-08-01,2023,KIA,삼성,away,11,8,포항,W,completed,20230801HTSS0,https://www.koreabaseball.com/Schedule/GameCenter/Main.aspx?gameDate=20230801&gameId=20230801HTSS0
2023-08-01,2023,삼성,KIA,home,8,11,포항,L,completed,20230801HTSS0,https://www.koreabaseball.com/Schedule/GameCenter/Main.aspx?gameDate=20230801&gameId=20230801HTSS0
2023-08-01,2023,NC,롯데,away,6,3,사직,W,completed,20230801NCLT0,https://www.koreabaseball.com/Schedule/GameCenter/Main.aspx?gameDate=20230801&gameId=20230801NCLT0
2023-08-01,2023,롯데,NC,home,3,6,사직,L,completed,20230801NCLT0,https://www.koreabaseball.com/Schedule/GameCenter/Main.aspx?gameDate=20230801&gameId=20230801NCLT0
2023-08-01,2023,두산,한화,away,8,3,한밭,W,completed,20230801OBHH0,https://www.koreabaseball.com/Schedule/GameCenter/Main.aspx?gameDate=20230801&gameId=20230801OBHH0
2023-08-01,2023,한화,두산,home,3,8,한밭,L,completed,20230801OBHH0,https://www.koreabaseball.com/Schedule/GameCenter/Main.aspx?gameDate=20230801&gameId=20230801OBHH0
2023-08-01,2023,KT,SSG,home,8,0,수원,W,completed,20230801SKKT0,https://www.koreabaseball.com/Schedule/GameCenter/Main.aspx?gameDate=20230801&gameId=20230801SKKT0
2023-08-01,2023,SSG,KT,away,0,8,수원,L,completed,20230801SKKT0,https://www.koreabaseball.com/Schedule/GameCenter/Main.aspx?gameDate=20230801&gameId=20230801SKKT0
2023-08-01,2023,LG,키움,home,4,2,잠실,W,completed,20230801WOLG0,https://www.koreabaseball.com/Schedule/GameCenter/Main.aspx?gameDate=20230801&gameId=20230801WOLG0
2023-08-01,2023,키움,LG,away,2,4,잠실,L,completed,20230801WOLG0,https://www.koreabaseball.com/Schedule/GameCenter/Main.aspx?gameDate=20230801&gameId=20230801WOLG0
2023-08-02,2023,KIA,삼성,away,6,7,포항,L,completed,20230802HTSS0,https://www.koreabaseball.com/Schedule/GameCenter/Main.aspx?gameDate=20230802&gameId=20230802HTSS0
2023-08-02,2023,삼성,KIA,home,7,6,포항,W,completed,20230802HTSS0,https://www.koreabaseball.com/Schedule/GameCenter/Main.aspx?gameDate=20230802&gameId=20230802HTSS0
2023-08-02,2023,NC,롯데,away,3,6,사직,L,completed,20230802NCLT0,https://www.koreabaseball.com/Schedule/GameCenter/Main.aspx?gameDate=20230802&gameId=20230802NCLT0
2023-08-02,2023,롯데,NC,home,6,3,사직,W,completed,20230802NCLT0,https://www.koreabaseball.com/Schedule/GameCenter/Main.aspx?gameDate=20230802&gameId=20230802NCLT0
2023-08-02,2023,두산,한화,away,4,1,한밭,W,completed,20230802OBHH0,https://www.koreabaseball.com/Schedule/GameCenter/Main.aspx?gameDate=20230802&gameId=20230802OBHH0
2023-08-02,2023,한화,두산,home,1,4,한밭,L,completed,20230802OBHH0,https://www.koreabaseball.com/Schedule/GameCenter/Main.aspx?gameDate=20230802&gameId=20230802OBHH0
2023-08-02,2023,KT,SSG,home,1,0,수원,W,completed,20230802SKKT0,https://www.koreabaseball.com/Schedule/GameCenter/Main.aspx?gameDate=20230802&gameId=20230802SKKT0
2023-08-02,2023,SSG,KT,away,0,1,수원,L,completed,20230802SKKT0,https://www.koreabaseball.com/Schedule/GameCenter/Main.aspx?gameDate=20230802&gameId=20230802SKKT0
2023-08-02,2023,LG,키움,home,6,3,잠실,W,completed,20230802WOLG0,https://www.koreabaseball.com/Schedule/GameCenter/Main.aspx?gameDate=20230802&gameId=20230802WOLG0
2023-08-02,2023,키움,LG,away,3,6,잠실,L,completed,20230802WOLG0,https://www.koreabaseball.com/Schedule/GameCenter/Main.aspx?gameDate=20230802&gameId=20230802WOLG0
2023-08-03,2023,KIA,삼성,away,12,8,포항,W,completed,20230803HTSS0,https://www.koreabaseball.com/Schedule/GameCenter/Main.aspx?gameDate=20230803&gameId=20230803HTSS0
2023-08-03,2023,삼성,KIA,home,8,12,포항,L,completed,20230803HTSS0,https://www.koreabaseball.com/Schedule/GameCenter/Main.aspx?gameDate=20230803&gameId=20230803HTSS0
2023-08-03,2023,NC,롯데,away,8,1,사직,W,completed,20230803NCLT0,https://www.koreabaseball.com/Schedule/GameCenter/Main.aspx?gameDate=20230803&gameId=20230803NCLT0
2023-08-03,2023,롯데,NC,home,1,8,사직,L,completed,20230803NCLT0,https://www.koreabaseball.com/Schedule/GameCenter/Main.aspx?gameDate=20230803&gameId=20230803NCLT0
2023-08-03,2023,두산,한화,away,2,5,한밭,L,completed,20230803OBHH0,https://www.koreabaseball.com/Schedule/GameCenter/Main.aspx?gameDate=20230803&gameId=20230803OBHH0
2023-08-03,2023,한화,두산,home,5,2,한밭,W,completed,20230803OBHH0,https://www.koreabaseball.com/Schedule/GameCenter/Main.aspx?gameDate=20230803&gameId=20230803OBHH0
2023-08-03,2023,KT,SSG,home,3,1,수원,W,completed,20230803SKKT0,https://www.koreabaseball.com/Schedule/GameCenter/Main.aspx?gameDate=20230803&gameId=20230803SKKT0
2023-08-03,2023,SSG,KT,away,1,3,수원,L,completed,20230803SKKT0,https://www.koreabaseball.com/Schedule/GameCenter/Main.aspx?gameDate=20230803&gameId=20230803SKKT0
2023-08-03,2023,LG,키움,home,5,4,잠실,W,completed,20230803WOLG0,https://www.koreabaseball.com/Schedule/GameCenter/Main.aspx?gameDate=20230803&gameId=20230803WOLG0
2023-08-03,2023,키움,LG,away,4,5,잠실,L,completed,20230803WOLG0,https://www.koreabaseball.com/Schedule/GameCenter/Main.aspx?gameDate=20230803&gameId=20230803WOLG0
2023-08-04,2023,KIA,한화,home,9,3,광주,W,completed,20230804HHHT0,https://www.koreabaseball.com/Schedule/GameCenter/Main.aspx?gameDate=20230804&gameId=20230804HHHT0
2023-08-04,2023,한화,KIA,away,3,9,광주,L,completed,20230804HHHT0,https://www.koreabaseball.com/Schedule/GameCenter/Main.aspx?gameDate=20230804&gameId=20230804HHHT0
2023-08-04,2023,KT,두산,away,4,3,잠실,W,completed,20230804KTOB0,https://www.koreabaseball.com/Schedule/GameCenter/Main.aspx?gameDate=20230804&gameId=20230804KTOB0
2023-08-04,2023,두산,KT,home,3,4,잠실,L,completed,20230804KTOB0,https://www.koreabaseball.com/Schedule/GameCenter/Main.aspx?gameDate=20230804&gameId=20230804KTOB0
2023-08-04,2023,LG,삼성,away,4,5,대구,L,completed,20230804LGSS0,https://www.koreabaseball.com/Schedule/GameCenter/Main.aspx?gameDate=20230804&gameId=20230804LGSS0
2023-08-04,2023,삼성,LG,home,5,4,대구,W,completed,20230804LGSS0,https://www.koreabaseball.com/Schedule/GameCenter/Main.aspx?gameDate=20230804&gameId=20230804LGSS0
2023-08-04,2023,SSG,롯데,away,4,1,사직,W,completed,20230804SKLT0,https://www.koreabaseball.com/Schedule/GameCenter/Main.aspx?gameDate=20230804&gameId=20230804SKLT0
2023-08-04,2023,롯데,SSG,home,1,4,사직,L,completed,20230804SKLT0,https://www.koreabaseball.com/Schedule/GameCenter/Main.aspx?gameDate=20230804&gameId=20230804SKLT0
2023-08-04,2023,NC,키움,home,4,2,창원,W,completed,20230804WONC0,https://www.koreabaseball.com/Schedule/GameCenter/Main.aspx?gameDate=20230804&gameId=20230804WONC0
2023-08-04,2023,키움,NC,away,2,4,창원,L,completed,20230804WONC0,https://www.koreabaseball.com/Schedule/GameCenter/Main.aspx?gameDate=20230804&gameId=20230804WONC0
2023-08-05,2023,KIA,한화,home,9,3,광주,W,completed,20230805HHHT0,https://www.koreabaseball.com/Schedule/GameCenter/Main.aspx?gameDate=20230805&gameId=20230805HHHT0
2023-08-05,2023,한화,KIA,away,3,9,광주,L,completed,20230805HHHT0,https://www.koreabaseball.com/Schedule/GameCenter/Main.aspx?gameDate=20230805&gameId=20230805HHHT0
2023-08-05,2023,KT,두산,away,4,7,잠실,L,completed,20230805KTOB0,https://www.koreabaseball.com/Schedule/GameCenter/Main.aspx?gameDate=20230805&gameId=20230805KTOB0
2023-08-05,2023,두산,KT,home,7,4,잠실,W,completed,20230805KTOB0,https://www.koreabaseball.com/Schedule/GameCenter/Main.aspx?gameDate=20230805&gameId=20230805KTOB0
2023-08-05,2023,LG,삼성,away,3,6,대구,L,completed,20230805LGSS0,https://www.koreabaseball.com/Schedule/GameCenter/Main.aspx?gameDate=20230805&gameId=20230805LGSS0
2023-08-05,2023,삼성,LG,home,6,3,대구,W,completed,20230805LGSS0,https://www.koreabaseball.com/Schedule/GameCenter/Main.aspx?gameDate=20230805&gameId=20230805LGSS0
2023-08-05,2023,SSG,롯데,away,9,6,사직,W,completed,20230805SKLT0,https://www.koreabaseball.com/Schedule/GameCenter/Main.aspx?gameDate=20230805&gameId=20230805SKLT0
2023-08-05,2023,롯데,SSG,home,6,9,사직,L,completed,20230805SKLT0,https://www.koreabaseball.com/Schedule/GameCenter/Main.aspx?gameDate=20230805&gameId=20230805SKLT0
2023-08-05,2023,NC,키움,home,4,3,창원,W,completed,20230805WONC0,https://www.koreabaseball.com/Schedule/GameCenter/Main.aspx?gameDate=20230805&gameId=20230805WONC0
2023-08-05,2023,키움,NC,away,3,4,창원,L,completed,20230805WONC0,https://www.koreabaseball.com/Schedule/GameCenter/Main.aspx?gameDate=20230805&gameId=20230805WONC0
2023-08-06,2023,KIA,한화,home,4,4,광주,D,completed,20230806HHHT0,https://www.koreabaseball.com/Schedule/GameCenter/Main.aspx?gameDate=20230806&gameId=20230806HHHT0
2023-08-06,2023,한화,KIA,away,4,4,광주,D,completed,20230806HHHT0,https://www.koreabaseball.com/Schedule/GameCenter/Main.aspx?gameDate=20230806&gameId=20230806HHHT0
2023-08-06,2023,KT,두산,away,3,1,잠실,W,completed,20230806KTOB0,https://www.koreabaseball.com/Schedule/GameCenter/Main.aspx?gameDate=20230806&gameId=20230806KTOB0
2023-08-06,2023,두산,KT,home,1,3,잠실,L,completed,20230806KTOB0,https://www.koreabaseball.com/Schedule/GameCenter/Main.aspx?gameDate=20230806&gameId=20230806KTOB0
2023-08-06,2023,LG,삼성,away,7,4,대구,W,completed,20230806LGSS0,https://www.koreabaseball.com/Schedule/GameCenter/Main.aspx?gameDate=20230806&gameId=20230806LGSS0
2023-08-06,2023,삼성,LG,home,4,7,대구,L,completed,20230806LGSS0,https://www.koreabaseball.com/Schedule/GameCenter/Main.aspx?gameDate=20230806&gameId=20230806LGSS0
2023-08-06,2023,SSG,롯데,away,0,1,사직,L,completed,20230806SKLT0,https://www.koreabaseball.com/Schedule/GameCenter/Main.aspx?gameDate=20230806&gameId=20230806SKLT0
2023-08-06,2023,롯데,SSG,home,1,0,사직,W,completed,20230806SKLT0,https://www.koreabaseball.com/Schedule/GameCenter/Main.aspx?gameDate=20230806&gameId=20230806SKLT0
2023-08-06,2023,NC,키움,home,12,7,창원,W,completed,20230806WONC0,https://www.koreabaseball.com/Schedule/GameCenter/Main.aspx?gameDate=20230806&gameId=20230806WONC0
2023-08-06,2023,키움,NC,away,7,12,창원,L,completed,20230806WONC0,https://www.koreabaseball.com/Schedule/GameCenter/Main.aspx?gameDate=20230806&gameId=20230806WONC0
2023-08-08,2023,KT,한화,home,7,2,수원,W,completed,20230808HHKT0,https://www.koreabaseball.com/Schedule/GameCenter/Main.aspx?gameDate=20230808&gameId=20230808HHKT0
2023-08-08,2023,한화,KT,away,2,7,수원,L,completed,20230808HHKT0,https://www.koreabaseball.com/Schedule/GameCenter/Main.aspx?gameDate=20230808&gameId=20230808HHKT0
2023-08-08,2023,롯데,키움,away,3,1,고척,W,completed,20230808LTWO0,https://www.koreabaseball.com/Schedule/GameCenter/Main.aspx?gameDate=20230808&gameId=20230808LTWO0
2023-08-08,2023,키움,롯데,home,1,3,고척,L,completed,20230808LTWO0,https://www.koreabaseball.com/Schedule/GameCenter/Main.aspx?gameDate=20230808&gameId=20230808LTWO0
2023-08-08,2023,NC,SSG,away,2,0,문학,W,completed,20230808NCSK0,https://www.koreabaseball.com/Schedule/GameCenter/Main.aspx?gameDate=20230808&gameId=20230808NCSK0
2023-08-08,2023,SSG,NC,home,0,2,문학,L,completed,20230808NCSK0,https://www.koreabaseball.com/Schedule/GameCenter/Main.aspx?gameDate=20230808&gameId=20230808NCSK0
2023-08-08,2023,두산,삼성,home,5,3,잠실,W,completed,20230808SSOB0,https://www.koreabaseball.com/Schedule/GameCenter/Main.aspx?gameDate=20230808&gameId=20230808SSOB0
2023-08-08,2023,삼성,두산,away,3,5,잠실,L,completed,20230808SSOB0,https://www.koreabaseball.com/Schedule/GameCenter/Main.aspx?gameDate=20230808&gameId=20230808SSOB0
2023-08-09,2023,KT,한화,home,12,6,수원,W,completed,20230809HHKT0,https://www.koreabaseball.com/Schedule/GameCenter/Main.aspx?gameDate=20230809&gameId=20230809HHKT0
2023-08-09,2023,한화,KT,away,6,12,수원,L,completed,20230809HHKT0,https://www.koreabaseball.com/Schedule/GameCenter/Main.aspx?gameDate=20230809&gameId=20230809HHKT0
2023-08-09,2023,KIA,LG,home,2,6,광주,L,completed,20230809LGHT0,https://www.koreabaseball.com/Schedule/GameCenter/Main.aspx?gameDate=20230809&gameId=20230809LGHT0
2023-08-09,2023,LG,KIA,away,6,2,광주,W,completed,20230809LGHT0,https://www.koreabaseball.com/Schedule/GameCenter/Main.aspx?gameDate=20230809&gameId=20230809LGHT0
2023-08-09,2023,롯데,키움,away,8,10,고척,L,completed,20230809LTWO0,https://www.koreabaseball.com/Schedule/GameCenter/Main.aspx?gameDate=20230809&gameId=20230809LTWO0
2023-08-09,2023,키움,롯데,home,10,8,고척,W,completed,20230809LTWO0,https://www.koreabaseball.com/Schedule/GameCenter/Main.aspx?gameDate=20230809&gameId=20230809LTWO0
2023-08-09,2023,NC,SSG,away,1,2,문학,L,completed,20230809NCSK0,https://www.koreabaseball.com/Schedule/GameCenter/Main.aspx?gameDate=20230809&gameId=20230809NCSK0
2023-08-09,2023,SSG,NC,home,2,1,문학,W,completed,20230809NCSK0,https://www.koreabaseball.com/Schedule/GameCenter/Main.aspx?gameDate=20230809&gameId=20230809NCSK0
2023-08-09,2023,두산,삼성,home,4,6,잠실,L,completed,20230809SSOB0,https://www.koreabaseball.com/Schedule/GameCenter/Main.aspx?gameDate=20230809&gameId=20230809SSOB0
2023-08-09,2023,삼성,두산,away,6,4,잠실,W,completed,20230809SSOB0,https://www.koreabaseball.com/Schedule/GameCenter/Main.aspx?gameDate=20230809&gameId=20230809SSOB0
2023-08-10,2023,롯데,키움,away,12,8,고척,W,completed,20230810LTWO0,https://www.koreabaseball.com/Schedule/GameCenter/Main.aspx?gameDate=20230810&gameId=20230810LTWO0
2023-08-10,2023,키움,롯데,home,8,12,고척,L,completed,20230810LTWO0,https://www.koreabaseball.com/Schedule/GameCenter/Main.aspx?gameDate=20230810&gameId=20230810LTWO0
2023-08-11,2023,KIA,롯데,away,1,7,사직,L,completed,20230811HTLT0,https://www.koreabaseball.com/Schedule/GameCenter/Main.aspx?gameDate=20230811&gameId=20230811HTLT0
2023-08-11,2023,롯데,KIA,home,7,1,사직,W,completed,20230811HTLT0,https://www.koreabaseball.com/Schedule/GameCenter/Main.aspx?gameDate=20230811&gameId=20230811HTLT0
2023-08-11,2023,KT,NC,home,3,7,수원,L,completed,20230811NCKT0,https://www.koreabaseball.com/Schedule/GameCenter/Main.aspx?gameDate=20230811&gameId=20230811NCKT0
2023-08-11,2023,NC,KT,away,7,3,수원,W,completed,20230811NCKT0,https://www.koreabaseball.com/Schedule/GameCenter/Main.aspx?gameDate=20230811&gameId=20230811NCKT0
2023-08-11,2023,두산,한화,away,11,4,한밭,W,completed,20230811OBHH0,https://www.koreabaseball.com/Schedule/GameCenter/Main.aspx?gameDate=20230811&gameId=20230811OBHH0
2023-08-11,2023,한화,두산,home,4,11,한밭,L,completed,20230811OBHH0,https://www.koreabaseball.com/Schedule/GameCenter/Main.aspx?gameDate=20230811&gameId=20230811OBHH0
2023-08-11,2023,SSG,삼성,home,4,5,문학,L,completed,20230811SSSK0,https://www.koreabaseball.com/Schedule/GameCenter/Main.aspx?gameDate=20230811&gameId=20230811SSSK0
2023-08-11,2023,삼성,SSG,away,5,4,문학,W,completed,20230811SSSK0,https://www.koreabaseball.com/Schedule/GameCenter/Main.aspx?gameDate=20230811&gameId=20230811SSSK0
2023-08-11,2023,LG,키움,home,5,3,잠실,W,completed,20230811WOLG0,https://www.koreabaseball.com/Schedule/GameCenter/Main.aspx?gameDate=20230811&gameId=20230811WOLG0
2023-08-11,2023,키움,LG,away,3,5,잠실,L,completed,20230811WOLG0,https://www.koreabaseball.com/Schedule/GameCenter/Main.aspx?gameDate=20230811&gameId=20230811WOLG0
2023-08-12,2023,KIA,롯데,away,13,5,사직,W,completed,20230812HTLT0,https://www.koreabaseball.com/Schedule/GameCenter/Main.aspx?gameDate=20230812&gameId=20230812HTLT0
2023-08-12,2023,롯데,KIA,home,5,13,사직,L,completed,20230812HTLT0,https://www.koreabaseball.com/Schedule/GameCenter/Main.aspx?gameDate=20230812&gameId=20230812HTLT0
2023-08-12,2023,KT,NC,home,4,3,수원,W,completed,20230812NCKT0,https://www.koreabaseball.com/Schedule/GameCenter/Main.aspx?gameDate=20230812&gameId=20230812NCKT0
2023-08-12,2023,NC,KT,away,3,4,수원,L,completed,20230812NCKT0,https://www.koreabaseball.com/Schedule/GameCenter/Main.aspx?gameDate=20230812&gameId=20230812NCKT0
2023-08-12,2023,두산,한화,away,1,6,한밭,L,completed,20230812OBHH0,https://www.koreabaseball.com/Schedule/GameCenter/Main.aspx?gameDate=20230812&gameId=20230812OBHH0
2023-08-12,2023,한화,두산,home,6,1,한밭,W,completed,20230812OBHH0,https://www.koreabaseball.com/Schedule/GameCenter/Main.aspx?gameDate=20230812&gameId=20230812OBHH0
2023-08-12,2023,SSG,삼성,home,3,2,문학,W,completed,20230812SSSK0,https://www.koreabaseball.com/Schedule/GameCenter/Main.aspx?gameDate=20230812&gameId=20230812SSSK0
2023-08-12,2023,삼성,SSG,away,2,3,문학,L,completed,20230812SSSK0,https://www.koreabaseball.com/Schedule/GameCenter/Main.aspx?gameDate=20230812&gameId=20230812SSSK0
2023-08-12,2023,LG,키움,home,8,4,잠실,W,completed,20230812WOLG0,https://www.koreabaseball.com/Schedule/GameCenter/Main.aspx?gameDate=20230812&gameId=20230812WOLG0
2023-08-12,2023,키움,LG,away,4,8,잠실,L,completed,20230812WOLG0,https://www.koreabaseball.com/Schedule/GameCenter/Main.aspx?gameDate=20230812&gameId=20230812WOLG0
2023-08-13,2023,KIA,롯데,away,1,6,사직,L,completed,20230813HTLT0,https://www.koreabaseball.com/Schedule/GameCenter/Main.aspx?gameDate=20230813&gameId=20230813HTLT0
2023-08-13,2023,롯데,KIA,home,6,1,사직,W,completed,20230813HTLT0,https://www.koreabaseball.com/Schedule/GameCenter/Main.aspx?gameDate=20230813&gameId=20230813HTLT0
2023-08-13,2023,KT,NC,home,4,0,수원,W,completed,20230813NCKT0,https://www.koreabaseball.com/Schedule/GameCenter/Main.aspx?gameDate=20230813&gameId=20230813NCKT0
2023-08-13,2023,NC,KT,away,0,4,수원,L,completed,20230813NCKT0,https://www.koreabaseball.com/Schedule/GameCenter/Main.aspx?gameDate=20230813&gameId=20230813NCKT0
2023-08-13,2023,두산,한화,away,3,8,한밭,L,completed,20230813OBHH0,https://www.koreabaseball.com/Schedule/GameCenter/Main.aspx?gameDate=20230813&gameId=20230813OBHH0
2023-08-13,2023,한화,두산,home,8,3,한밭,W,completed,20230813OBHH0,https://www.koreabaseball.com/Schedule/GameCenter/Main.aspx?gameDate=20230813&gameId=20230813OBHH0
2023-08-13,2023,SSG,삼성,home,4,0,문학,W,completed,20230813SSSK0,https://www.koreabaseball.com/Schedule/GameCenter/Main.aspx?gameDate=20230813&gameId=20230813SSSK0
2023-08-13,2023,삼성,SSG,away,0,4,문학,L,completed,20230813SSSK0,https://www.koreabaseball.com/Schedule/GameCenter/Main.aspx?gameDate=20230813&gameId=20230813SSSK0
2023-08-13,2023,LG,키움,home,17,8,잠실,W,completed,20230813WOLG0,https://www.koreabaseball.com/Schedule/GameCenter/Main.aspx?gameDate=20230813&gameId=20230813WOLG0
2023-08-13,2023,키움,LG,away,8,17,잠실,L,completed,20230813WOLG0,https://www.koreabaseball.com/Schedule/GameCenter/Main.aspx?gameDate=20230813&gameId=20230813WOLG0
2023-08-15,2023,NC,한화,home,3,3,창원,D,completed,20230815HHNC0,https://www.koreabaseball.com/Schedule/GameCenter/Main.aspx?gameDate=20230815&gameId=20230815HHNC0
2023-08-15,2023,한화,NC,away,3,3,창원,D,completed,20230815HHNC0,https://www.koreabaseball.com/Schedule/GameCenter/Main.aspx?gameDate=20230815&gameId=20230815HHNC0
2023-08-15,2023,KT,두산,away,1,0,잠실,W,completed,20230815KTOB0,https://www.koreabaseball.com/Schedule/GameCenter/Main.aspx?gameDate=20230815&gameId=20230815KTOB0
2023-08-15,2023,두산,KT,home,0,1,잠실,L,completed,20230815KTOB0,https://www.koreabaseball.com/Schedule/GameCenter/Main.aspx?gameDate=20230815&gameId=20230815KTOB0
2023-08-15,2023,LG,삼성,away,5,6,대구,L,completed,20230815LGSS0,https://www.koreabaseball.com/Schedule/GameCenter/Main.aspx?gameDate=20230815&gameId=20230815LGSS0
2023-08-15,2023,삼성,LG,home,6,5,대구,W,completed,20230815LGSS0,https://www.koreabaseball.com/Schedule/GameCenter/Main.aspx?gameDate=20230815&gameId=20230815LGSS0
2023-08-15,2023,SSG,롯데,away,6,10,사직,L,completed,20230815SKLT0,https://www.koreabaseball.com/Schedule/GameCenter/Main.aspx?gameDate=20230815&gameId=20230815SKLT0
2023-08-15,2023,롯데,SSG,home,10,6,사직,W,completed,20230815SKLT0,https://www.koreabaseball.com/Schedule/GameCenter/Main.aspx?gameDate=20230815&gameId=20230815SKLT0
2023-08-15,2023,KIA,키움,home,6,9,광주,L,completed,20230815WOHT0,https://www.koreabaseball.com/Schedule/GameCenter/Main.aspx?gameDate=20230815&gameId=20230815WOHT0
2023-08-15,2023,키움,KIA,away,9,6,광주,W,completed,20230815WOHT0,https://www.koreabaseball.com/Schedule/GameCenter/Main.aspx?gameDate=20230815&gameId=20230815WOHT0
2023-08-16,2023,NC,한화,home,3,4,창원,L,completed,20230816HHNC0,https://www.koreabaseball.com/Schedule/GameCenter/Main.aspx?gameDate=20230816&gameId=20230816HHNC0
2023-08-16,2023,한화,NC,away,4,3,창원,W,completed,20230816HHNC0,https://www.koreabaseball.com/Schedule/GameCenter/Main.aspx?gameDate=20230816&gameId=20230816HHNC0
2023-08-16,2023,KT,두산,away,5,2,잠실,W,completed,20230816KTOB0,https://www.koreabaseball.com/Schedule/GameCenter/Main.aspx?gameDate=20230816&gameId=20230816KTOB0
2023-08-16,2023,두산,KT,home,2,5,잠실,L,completed,20230816KTOB0,https://www.koreabaseball.com/Schedule/GameCenter/Main.aspx?gameDate=20230816&gameId=20230816KTOB0
2023-08-16,2023,LG,삼성,away,6,3,대구,W,completed,20230816LGSS0,https://www.koreabaseball.com/Schedule/GameCenter/Main.aspx?gameDate=20230816&gameId=20230816LGSS0
2023-08-16,2023,삼성,LG,home,3,6,대구,L,completed,20230816LGSS0,https://www.koreabaseball.com/Schedule/GameCenter/Main.aspx?gameDate=20230816&gameId=20230816LGSS0
2023-08-16,2023,SSG,롯데,away,4,7,사직,L,completed,20230816SKLT0,https://www.koreabaseball.com/Schedule/GameCenter/Main.aspx?gameDate=20230816&gameId=20230816SKLT0
2023-08-16,2023,롯데,SSG,home,7,4,사직,W,completed,20230816SKLT0,https://www.koreabaseball.com/Schedule/GameCenter/Main.aspx?gameDate=20230816&gameId=20230816SKLT0
2023-08-16,2023,KIA,키움,home,11,3,광주,W,completed,20230816WOHT0,https://www.koreabaseball.com/Schedule/GameCenter/Main.aspx?gameDate=20230816&gameId=20230816WOHT0
2023-08-16,2023,키움,KIA,away,3,11,광주,L,completed,20230816WOHT0,https://www.koreabaseball.com/Schedule/GameCenter/Main.aspx?gameDate=20230816&gameId=20230816WOHT0
2023-08-17,2023,NC,한화,home,10,9,창원,W,completed,20230817HHNC0,https://www.koreabaseball.com/Schedule/GameCenter/Main.aspx?gameDate=20230817&gameId=20230817HHNC0
2023-08-17,2023,한화,NC,away,9,10,창원,L,completed,20230817HHNC0,https://www.koreabaseball.com/Schedule/GameCenter/Main.aspx?gameDate=20230817&gameId=20230817HHNC0
2023-08-17,2023,KT,두산,away,9,8,잠실,W,completed,20230817KTOB0,https://www.koreabaseball.com/Schedule/GameCenter/Main.aspx?gameDate=20230817&gameId=20230817KTOB0
2023-08-17,2023,두산,KT,home,8,9,잠실,L,completed,20230817KTOB0,https://www.koreabaseball.com/Schedule/GameCenter/Main.aspx?gameDate=20230817&gameId=20230817KTOB0
2023-08-17,2023,LG,삼성,away,2,4,대구,L,completed,20230817LGSS0,https://www.koreabaseball.com/Schedule/GameCenter/Main.aspx?gameDate=20230817&gameId=20230817LGSS0
2023-08-17,2023,삼성,LG,home,4,2,대구,W,completed,20230817LGSS0,https://www.koreabaseball.com/Schedule/GameCenter/Main.aspx?gameDate=20230817&gameId=20230817LGSS0
2023-08-17,2023,SSG,롯데,away,4,15,사직,L,completed,20230817SKLT0,https://www.koreabaseball.com/Schedule/GameCenter/Main.aspx?gameDate=20230817&gameId=20230817SKLT0
2023-08-17,2023,롯데,SSG,home,15,4,사직,W,completed,20230817SKLT0,https://www.koreabaseball.com/Schedule/GameCenter/Main.aspx?gameDate=20230817&gameId=20230817SKLT0
2023-08-17,2023,KIA,키움,home,8,4,광주,W,completed,20230817WOHT0,https://www.koreabaseball.com/Schedule/GameCenter/Main.aspx?gameDate=20230817&gameId=20230817WOHT0
2023-08-17,2023,키움,KIA,away,4,8,광주,L,completed,20230817WOHT0,https://www.koreabaseball.com/Schedule/GameCenter/Main.aspx?gameDate=20230817&gameId=20230817WOHT0
2023-08-18,2023,KIA,삼성,away,2,12,대구,L,completed,20230818HTSS0,https://www.koreabaseball.com/Schedule/GameCenter/Main.aspx?gameDate=20230818&gameId=20230818HTSS0
2023-08-18,2023,삼성,KIA,home,12,2,대구,W,completed,20230818HTSS0,https://www.koreabaseball.com/Schedule/GameCenter/Main.aspx?gameDate=20230818&gameId=20230818HTSS0
2023-08-18,2023,KT,한화,away,6,11,한밭,L,completed,20230818KTHH0,https://www.koreabaseball.com/Schedule/GameCenter/Main.aspx?gameDate=20230818&gameId=20230818KTHH0
2023-08-18,2023,한화,KT,home,11,6,한밭,W,completed,20230818KTHH0,https://www.koreabaseball.com/Schedule/GameCenter/Main.aspx?gameDate=20230818&gameId=20230818KTHH0
2023-08-18,2023,LG,SSG,away,8,4,문학,W,completed,20230818LGSK0,https://www.koreabaseball.com/Schedule/GameCenter/Main.aspx?gameDate=20230818&gameId=20230818LGSK0
2023-08-18,2023,SSG,LG,home,4,8,문학,L,completed,20230818LGSK0,https://www.koreabaseball.com/Schedule/GameCenter/Main.aspx?gameDate=20230818&gameId=20230818LGSK0
2023-08-18,2023,롯데,키움,away,4,5,고척,L,completed,20230818LTWO0,https://www.koreabaseball.com/Schedule/GameCenter/Main.aspx?gameDate=20230818&gameId=20230818LTWO0
2023-08-18,2023,키움,롯데,home,5,4,고척,W,completed,20230818LTWO0,https://www.koreabaseball.com/Schedule/GameCenter/Main.aspx?gameDate=20230818&gameId=20230818LTWO0
2023-08-19,2023,KIA,삼성,away,6,5,대구,W,completed,20230819HTSS0,https://www.koreabaseball.com/Schedule/GameCenter/Main.aspx?gameDate=20230819&gameId=20230819HTSS0
2023-08-19,2023,삼성,KIA,home,5,6,대구,L,completed,20230819HTSS0,https://www.koreabaseball.com/Schedule/GameCenter/Main.aspx?gameDate=20230819&gameId=20230819HTSS0
2023-08-19,2023,KT,한화,away,5,4,한밭,W,completed,20230819KTHH0,https://www.koreabaseball.com/Schedule/GameCenter/Main.aspx?gameDate=20230819&gameId=20230819KTHH0
2023-08-19,2023,한화,KT,home,4,5,한밭,L,completed,20230819KTHH0,https://www.koreabaseball.com/Schedule/GameCenter/Main.aspx?gameDate=20230819&gameId=20230819KTHH0
2023-08-19,2023,LG,SSG,away,11,2,문학,W,completed,20230819LGSK0,https://www.koreabaseball.com/Schedule/GameCenter/Main.aspx?gameDate=20230819&gameId=20230819LGSK0
2023-08-19,2023,SSG,LG,home,2,11,문학,L,completed,20230819LGSK0,https://www.koreabaseball.com/Schedule/GameCenter/Main.aspx?gameDate=20230819&gameId=20230819LGSK0
2023-08-19,2023,롯데,키움,away,2,5,고척,L,completed,20230819LTWO0,https://www.koreabaseball.com/Schedule/GameCenter/Main.aspx?gameDate=20230819&gameId=20230819LTWO0
2023-08-19,2023,키움,롯데,home,5,2,고척,W,completed,20230819LTWO0,https://www.koreabaseball.com/Schedule/GameCenter/Main.aspx?gameDate=20230819&gameId=20230819LTWO0
2023-08-19,2023,NC,두산,away,1,4,잠실,L,completed,20230819NCOB0,https://www.koreabaseball.com/Schedule/GameCenter/Main.aspx?gameDate=20230819&gameId=20230819NCOB0
2023-08-19,2023,두산,NC,home,4,1,잠실,W,completed,20230819NCOB0,https://www.koreabaseball.com/Schedule/GameCenter/Main.aspx?gameDate=20230819&gameId=20230819NCOB0
2023-08-20,2023,KIA,삼성,away,4,6,대구,L,completed,20230820HTSS0,https://www.koreabaseball.com/Schedule/GameCenter/Main.aspx?gameDate=20230820&gameId=20230820HTSS0
2023-08-20,2023,삼성,KIA,home,6,4,대구,W,completed,20230820HTSS0,https://www.koreabaseball.com/Schedule/GameCenter/Main.aspx?gameDate=20230820&gameId=20230820HTSS0
2023-08-20,2023,KT,한화,away,3,0,한밭,W,completed,20230820KTHH0,https://www.koreabaseball.com/Schedule/GameCenter/Main.aspx?gameDate=20230820&gameId=20230820KTHH0
2023-08-20,2023,한화,KT,home,0,3,한밭,L,completed,20230820KTHH0,https://www.koreabaseball.com/Schedule/GameCenter/Main.aspx?gameDate=20230820&gameId=20230820KTHH0
2023-08-20,2023,LG,SSG,away,1,2,문학,L,completed,20230820LGSK0,https://www.koreabaseball.com/Schedule/GameCenter/Main.aspx?gameDate=20230820&gameId=20230820LGSK0
2023-08-20,2023,SSG,LG,home,2,1,문학,W,completed,20230820LGSK0,https://www.koreabaseball.com/Schedule/GameCenter/Main.aspx?gameDate=20230820&gameId=20230820LGSK0
2023-08-20,2023,롯데,키움,away,6,7,고척,L,completed,20230820LTWO0,https://www.koreabaseball.com/Schedule/GameCenter/Main.aspx?gameDate=20230820&gameId=20230820LTWO0
2023-08-20,2023,키움,롯데,home,7,6,고척,W,completed,20230820LTWO0,https://www.koreabaseball.com/Schedule/GameCenter/Main.aspx?gameDate=20230820&gameId=20230820LTWO0
2023-08-20,2023,NC,두산,away,12,5,잠실,W,completed,20230820NCOB0,https://www.koreabaseball.com/Schedule/GameCenter/Main.aspx?gameDate=20230820&gameId=20230820NCOB0
2023-08-20,2023,두산,NC,home,5,12,잠실,L,completed,20230820NCOB0,https://www.koreabaseball.com/Schedule/GameCenter/Main.aspx?gameDate=20230820&gameId=20230820NCOB0
2023-08-22,2023,KIA,KT,away,4,8,수원,L,completed,20230822HTKT0,https://www.koreabaseball.com/Schedule/GameCenter/Main.aspx?gameDate=20230822&gameId=20230822HTKT0
2023-08-22,2023,KT,KIA,home,8,4,수원,W,completed,20230822HTKT0,https://www.koreabaseball.com/Schedule/GameCenter/Main.aspx?gameDate=20230822&gameId=20230822HTKT0
2023-08-22,2023,두산,키움,away,6,1,고척,W,completed,20230822OBWO0,https://www.koreabaseball.com/Schedule/GameCenter/Main.aspx?gameDate=20230822&gameId=20230822OBWO0
2023-08-22,2023,키움,두산,home,1,6,고척,L,completed,20230822OBWO0,https://www.koreabaseball.com/Schedule/GameCenter/Main.aspx?gameDate=20230822&gameId=20230822OBWO0
2023-08-22,2023,삼성,한화,away,5,3,한밭,W,completed,20230822SSHH0,https://www.koreabaseball.com/Schedule/GameCenter/Main.aspx?gameDate=20230822&gameId=20230822SSHH0
2023-08-22,2023,한화,삼성,home,3,5,한밭,L,completed,20230822SSHH0,https://www.koreabaseball.com/Schedule/GameCenter/Main.aspx?gameDate=20230822&gameId=20230822SSHH0
2023-08-23,2023,두산,키움,away,11,4,고척,W,completed,20230823OBWO0,https://www.koreabaseball.com/Schedule/GameCenter/Main.aspx?gameDate=20230823&gameId=20230823OBWO0
2023-08-23,2023,키움,두산,home,4,11,고척,L,completed,20230823OBWO0,https://www.koreabaseball.com/Schedule/GameCenter/Main.aspx?gameDate=20230823&gameId=20230823OBWO0
2023-08-24,2023,KIA,KT,away,7,3,수원,W,completed,20230824HTKT0,https://www.koreabaseball.com/Schedule/GameCenter/Main.aspx?gameDate=20230824&gameId=20230824HTKT0
2023-08-24,2023,KT,KIA,home,3,7,수원,L,completed,20230824HTKT0,https://www.koreabaseball.com/Schedule/GameCenter/Main.aspx?gameDate=20230824&gameId=20230824HTKT0
2023-08-24,2023,LG,롯데,home,3,1,잠실,W,completed,20230824LTLG0,https://www.koreabaseball.com/Schedule/GameCenter/Main.aspx?gameDate=20230824&gameId=20230824LTLG0
2023-08-24,2023,롯데,LG,away,1,3,잠실,L,completed,20230824LTLG0,https://www.koreabaseball.com/Schedule/GameCenter/Main.aspx?gameDate=20230824&gameId=20230824LTLG0
2023-08-24,2023,NC,SSG,away,4,7,문학,L,completed,20230824NCSK0,https://www.koreabaseball.com/Schedule/GameCenter/Main.aspx?gameDate=20230824&gameId=20230824NCSK0
2023-08-24,2023,SSG,NC,home,7,4,문학,W,completed,20230824NCSK0,https://www.koreabaseball.com/Schedule/GameCenter/Main.aspx?gameDate=20230824&gameId=20230824NCSK0
2023-08-24,2023,두산,키움,away,8,6,고척,W,completed,20230824OBWO0,https://www.koreabaseball.com/Schedule/GameCenter/Main.aspx?gameDate=20230824&gameId=20230824OBWO0
2023-08-24,2023,키움,두산,home,6,8,고척,L,completed,20230824OBWO0,https://www.koreabaseball.com/Schedule/GameCenter/Main.aspx?gameDate=20230824&gameId=20230824OBWO0
2023-08-25,2023,KIA,한화,home,4,1,광주,W,completed,20230825HHHT0,https://www.koreabaseball.com/Schedule/GameCenter/Main.aspx?gameDate=20230825&gameId=20230825HHHT0
2023-08-25,2023,한화,KIA,away,1,4,광주,L,completed,20230825HHHT0,https://www.koreabaseball.com/Schedule/GameCenter/Main.aspx?gameDate=20230825&gameId=20230825HHHT0
2023-08-25,2023,KT,롯데,away,3,1,사직,W,completed,20230825KTLT0,https://www.koreabaseball.com/Schedule/GameCenter/Main.aspx?gameDate=20230825&gameId=20230825KTLT0
2023-08-25,2023,롯데,KT,home,1,3,사직,L,completed,20230825KTLT0,https://www.koreabaseball.com/Schedule/GameCenter/Main.aspx?gameDate=20230825&gameId=20230825KTLT0
2023-08-25,2023,LG,NC,away,1,14,창원,L,completed,20230825LGNC0,https://www.koreabaseball.com/Schedule/GameCenter/Main.aspx?gameDate=20230825&gameId=20230825LGNC0
2023-08-25,2023,NC,LG,home,14,1,창원,W,completed,20230825LGNC0,https://www.koreabaseball.com/Schedule/GameCenter/Main.aspx?gameDate=20230825&gameId=20230825LGNC0
2023-08-25,2023,SSG,두산,away,1,10,잠실,L,completed,20230825SKOB0,https://www.koreabaseball.com/Schedule/GameCenter/Main.aspx?gameDate=20230825&gameId=20230825SKOB0
2023-08-25,2023,두산,SSG,home,10,1,잠실,W,completed,20230825SKOB0,https://www.koreabaseball.com/Schedule/GameCenter/Main.aspx?gameDate=20230825&gameId=20230825SKOB0
2023-08-25,2023,삼성,키움,home,4,7,대구,L,completed,20230825WOSS0,https://www.koreabaseball.com/Schedule/GameCenter/Main.aspx?gameDate=20230825&gameId=20230825WOSS0
2023-08-25,2023,키움,삼성,away,7,4,대구,W,completed,20230825WOSS0,https://www.koreabaseball.com/Schedule/GameCenter/Main.aspx?gameDate=20230825&gameId=20230825WOSS0
2023-08-26,2023,KIA,한화,home,12,4,광주,W,completed,20230826HHHT0,https://www.koreabaseball.com/Schedule/GameCenter/Main.aspx?gameDate=20230826&gameId=20230826HHHT0
2023-08-26,2023,한화,KIA,away,4,12,광주,L,completed,20230826HHHT0,https://www.koreabaseball.com/Schedule/GameCenter/Main.aspx?gameDate=20230826&gameId=20230826HHHT0
2023-08-26,2023,KT,롯데,away,8,6,사직,W,completed,20230826KTLT0,https://www.koreabaseball.com/Schedule/GameCenter/Main.aspx?gameDate=20230826&gameId=20230826KTLT0
2023-08-26,2023,롯데,KT,home,6,8,사직,L,completed,20230826KTLT0,https://www.koreabaseball.com/Schedule/GameCenter/Main.aspx?gameDate=20230826&gameId=20230826KTLT0
2023-08-26,2023,LG,NC,away,5,7,창원,L,completed,20230826LGNC0,https://www.koreabaseball.com/Schedule/GameCenter/Main.aspx?gameDate=20230826&gameId=20230826LGNC0
2023-08-26,2023,NC,LG,home,7,5,창원,W,completed,20230826LGNC0,https://www.koreabaseball.com/Schedule/GameCenter/Main.aspx?gameDate=20230826&gameId=20230826LGNC0
2023-08-26,2023,SSG,두산,away,7,5,잠실,W,completed,20230826SKOB0,https://www.koreabaseball.com/Schedule/GameCenter/Main.aspx?gameDate=20230826&gameId=20230826SKOB0
2023-08-26,2023,두산,SSG,home,5,7,잠실,L,completed,20230826SKOB0,https://www.koreabaseball.com/Schedule/GameCenter/Main.aspx?gameDate=20230826&gameId=20230826SKOB0
2023-08-26,2023,삼성,키움,home,6,5,대구,W,completed,20230826WOSS0,https://www.koreabaseball.com/Schedule/GameCenter/Main.aspx?gameDate=20230826&gameId=20230826WOSS0
2023-08-26,2023,키움,삼성,away,5,6,대구,L,completed,20230826WOSS0,https://www.koreabaseball.com/Schedule/GameCenter/Main.aspx?gameDate=20230826&gameId=20230826WOSS0
2023-08-27,2023,KIA,한화,home,5,2,광주,W,completed,20230827HHHT0,https://www.koreabaseball.com/Schedule/GameCenter/Main.aspx?gameDate=20230827&gameId=20230827HHHT0
2023-08-27,2023,한화,KIA,away,2,5,광주,L,completed,20230827HHHT0,https://www.koreabaseball.com/Schedule/GameCenter/Main.aspx?gameDate=20230827&gameId=20230827HHHT0
2023-08-27,2023,KT,롯데,away,2,1,사직,W,completed,20230827KTLT0,https://www.koreabaseball.com/Schedule/GameCenter/Main.aspx?gameDate=20230827&gameId=20230827KTLT0
2023-08-27,2023,롯데,KT,home,1,2,사직,L,completed,20230827KTLT0,https://www.koreabaseball.com/Schedule/GameCenter/Main.aspx?gameDate=20230827&gameId=20230827KTLT0
2023-08-27,2023,LG,NC,away,3,5,창원,L,completed,20230827LGNC0,https://www.koreabaseball.com/Schedule/GameCenter/Main.aspx?gameDate=20230827&gameId=20230827LGNC0
2023-08-27,2023,NC,LG,home,5,3,창원,W,completed,20230827LGNC0,https://www.koreabaseball.com/Schedule/GameCenter/Main.aspx?gameDate=20230827&gameId=20230827LGNC0
2023-08-27,2023,SSG,두산,away,8,5,잠실,W,completed,20230827SKOB0,https://www.koreabaseball.com/Schedule/GameCenter/Main.aspx?gameDate=20230827&gameId=20230827SKOB0
2023-08-27,2023,두산,SSG,home,5,8,잠실,L,completed,20230827SKOB0,https://www.koreabaseball.com/Schedule/GameCenter/Main.aspx?gameDate=20230827&gameId=20230827SKOB0
2023-08-27,2023,삼성,키움,home,8,6,대구,W,completed,20230827WOSS0,https://www.koreabaseball.com/Schedule/GameCenter/Main.aspx?gameDate=20230827&gameId=20230827WOSS0
2023-08-27,2023,키움,삼성,away,6,8,대구,L,completed,20230827WOSS0,https://www.koreabaseball.com/Schedule/GameCenter/Main.aspx?gameDate=20230827&gameId=20230827WOSS0
2023-08-30,2023,SSG,키움,home,11,7,문학,W,completed,20230830WOSK0,https://www.koreabaseball.com/Schedule/GameCenter/Main.aspx?gameDate=20230830&gameId=20230830WOSK0
2023-08-30,2023,키움,SSG,away,7,11,문학,L,completed,20230830WOSK0,https://www.koreabaseball.com/Schedule/GameCenter/Main.aspx?gameDate=20230830&gameId=20230830WOSK0
2023-08-31,2023,롯데,한화,away,5,2,한밭,W,completed,20230831LTHH0,https://www.koreabaseball.com/Schedule/GameCenter/Main.aspx?gameDate=20230831&gameId=20230831LTHH0
2023-08-31,2023,한화,롯데,home,2,5,한밭,L,completed,20230831LTHH0,https://www.koreabaseball.com/Schedule/GameCenter/Main.aspx?gameDate=20230831&gameId=20230831LTHH0
2023-08-31,2023,KIA,NC,home,13,3,광주,W,completed,20230831NCHT0,https://www.koreabaseball.com/Schedule/GameCenter/Main.aspx?gameDate=20230831&gameId=20230831NCHT0
2023-08-31,2023,NC,KIA,away,3,13,광주,L,completed,20230831NCHT0,https://www.koreabaseball.com/Schedule/GameCenter/Main.aspx?gameDate=20230831&gameId=20230831NCHT0
2023-08-31,2023,LG,두산,home,3,2,잠실,W,completed,20230831OBLG0,https://www.koreabaseball.com/Schedule/GameCenter/Main.aspx?gameDate=20230831&gameId=20230831OBLG0
2023-08-31,2023,두산,LG,away,2,3,잠실,L,completed,20230831OBLG0,https://www.koreabaseball.com/Schedule/GameCenter/Main.aspx?gameDate=20230831&gameId=20230831OBLG0
2023-08-31,2023,KT,삼성,home,6,4,수원,W,completed,20230831SSKT0,https://www.koreabaseball.com/Schedule/GameCenter/Main.aspx?gameDate=20230831&gameId=20230831SSKT0
2023-08-31,2023,삼성,KT,away,4,6,수원,L,completed,20230831SSKT0,https://www.koreabaseball.com/Schedule/GameCenter/Main.aspx?gameDate=20230831&gameId=20230831SSKT0
2023-08-31,2023,SSG,키움,home,3,8,문학,L,completed,20230831WOSK0,https://www.koreabaseball.com/Schedule/GameCenter/Main.aspx?gameDate=20230831&gameId=20230831WOSK0
2023-08-31,2023,키움,SSG,away,8,3,문학,W,completed,20230831WOSK0,https://www.koreabaseball.com/Schedule/GameCenter/Main.aspx?gameDate=20230831&gameId=20230831WOSK0
2023-09-01,2023,LG,한화,home,10,0,잠실,W,completed,20230901HHLG0,https://www.koreabaseball.com/Schedule/GameCenter/Main.aspx?gameDate=20230901&gameId=20230901HHLG0
2023-09-01,2023,한화,LG,away,0,10,잠실,L,completed,20230901HHLG0,https://www.koreabaseball.com/Schedule/GameCenter/Main.aspx?gameDate=20230901&gameId=20230901HHLG0
2023-09-01,2023,KIA,SSG,away,10,2,문학,W,completed,20230901HTSK0,https://www.koreabaseball.com/Schedule/GameCenter/Main.aspx?gameDate=20230901&gameId=20230901HTSK0
2023-09-01,2023,SSG,KIA,home,2,10,문학,L,completed,20230901HTSK0,https://www.koreabaseball.com/Schedule/GameCenter/Main.aspx?gameDate=20230901&gameId=20230901HTSK0
2023-09-01,2023,KT,키움,away,2,6,고척,L,completed,20230901KTWO0,https://www.koreabaseball.com/Schedule/GameCenter/Main.aspx?gameDate=20230901&gameId=20230901KTWO0
2023-09-01,2023,키움,KT,home,6,2,고척,W,completed,20230901KTWO0,https://www.koreabaseball.com/Schedule/GameCenter/Main.aspx?gameDate=20230901&gameId=20230901KTWO0
2023-09-01,2023,NC,삼성,away,10,0,대구,W,completed,20230901NCSS0,https://www.koreabaseball.com/Schedule/GameCenter/Main.aspx?gameDate=20230901&gameId=20230901NCSS0
2023-09-01,2023,삼성,NC,home,0,10,대구,L,completed,20230901NCSS0,https://www.koreabaseball.com/Schedule/GameCenter/Main.aspx?gameDate=20230901&gameId=20230901NCSS0
2023-09-02,2023,LG,한화,home,3,5,잠실,L,completed,20230902HHLG0,https://www.koreabaseball.com/Schedule/GameCenter/Main.aspx?gameDate=20230902&gameId=20230902HHLG0
2023-09-02,2023,한화,LG,away,5,3,잠실,W,completed,20230902HHLG0,https://www.koreabaseball.com/Schedule/GameCenter/Main.aspx?gameDate=20230902&gameId=20230902HHLG0
2023-09-02,2023,KIA,SSG,away,12,4,문학,W,completed,20230902HTSK0,https://www.koreabaseball.com/Schedule/GameCenter/Main.aspx?gameDate=20230902&gameId=20230902HTSK0
2023-09-02,2023,SSG,KIA,home,4,12,문학,L,completed,20230902HTSK0,https://www.koreabaseball.com/Schedule/GameCenter/Main.aspx?gameDate=20230902&gameId=20230902HTSK0
2023-09-02,2023,KT,키움,away,0,3,고척,L,completed,20230902KTWO0,https://www.koreabaseball.com/Schedule/GameCenter/Main.aspx?gameDate=20230902&gameId=20230902KTWO0
2023-09-02,2023,키움,KT,home,3,0,고척,W,completed,20230902KTWO0,https://www.koreabaseball.com/Schedule/GameCenter/Main.aspx?gameDate=20230902&gameId=20230902KTWO0
2023-09-02,2023,NC,삼성,away,5,1,대구,W,completed,20230902NCSS0,https://www.koreabaseball.com/Schedule/GameCenter/Main.aspx?gameDate=20230902&gameId=20230902NCSS0
2023-09-02,2023,삼성,NC,home,1,5,대구,L,completed,20230902NCSS0,https://www.koreabaseball.com/Schedule/GameCenter/Main.aspx?gameDate=20230902&gameId=20230902NCSS0
2023-09-03,2023,LG,한화,home,3,5,잠실,L,completed,20230903HHLG0,https://www.koreabaseball.com/Schedule/GameCenter/Main.aspx?gameDate=20230903&gameId=20230903HHLG0
2023-09-03,2023,한화,LG,away,5,3,잠실,W,completed,20230903HHLG0,https://www.koreabaseball.com/Schedule/GameCenter/Main.aspx?gameDate=20230903&gameId=20230903HHLG0
2023-09-03,2023,KIA,SSG,away,8,6,문학,W,completed,20230903HTSK0,https://www.koreabaseball.com/Schedule/GameCenter/Main.aspx?gameDate=20230903&gameId=20230903HTSK0
2023-09-03,2023,SSG,KIA,home,6,8,문학,L,completed,20230903HTSK0,https://www.koreabaseball.com/Schedule/GameCenter/Main.aspx?gameDate=20230903&gameId=20230903HTSK0
2023-09-03,2023,KT,키움,away,0,7,고척,L,completed,20230903KTWO0,https://www.koreabaseball.com/Schedule/GameCenter/Main.aspx?gameDate=20230903&gameId=20230903KTWO0
2023-09-03,2023,키움,KT,home,7,0,고척,W,completed,20230903KTWO0,https://www.koreabaseball.com/Schedule/GameCenter/Main.aspx?gameDate=20230903&gameId=20230903KTWO0
2023-09-03,2023,NC,삼성,away,1,6,대구,L,completed,20230903NCSS0,https://www.koreabaseball.com/Schedule/GameCenter/Main.aspx?gameDate=20230903&gameId=20230903NCSS0
2023-09-03,2023,삼성,NC,home,6,1,대구,W,completed,20230903NCSS0,https://www.koreabaseball.com/Schedule/GameCenter/Main.aspx?gameDate=20230903&gameId=20230903NCSS0
2023-09-03,2023,두산,롯데,away,2,0,사직,W,completed,20230903OBLT0,https://www.koreabaseball.com/Schedule/GameCenter/Main.aspx?gameDate=20230903&gameId=20230903OBLT0
2023-09-03,2023,롯데,두산,home,0,2,사직,L,completed,20230903OBLT0,https://www.koreabaseball.com/Schedule/GameCenter/Main.aspx?gameDate=20230903&gameId=20230903OBLT0
2023-09-04,2023,두산,롯데,away,3,4,사직,L,completed,20230904OBLT0,https://www.koreabaseball.com/Schedule/GameCenter/Main.aspx?gameDate=20230904&gameId=20230904OBLT0
2023-09-04,2023,롯데,두산,home,4,3,사직,W,completed,20230904OBLT0,https://www.koreabaseball.com/Schedule/GameCenter/Main.aspx?gameDate=20230904&gameId=20230904OBLT0
2023-09-05,2023,KT,LG,home,4,5,수원,L,completed,20230905LGKT0,https://www.koreabaseball.com/Schedule/GameCenter/Main.aspx?gameDate=20230905&gameId=20230905LGKT0
2023-09-05,2023,LG,KT,away,5,4,수원,W,completed,20230905LGKT0,https://www.koreabaseball.com/Schedule/GameCenter/Main.aspx?gameDate=20230905&gameId=20230905LGKT0
2023-09-05,2023,SSG,한화,away,11,6,한밭,W,completed,20230905SKHH0,https://www.koreabaseball.com/Schedule/GameCenter/Main.aspx?gameDate=20230905&gameId=20230905SKHH0
2023-09-05,2023,한화,SSG,home,6,11,한밭,L,completed,20230905SKHH0,https://www.koreabaseball.com/Schedule/GameCenter/Main.aspx?gameDate=20230905&gameId=20230905SKHH0
2023-09-05,2023,롯데,삼성,home,10,3,울산,W,completed,20230905SSLT0,https://www.koreabaseball.com/Schedule/GameCenter/Main.aspx?gameDate=20230905&gameId=20230905SSLT0
2023-09-05,2023,삼성,롯데,away,3,10,울산,L,completed,20230905SSLT0,https://www.koreabaseball.com/Schedule/GameCenter/Main.aspx?gameDate=20230905&gameId=20230905SSLT0
2023-09-05,2023,NC,키움,home,2,1,창원,W,completed,20230905WONC0,https://www.koreabaseball.com/Schedule/GameCenter/Main.aspx?gameDate=20230905&gameId=20230905WONC0
2023-09-05,2023,키움,NC,away,1,2,창원,L,completed,20230905WONC0,https://www.koreabaseball.com/Schedule/GameCenter/Main.aspx?gameDate=20230905&gameId=20230905WONC0
2023-09-06,2023,KIA,두산,away,7,1,잠실,W,completed,20230906HTOB0,https://www.koreabaseball.com/Schedule/GameCenter/Main.aspx?gameDate=20230906&gameId=20230906HTOB0
2023-09-06,2023,두산,KIA,home,1,7,잠실,L,completed,20230906HTOB0,https://www.koreabaseball.com/Schedule/GameCenter/Main.aspx?gameDate=20230906&gameId=20230906HTOB0
2023-09-06,2023,KT,LG,home,4,3,수원,W,completed,20230906LGKT0,https://www.koreabaseball.com/Schedule/GameCenter/Main.aspx?gameDate=20230906&gameId=20230906LGKT0
2023-09-06,2023,LG,KT,away,3,4,수원,L,completed,20230906LGKT0,https://www.koreabaseball.com/Schedule/GameCenter/Main.aspx?gameDate=20230906&gameId=20230906LGKT0
2023-09-06,2023,SSG,한화,away,5,6,한밭,L,completed,20230906SKHH0,https://www.koreabaseball.com/Schedule/GameCenter/Main.aspx?gameDate=20230906&gameId=20230906SKHH0
2023-09-06,2023,한화,SSG,home,6,5,한밭,W,completed,20230906SKHH0,https://www.koreabaseball.com/Schedule/GameCenter/Main.aspx?gameDate=20230906&gameId=20230906SKHH0
2023-09-06,2023,롯데,삼성,home,2,7,울산,L,completed,20230906SSLT0,https://www.koreabaseball.com/Schedule/GameCenter/Main.aspx?gameDate=20230906&gameId=20230906SSLT0
2023-09-06,2023,삼성,롯데,away,7,2,울산,W,completed,20230906SSLT0,https://www.koreabaseball.com/Schedule/GameCenter/Main.aspx?gameDate=20230906&gameId=20230906SSLT0
2023-09-06,2023,NC,키움,home,8,2,창원,W,completed,20230906WONC0,https://www.koreabaseball.com/Schedule/GameCenter/Main.aspx?gameDate=20230906&gameId=20230906WONC0
2023-09-06,2023,키움,NC,away,2,8,창원,L,completed,20230906WONC0,https://www.koreabaseball.com/Schedule/GameCenter/Main.aspx?gameDate=20230906&gameId=20230906WONC0
2023-09-07,2023,KIA,두산,away,0,3,잠실,L,completed,20230907HTOB0,https://www.koreabaseball.com/Schedule/GameCenter/Main.aspx?gameDate=20230907&gameId=20230907HTOB0
2023-09-07,2023,두산,KIA,home,3,0,잠실,W,completed,20230907HTOB0,https://www.koreabaseball.com/Schedule/GameCenter/Main.aspx?gameDate=20230907&gameId=20230907HTOB0
2023-09-07,2023,KT,LG,home,4,11,수원,L,completed,20230907LGKT0,https://www.koreabaseball.com/Schedule/GameCenter/Main.aspx?gameDate=20230907&gameId=20230907LGKT0
2023-09-07,2023,LG,KT,away,11,4,수원,W,completed,20230907LGKT0,https://www.koreabaseball.com/Schedule/GameCenter/Main.aspx?gameDate=20230907&gameId=20230907LGKT0
2023-09-07,2023,SSG,한화,away,3,4,한밭,L,completed,20230907SKHH0,https://www.koreabaseball.com/Schedule/GameCenter/Main.aspx?gameDate=20230907&gameId=20230907SKHH0
2023-09-07,2023,한화,SSG,home,4,3,한밭,W,completed,20230907SKHH0,https://www.koreabaseball.com/Schedule/GameCenter/Main.aspx?gameDate=20230907&gameId=20230907SKHH0
2023-09-07,2023,롯데,삼성,home,2,1,울산,W,completed,20230907SSLT0,https://www.koreabaseball.com/Schedule/GameCenter/Main.aspx?gameDate=20230907&gameId=20230907SSLT0
2023-09-07,2023,삼성,롯데,away,1,2,울산,L,completed,20230907SSLT0,https://www.koreabaseball.com/Schedule/GameCenter/Main.aspx?gameDate=20230907&gameId=20230907SSLT0
2023-09-07,2023,NC,키움,home,6,1,창원,W,completed,20230907WONC0,https://www.koreabaseball.com/Schedule/GameCenter/Main.aspx?gameDate=20230907&gameId=20230907WONC0
2023-09-07,2023,키움,NC,away,1,6,창원,L,completed,20230907WONC0,https://www.koreabaseball.com/Schedule/GameCenter/Main.aspx?gameDate=20230907&gameId=20230907WONC0
2023-09-08,2023,키움,한화,home,5,6,고척,L,completed,20230908HHWO0,https://www.koreabaseball.com/Schedule/GameCenter/Main.aspx?gameDate=20230908&gameId=20230908HHWO0
2023-09-08,2023,한화,키움,away,6,5,고척,W,completed,20230908HHWO0,https://www.koreabaseball.com/Schedule/GameCenter/Main.aspx?gameDate=20230908&gameId=20230908HHWO0
2023-09-08,2023,KIA,LG,home,2,12,광주,L,completed,20230908LGHT0,https://www.koreabaseball.com/Schedule/GameCenter/Main.aspx?gameDate=20230908&gameId=20230908LGHT0
2023-09-08,2023,LG,KIA,away,12,2,광주,W,completed,20230908LGHT0,https://www.koreabaseball.com/Schedule/GameCenter/Main.aspx?gameDate=20230908&gameId=20230908LGHT0
2023-09-08,2023,NC,롯데,home,4,3,창원,W,completed,20230908LTNC0,https://www.koreabaseball.com/Schedule/GameCenter/Main.aspx?gameDate=20230908&gameId=20230908LTNC0
2023-09-08,2023,롯데,NC,away,3,4,창원,L,completed,20230908LTNC0,https://www.koreabaseball.com/Schedule/GameCenter/Main.aspx?gameDate=20230908&gameId=20230908LTNC0
2023-09-08,2023,KT,SSG,home,16,7,수원,W,completed,20230908SKKT0,https://www.koreabaseball.com/Schedule/GameCenter/Main.aspx?gameDate=20230908&gameId=20230908SKKT0
2023-09-08,2023,SSG,KT,away,7,16,수원,L,completed,20230908SKKT0,https://www.koreabaseball.com/Schedule/GameCenter/Main.aspx?gameDate=20230908&gameId=20230908SKKT0
2023-09-08,2023,두산,삼성,home,8,7,잠실,W,completed,20230908SSOB0,https://www.koreabaseball.com/Schedule/GameCenter/Main.aspx?gameDate=20230908&gameId=20230908SSOB0
2023-09-08,2023,삼성,두산,away,7,8,잠실,L,completed,20230908SSOB0,https://www.koreabaseball.com/Schedule/GameCenter/Main.aspx?gameDate=20230908&gameId=20230908SSOB0
2023-09-09,2023,키움,한화,home,2,11,고척,L,completed,20230909HHWO1,https://www.koreabaseball.com/Schedule/GameCenter/Main.aspx?gameDate=20230909&gameId=20230909HHWO1
2023-09-09,2023,한화,키움,away,11,2,고척,W,completed,20230909HHWO1,https://www.koreabaseball.com/Schedule/GameCenter/Main.aspx?gameDate=20230909&gameId=20230909HHWO1
2023-09-09,2023,키움,한화,home,1,3,고척,L,completed,20230909HHWO2,https://www.koreabaseball.com/Schedule/GameCenter/Main.aspx?gameDate=20230909&gameId=20230909HHWO2
2023-09-09,2023,한화,키움,away,3,1,고척,W,completed,20230909HHWO2,https://www.koreabaseball.com/Schedule/GameCenter/Main.aspx?gameDate=20230909&gameId=20230909HHWO2
2023-09-09,2023,KIA,LG,home,7,6,광주,W,completed,20230909LGHT1,https://www.koreabaseball.com/Schedule/GameCenter/Main.aspx?gameDate=20230909&gameId=20230909LGHT1
2023-09-09,2023,LG,KIA,away,6,7,광주,L,completed,20230909LGHT1,https://www.koreabaseball.com/Schedule/GameCenter/Main.aspx?gameDate=20230909&gameId=20230909LGHT1
2023-09-09,2023,KIA,LG,home,12,7,광주,W,completed,20230909LGHT2,https://www.koreabaseball.com/Schedule/GameCenter/Main.aspx?gameDate=20230909&gameId=20230909LGHT2
2023-09-09,2023,LG,KIA,away,7,12,광주,L,completed,20230909LGHT2,https://www.koreabaseball.com/Schedule/GameCenter/Main.aspx?gameDate=20230909&gameId=20230909LGHT2
2023-09-09,2023,NC,롯데,home,2,5,창원,L,completed,20230909LTNC1,https://www.koreabaseball.com/Schedule/GameCenter/Main.aspx?gameDate=20230909&gameId=20230909LTNC1
2023-09-09,2023,롯데,NC,away,5,2,창원,W,completed,20230909LTNC1,https://www.koreabaseball.com/Schedule/GameCenter/Main.aspx?gameDate=20230909&gameId=20230909LTNC1
2023-09-09,2023,NC,롯데,home,6,5,창원,W,completed,20230909LTNC2,https://www.koreabaseball.com/Schedule/GameCenter/Main.aspx?gameDate=20230909&gameId=20230909LTNC2
2023-09-09,2023,롯데,NC,away,5,6,창원,L,completed,20230909LTNC2,https://www.koreabaseball.com/Schedule/GameCenter/Main.aspx?gameDate=20230909&gameId=20230909LTNC2
2023-09-09,2023,KT,SSG,home,8,8,수원,D,completed,20230909SKKT0,https://www.koreabaseball.com/Schedule/GameCenter/Main.aspx?gameDate=20230909&gameId=20230909SKKT0
2023-09-09,2023,SSG,KT,away,8,8,수원,D,completed,20230909SKKT0,https://www.koreabaseball.com/Schedule/GameCenter/Main.aspx?gameDate=20230909&gameId=20230909SKKT0
2023-09-09,2023,두산,삼성,home,1,5,잠실,L,completed,20230909SSOB1,https://www.koreabaseball.com/Schedule/GameCenter/Main.aspx?gameDate=20230909&gameId=20230909SSOB1
2023-09-09,2023,삼성,두산,away,5,1,잠실,W,completed,20230909SSOB1,https://www.koreabaseball.com/Schedule/GameCenter/Main.aspx?gameDate=20230909&gameId=20230909SSOB1
2023-09-09,2023,두산,삼성,home,4,0,잠실,W,completed,20230909SSOB2,https://www.koreabaseball.com/Schedule/GameCenter/Main.aspx?gameDate=20230909&gameId=20230909SSOB2
2023-09-09,2023,삼성,두산,away,0,4,잠실,L,completed,20230909SSOB2,https://www.koreabaseball.com/Schedule/GameCenter/Main.aspx?gameDate=20230909&gameId=20230909SSOB2
2023-09-10,2023,키움,한화,home,8,9,고척,L,completed,20230910HHWO0,https://www.koreabaseball.com/Schedule/GameCenter/Main.aspx?gameDate=20230910&gameId=20230910HHWO0
2023-09-10,2023,한화,키움,away,9,8,고척,W,completed,20230910HHWO0,https://www.koreabaseball.com/Schedule/GameCenter/Main.aspx?gameDate=20230910&gameId=20230910HHWO0
2023-09-10,2023,KIA,LG,home,8,7,광주,W,completed,20230910LGHT0,https://www.koreabaseball.com/Schedule/GameCenter/Main.aspx?gameDate=20230910&gameId=20230910LGHT0
2023-09-10,2023,LG,KIA,away,7,8,광주,L,completed,20230910LGHT0,https://www.koreabaseball.com/Schedule/GameCenter/Main.aspx?gameDate=20230910&gameId=20230910LGHT0
2023-09-10,2023,NC,롯데,home,3,1,창원,W,completed,20230910LTNC0,https://www.koreabaseball.com/Schedule/GameCenter/Main.aspx?gameDate=20230910&gameId=20230910LTNC0
2023-09-10,2023,롯데,NC,away,1,3,창원,L,completed,20230910LTNC0,https://www.koreabaseball.com/Schedule/GameCenter/Main.aspx?gameDate=20230910&gameId=20230910LTNC0
2023-09-10,2023,KT,SSG,home,5,6,수원,L,completed,20230910SKKT0,https://www.koreabaseball.com/Schedule/GameCenter/Main.aspx?gameDate=20230910&gameId=20230910SKKT0
2023-09-10,2023,SSG,KT,away,6,5,수원,W,completed,20230910SKKT0,https://www.koreabaseball.com/Schedule/GameCenter/Main.aspx?gameDate=20230910&gameId=20230910SKKT0
2023-09-10,2023,두산,삼성,home,8,2,잠실,W,completed,20230910SSOB0,https://www.koreabaseball.com/Schedule/GameCenter/Main.aspx?gameDate=20230910&gameId=20230910SSOB0
2023-09-10,2023,삼성,두산,away,2,8,잠실,L,completed,20230910SSOB0,https://www.koreabaseball.com/Schedule/GameCenter/Main.aspx?gameDate=20230910&gameId=20230910SSOB0
2023-09-12,2023,두산,한화,home,8,3,잠실,W,completed,20230912HHOB0,https://www.koreabaseball.com/Schedule/GameCenter/Main.aspx?gameDate=20230912&gameId=20230912HHOB0
2023-09-12,2023,한화,두산,away,3,8,잠실,L,completed,20230912HHOB0,https://www.koreabaseball.com/Schedule/GameCenter/Main.aspx?gameDate=20230912&gameId=20230912HHOB0
2023-09-12,2023,KIA,삼성,away,9,10,대구,L,completed,20230912HTSS0,https://www.koreabaseball.com/Schedule/GameCenter/Main.aspx?gameDate=20230912&gameId=20230912HTSS0
2023-09-12,2023,삼성,KIA,home,10,9,대구,W,completed,20230912HTSS0,https://www.koreabaseball.com/Schedule/GameCenter/Main.aspx?gameDate=20230912&gameId=20230912HTSS0
2023-09-12,2023,KT,SSG,away,3,0,문학,W,completed,20230912KTSK0,https://www.koreabaseball.com/Schedule/GameCenter/Main.aspx?gameDate=20230912&gameId=20230912KTSK0
2023-09-12,2023,SSG,KT,home,0,3,문학,L,completed,20230912KTSK0,https://www.koreabaseball.com/Schedule/GameCenter/Main.aspx?gameDate=20230912&gameId=20230912KTSK0
2023-09-12,2023,NC,롯데,away,4,3,사직,W,completed,20230912NCLT0,https://www.koreabaseball.com/Schedule/GameCenter/Main.aspx?gameDate=20230912&gameId=20230912NCLT0
2023-09-12,2023,롯데,NC,home,3,4,사직,L,completed,20230912NCLT0,https://www.koreabaseball.com/Schedule/GameCenter/Main.aspx?gameDate=20230912&gameId=20230912NCLT0
2023-09-13,2023,KT,NC,away,6,2,창원,W,completed,20230913KTNC0,https://www.koreabaseball.com/Schedule/GameCenter/Main.aspx?gameDate=20230913&gameId=20230913KTNC0
2023-09-13,2023,NC,KT,home,2,6,창원,L,completed,20230913KTNC0,https://www.koreabaseball.com/Schedule/GameCenter/Main.aspx?gameDate=20230913&gameId=20230913KTNC0
2023-09-13,2023,KIA,롯데,home,1,3,광주,L,completed,20230913LTHT0,https://www.koreabaseball.com/Schedule/GameCenter/Main.aspx?gameDate=20230913&gameId=20230913LTHT0
2023-09-13,2023,롯데,KIA,away,3,1,광주,W,completed,20230913LTHT0,https://www.koreabaseball.com/Schedule/GameCenter/Main.aspx?gameDate=20230913&gameId=20230913LTHT0
2023-09-14,2023,KT,삼성,away,4,10,대구,L,completed,20230914KTSS0,https://www.koreabaseball.com/Schedule/GameCenter/Main.aspx?gameDate=20230914&gameId=20230914KTSS0
2023-09-14,2023,삼성,KT,home,10,4,대구,W,completed,20230914KTSS0,https://www.koreabaseball.com/Schedule/GameCenter/Main.aspx?gameDate=20230914&gameId=20230914KTSS0
2023-09-14,2023,SSG,두산,away,2,3,잠실,L,completed,20230914SKOB0,https://www.koreabaseball.com/Schedule/GameCenter/Main.aspx?gameDate=20230914&gameId=20230914SKOB0
2023-09-14,2023,두산,SSG,home,3,2,잠실,W,completed,20230914SKOB0,https://www.koreabaseball.com/Schedule/GameCenter/Main.aspx?gameDate=20230914&gameId=20230914SKOB0
2023-09-15,2023,LG,한화,away,4,3,한밭,W,completed,20230915LGHH0,https://www.koreabaseball.com/Schedule/GameCenter/Main.aspx?gameDate=20230915&gameId=20230915LGHH0
2023-09-15,2023,한화,LG,home,3,4,한밭,L,completed,20230915LGHH0,https://www.koreabaseball.com/Schedule/GameCenter/Main.aspx?gameDate=20230915&gameId=20230915LGHH0
2023-09-15,2023,KIA,두산,home,6,8,광주,L,completed,20230915OBHT0,https://www.koreabaseball.com/Schedule/GameCenter/Main.aspx?gameDate=20230915&gameId=20230915OBHT0
2023-09-15,2023,두산,KIA,away,8,6,광주,W,completed,20230915OBHT0,https://www.koreabaseball.com/Schedule/GameCenter/Main.aspx?gameDate=20230915&gameId=20230915OBHT0
2023-09-15,2023,NC,삼성,home,8,1,창원,W,completed,20230915SSNC0,https://www.koreabaseball.com/Schedule/GameCenter/Main.aspx?gameDate=20230915&gameId=20230915SSNC0
2023-09-15,2023,삼성,NC,away,1,8,창원,L,completed,20230915SSNC0,https://www.koreabaseball.com/Schedule/GameCenter/Main.aspx?gameDate=20230915&gameId=20230915SSNC0
2023-09-15,2023,롯데,키움,home,5,4,사직,W,completed,20230915WOLT0,https://www.koreabaseball.com/Schedule/GameCenter/Main.aspx?gameDate=20230915&gameId=20230915WOLT0
2023-09-15,2023,키움,롯데,away,4,5,사직,L,completed,20230915WOLT0,https://www.koreabaseball.com/Schedule/GameCenter/Main.aspx?gameDate=20230915&gameId=20230915WOLT0
2023-09-16,2023,LG,SSG,home,10,4,잠실,W,completed,20230916SKLG0,https://www.koreabaseball.com/Schedule/GameCenter/Main.aspx?gameDate=20230916&gameId=20230916SKLG0
2023-09-16,2023,SSG,LG,away,4,10,잠실,L,completed,20230916SKLG0,https://www.koreabaseball.com/Schedule/GameCenter/Main.aspx?gameDate=20230916&gameId=20230916SKLG0
2023-09-17,2023,KT,한화,away,7,0,한밭,W,completed,20230917KTHH1,https://www.koreabaseball.com/Schedule/GameCenter/Main.aspx?gameDate=20230917&gameId=20230917KTHH1
2023-09-17,2023,한화,KT,home,0,7,한밭,L,completed,20230917KTHH1,https://www.koreabaseball.com/Schedule/GameCenter/Main.aspx?gameDate=20230917&gameId=20230917KTHH1
2023-09-17,2023,KT,한화,away,3,1,한밭,W,completed,20230917KTHH2,https://www.koreabaseball.com/Schedule/GameCenter/Main.aspx?gameDate=20230917&gameId=20230917KTHH2
2023-09-17,2023,한화,KT,home,1,3,한밭,L,completed,20230917KTHH2,https://www.koreabaseball.com/Schedule/GameCenter/Main.aspx?gameDate=20230917&gameId=20230917KTHH2
2023-09-17,2023,롯데,삼성,away,7,4,대구,W,completed,20230917LTSS0,https://www.koreabaseball.com/Schedule/GameCenter/Main.aspx?gameDate=20230917&gameId=20230917LTSS0
2023-09-17,2023,삼성,롯데,home,4,7,대구,L,completed,20230917LTSS0,https://www.koreabaseball.com/Schedule/GameCenter/Main.aspx?gameDate=20230917&gameId=20230917LTSS0
2023-09-17,2023,KIA,두산,home,3,8,광주,L,completed,20230917OBHT0,https://www.koreabaseball.com/Schedule/GameCenter/Main.aspx?gameDate=20230917&gameId=20230917OBHT0
2023-09-17,2023,두산,KIA,away,8,3,광주,W,completed,20230917OBHT0,https://www.koreabaseball.com/Schedule/GameCenter/Main.aspx?gameDate=20230917&gameId=20230917OBHT0
2023-09-17,2023,LG,SSG,home,8,3,잠실,W,completed,20230917SKLG1,https://www.koreabaseball.com/Schedule/GameCenter/Main.aspx?gameDate=20230917&gameId=20230917SKLG1
2023-09-17,2023,SSG,LG,away,3,8,잠실,L,completed,20230917SKLG1,https://www.koreabaseball.com/Schedule/GameCenter/Main.aspx?gameDate=20230917&gameId=20230917SKLG1
2023-09-17,2023,LG,SSG,home,9,5,잠실,W,completed,20230917SKLG2,https://www.koreabaseball.com/Schedule/GameCenter/Main.aspx?gameDate=20230917&gameId=20230917SKLG2
2023-09-17,2023,SSG,LG,away,5,9,잠실,L,completed,20230917SKLG2,https://www.koreabaseball.com/Schedule/GameCenter/Main.aspx?gameDate=20230917&gameId=20230917SKLG2
2023-09-18,2023,KT,한화,away,2,6,한밭,L,completed,20230918KTHH0,https://www.koreabaseball.com/Schedule/GameCenter/Main.aspx?gameDate=20230918&gameId=20230918KTHH0
2023-09-18,2023,한화,KT,home,6,2,한밭,W,completed,20230918KTHH0,https://www.koreabaseball.com/Schedule/GameCenter/Main.aspx?gameDate=20230918&gameId=20230918KTHH0
2023-09-18,2023,KIA,두산,home,4,8,광주,L,completed,20230918OBHT0,https://www.koreabaseball.com/Schedule/GameCenter/Main.aspx?gameDate=20230918&gameId=20230918OBHT0
2023-09-18,2023,두산,KIA,away,8,4,광주,W,completed,20230918OBHT0,https://www.koreabaseball.com/Schedule/GameCenter/Main.aspx?gameDate=20230918&gameId=20230918OBHT0
2023-09-19,2023,KIA,LG,home,3,4,광주,L,completed,20230919LGHT0,https://www.koreabaseball.com/Schedule/GameCenter/Main.aspx?gameDate=20230919&gameId=20230919LGHT0
2023-09-19,2023,LG,KIA,away,4,3,광주,W,completed,20230919LGHT0,https://www.koreabaseball.com/Schedule/GameCenter/Main.aspx?gameDate=20230919&gameId=20230919LGHT0
2023-09-19,2023,NC,두산,away,2,1,잠실,W,completed,20230919NCOB0,https://www.koreabaseball.com/Schedule/GameCenter/Main.aspx?gameDate=20230919&gameId=20230919NCOB0
2023-09-19,2023,두산,NC,home,1,2,잠실,L,completed,20230919NCOB0,https://www.koreabaseball.com/Schedule/GameCenter/Main.aspx?gameDate=20230919&gameId=20230919NCOB0
2023-09-19,2023,SSG,한화,away,5,3,한밭,W,completed,20230919SKHH0,https://www.koreabaseball.com/Schedule/GameCenter/Main.aspx?gameDate=20230919&gameId=20230919SKHH0
2023-09-19,2023,한화,SSG,home,3,5,한밭,L,completed,20230919SKHH0,https://www.koreabaseball.com/Schedule/GameCenter/Main.aspx?gameDate=20230919&gameId=20230919SKHH0
2023-09-19,2023,KT,삼성,home,7,1,수원,W,completed,20230919SSKT0,https://www.koreabaseball.com/Schedule/GameCenter/Main.aspx?gameDate=20230919&gameId=20230919SSKT0
2023-09-19,2023,삼성,KT,away,1,7,수원,L,completed,20230919SSKT0,https://www.koreabaseball.com/Schedule/GameCenter/Main.aspx?gameDate=20230919&gameId=20230919SSKT0
2023-09-19,2023,롯데,키움,home,3,6,사직,L,completed,20230919WOLT0,https://www.koreabaseball.com/Schedule/GameCenter/Main.aspx?gameDate=20230919&gameId=20230919WOLT0
2023-09-19,2023,키움,롯데,away,6,3,사직,W,completed,20230919WOLT0,https://www.koreabaseball.com/Schedule/GameCenter/Main.aspx?gameDate=20230919&gameId=20230919WOLT0
2023-09-21,2023,KIA,한화,away,8,14,한밭,L,completed,20230921HTHH0,https://www.koreabaseball.com/Schedule/GameCenter/Main.aspx?gameDate=20230921&gameId=20230921HTHH0
2023-09-21,2023,한화,KIA,home,14,8,한밭,W,completed,20230921HTHH0,https://www.koreabaseball.com/Schedule/GameCenter/Main.aspx?gameDate=20230921&gameId=20230921HTHH0
2023-09-21,2023,LG,SSG,away,2,1,문학,W,completed,20230921LGSK0,https://www.koreabaseball.com/Schedule/GameCenter/Main.aspx?gameDate=20230921&gameId=20230921LGSK0
2023-09-21,2023,SSG,LG,home,1,2,문학,L,completed,20230921LGSK0,https://www.koreabaseball.com/Schedule/GameCenter/Main.aspx?gameDate=20230921&gameId=20230921LGSK0
2023-09-21,2023,KT,롯데,home,5,0,수원,W,completed,20230921LTKT0,https://www.koreabaseball.com/Schedule/GameCenter/Main.aspx?gameDate=20230921&gameId=20230921LTKT0
2023-09-21,2023,롯데,KT,away,0,5,수원,L,completed,20230921LTKT0,https://www.koreabaseball.com/Schedule/GameCenter/Main.aspx?gameDate=20230921&gameId=20230921LTKT0
2023-09-21,2023,NC,키움,away,1,5,고척,L,completed,20230921NCWO0,https://www.koreabaseball.com/Schedule/GameCenter/Main.aspx?gameDate=20230921&gameId=20230921NCWO0
2023-09-21,2023,키움,NC,home,5,1,고척,W,completed,20230921NCWO0,https://www.koreabaseball.com/Schedule/GameCenter/Main.aspx?gameDate=20230921&gameId=20230921NCWO0
2023-09-21,2023,두산,삼성,away,5,1,대구,W,completed,20230921OBSS0,https://www.koreabaseball.com/Schedule/GameCenter/Main.aspx?gameDate=20230921&gameId=20230921OBSS0
2023-09-21,2023,삼성,두산,home,1,5,대구,L,completed,20230921OBSS0,https://www.koreabaseball.com/Schedule/GameCenter/Main.aspx?gameDate=20230921&gameId=20230921OBSS0
2023-09-22,2023,KIA,KT,home,2,1,광주,W,completed,20230922KTHT0,https://www.koreabaseball.com/Schedule/GameCenter/Main.aspx?gameDate=20230922&gameId=20230922KTHT0
2023-09-22,2023,KT,KIA,away,1,2,광주,L,completed,20230922KTHT0,https://www.koreabaseball.com/Schedule/GameCenter/Main.aspx?gameDate=20230922&gameId=20230922KTHT0
2023-09-22,2023,SSG,롯데,home,2,5,문학,L,completed,20230922LTSK0,https://www.koreabaseball.com/Schedule/GameCenter/Main.aspx?gameDate=20230922&gameId=20230922LTSK0
2023-09-22,2023,롯데,SSG,away,5,2,문학,W,completed,20230922LTSK0,https://www.koreabaseball.com/Schedule/GameCenter/Main.aspx?gameDate=20230922&gameId=20230922LTSK0
2023-09-22,2023,LG,NC,home,4,5,잠실,L,completed,20230922NCLG0,https://www.koreabaseball.com/Schedule/GameCenter/Main.aspx?gameDate=20230922&gameId=20230922NCLG0
2023-09-22,2023,NC,LG,away,5,4,잠실,W,completed,20230922NCLG0,https://www.koreabaseball.com/Schedule/GameCenter/Main.aspx?gameDate=20230922&gameId=20230922NCLG0
2023-09-22,2023,두산,삼성,away,3,1,대구,W,completed,20230922OBSS0,https://www.koreabaseball.com/Schedule/GameCenter/Main.aspx?gameDate=20230922&gameId=20230922OBSS0
2023-09-22,2023,삼성,두산,home,1,3,대구,L,completed,20230922OBSS0,https://www.koreabaseball.com/Schedule/GameCenter/Main.aspx?gameDate=20230922&gameId=20230922OBSS0
2023-09-22,2023,키움,한화,away,11,6,한밭,W,completed,20230922WOHH0,https://www.koreabaseball.com/Schedule/GameCenter/Main.aspx?gameDate=20230922&gameId=20230922WOHH0
2023-09-22,2023,한화,키움,home,6,11,한밭,L,completed,20230922WOHH0,https://www.koreabaseball.com/Schedule/GameCenter/Main.aspx?gameDate=20230922&gameId=20230922WOHH0
2023-09-23,2023,LG,한화,home,3,1,잠실,W,completed,20230923HHLG0,https://www.koreabaseball.com/Schedule/GameCenter/Main.aspx?gameDate=20230923&gameId=20230923HHLG0
2023-09-23,2023,한화,LG,away,1,3,잠실,L,completed,20230923HHLG0,https://www.koreabaseball.com/Schedule/GameCenter/Main.aspx?gameDate=20230923&gameId=20230923HHLG0
2023-09-23,2023,KIA,KT,home,1,4,광주,L,completed,20230923KTHT0,https://www.koreabaseball.com/Schedule/GameCenter/Main.aspx?gameDate=20230923&gameId=20230923KTHT0
2023-09-23,2023,KT,KIA,away,4,1,광주,W,completed,20230923KTHT0,https://www.koreabaseball.com/Schedule/GameCenter/Main.aspx?gameDate=20230923&gameId=20230923KTHT0
2023-09-23,2023,SSG,롯데,home,4,2,문학,W,completed,20230923LTSK0,https://www.koreabaseball.com/Schedule/GameCenter/Main.aspx?gameDate=20230923&gameId=20230923LTSK0
2023-09-23,2023,롯데,SSG,away,2,4,문학,L,completed,20230923LTSK0,https://www.koreabaseball.com/Schedule/GameCenter/Main.aspx?gameDate=20230923&gameId=20230923LTSK0
2023-09-23,2023,NC,두산,home,1,3,창원,L,completed,20230923OBNC0,https://www.koreabaseball.com/Schedule/GameCenter/Main.aspx?gameDate=20230923&gameId=20230923OBNC0
2023-09-23,2023,두산,NC,away,3,1,창원,W,completed,20230923OBNC0,https://www.koreabaseball.com/Schedule/GameCenter/Main.aspx?gameDate=20230923&gameId=20230923OBNC0
2023-09-24,2023,LG,한화,home,5,1,잠실,W,completed,20230924HHLG0,https://www.koreabaseball.com/Schedule/GameCenter/Main.aspx?gameDate=20230924&gameId=20230924HHLG0
2023-09-24,2023,한화,LG,away,1,5,잠실,L,completed,20230924HHLG0,https://www.koreabaseball.com/Schedule/GameCenter/Main.aspx?gameDate=20230924&gameId=20230924HHLG0
2023-09-24,2023,KIA,KT,home,2,3,광주,L,completed,20230924KTHT0,https://www.koreabaseball.com/Schedule/GameCenter/Main.aspx?gameDate=20230924&gameId=20230924KTHT0
2023-09-24,2023,KT,KIA,away,3,2,광주,W,completed,20230924KTHT0,https://www.koreabaseball.com/Schedule/GameCenter/Main.aspx?gameDate=20230924&gameId=20230924KTHT0
2023-09-24,2023,SSG,롯데,home,1,8,문학,L,completed,20230924LTSK0,https://www.koreabaseball.com/Schedule/GameCenter/Main.aspx?gameDate=20230924&gameId=20230924LTSK0
2023-09-24,2023,롯데,SSG,away,8,1,문학,W,completed,20230924LTSK0,https://www.koreabaseball.com/Schedule/GameCenter/Main.aspx?gameDate=20230924&gameId=20230924LTSK0
2023-09-24,2023,NC,두산,home,6,5,창원,W,completed,20230924OBNC0,https://www.koreabaseball.com/Schedule/GameCenter/Main.aspx?gameDate=20230924&gameId=20230924OBNC0
2023-09-24,2023,두산,NC,away,5,6,창원,L,completed,20230924OBNC0,https://www.koreabaseball.com/Schedule/GameCenter/Main.aspx?gameDate=20230924&gameId=20230924OBNC0
2023-09-26,2023,KIA,NC,away,6,4,창원,W,completed,20230926HTNC0,https://www.koreabaseball.com/Schedule/GameCenter/Main.aspx?gameDate=20230926&gameId=20230926HTNC0
2023-09-26,2023,NC,KIA,home,4,6,창원,L,completed,20230926HTNC0,https://www.koreabaseball.com/Schedule/GameCenter/Main.aspx?gameDate=20230926&gameId=20230926HTNC0
2023-09-27,2023,KIA,NC,away,0,7,창원,L,completed,20230927HTNC1,https://www.koreabaseball.com/Schedule/GameCenter/Main.aspx?gameDate=20230927&gameId=20230927HTNC1
2023-09-27,2023,NC,KIA,home,7,0,창원,W,completed,20230927HTNC1,https://www.koreabaseball.com/Schedule/GameCenter/Main.aspx?gameDate=20230927&gameId=20230927HTNC1
2023-09-27,2023,KIA,NC,away,6,1,창원,W,completed,20230927HTNC2,https://www.koreabaseball.com/Schedule/GameCenter/Main.aspx?gameDate=20230927&gameId=20230927HTNC2
2023-09-27,2023,NC,KIA,home,1,6,창원,L,completed,20230927HTNC2,https://www.koreabaseball.com/Schedule/GameCenter/Main.aspx?gameDate=20230927&gameId=20230927HTNC2
2023-09-27,2023,KT,LG,away,0,4,잠실,L,completed,20230927KTLG1,https://www.koreabaseball.com/Schedule/GameCenter/Main.aspx?gameDate=20230927&gameId=20230927KTLG1
2023-09-27,2023,LG,KT,home,4,0,잠실,W,completed,20230927KTLG1,https://www.koreabaseball.com/Schedule/GameCenter/Main.aspx?gameDate=20230927&gameId=20230927KTLG1
2023-09-27,2023,KT,LG,away,0,3,잠실,L,completed,20230927KTLG2,https://www.koreabaseball.com/Schedule/GameCenter/Main.aspx?gameDate=20230927&gameId=20230927KTLG2
2023-09-27,2023,LG,KT,home,3,0,잠실,W,completed,20230927KTLG2,https://www.koreabaseball.com/Schedule/GameCenter/Main.aspx?gameDate=20230927&gameId=20230927KTLG2
2023-09-27,2023,SSG,두산,home,7,7,문학,D,completed,20230927OBSK1,https://www.koreabaseball.com/Schedule/GameCenter/Main.aspx?gameDate=20230927&gameId=20230927OBSK1
2023-09-27,2023,두산,SSG,away,7,7,문학,D,completed,20230927OBSK1,https://www.koreabaseball.com/Schedule/GameCenter/Main.aspx?gameDate=20230927&gameId=20230927OBSK1
2023-09-27,2023,SSG,두산,home,6,3,문학,W,completed,20230927OBSK2,https://www.koreabaseball.com/Schedule/GameCenter/Main.aspx?gameDate=20230927&gameId=20230927OBSK2
2023-09-27,2023,두산,SSG,away,3,6,문학,L,completed,20230927OBSK2,https://www.koreabaseball.com/Schedule/GameCenter/Main.aspx?gameDate=20230927&gameId=20230927OBSK2
2023-09-27,2023,삼성,한화,away,11,3,한밭,W,completed,20230927SSHH1,https://www.koreabaseball.com/Schedule/GameCenter/Main.aspx?gameDate=20230927&gameId=20230927SSHH1
2023-09-27,2023,한화,삼성,home,3,11,한밭,L,completed,20230927SSHH1,https://www.koreabaseball.com/Schedule/GameCenter/Main.aspx?gameDate=20230927&gameId=20230927SSHH1
2023-09-27,2023,삼성,한화,away,0,4,한밭,L,completed,20230927SSHH2,https://www.koreabaseball.com/Schedule/GameCenter/Main.aspx?gameDate=20230927&gameId=20230927SSHH2
2023-09-27,2023,한화,삼성,home,4,0,한밭,W,completed,20230927SSHH2,https://www.koreabaseball.com/Schedule/GameCenter/Main.aspx?gameDate=20230927&gameId=20230927SSHH2
2023-09-28,2023,롯데,한화,home,3,0,사직,W,completed,20230928HHLT0,https://www.koreabaseball.com/Schedule/GameCenter/Main.aspx?gameDate=20230928&gameId=20230928HHLT0
2023-09-28,2023,한화,롯데,away,0,3,사직,L,completed,20230928HHLT0,https://www.koreabaseball.com/Schedule/GameCenter/Main.aspx?gameDate=20230928&gameId=20230928HHLT0
2023-09-28,2023,KIA,NC,away,3,18,창원,L,completed,20230928HTNC0,https://www.koreabaseball.com/Schedule/GameCenter/Main.aspx?gameDate=20230928&gameId=20230928HTNC0
2023-09-28,2023,NC,KIA,home,18,3,창원,W,completed,20230928HTNC0,https://www.koreabaseball.com/Schedule/GameCenter/Main.aspx?gameDate=20230928&gameId=20230928HTNC0
2023-09-28,2023,SSG,키움,away,2,4,고척,L,completed,20230928SKWO0,https://www.koreabaseball.com/Schedule/GameCenter/Main.aspx?gameDate=20230928&gameId=20230928SKWO0
2023-09-28,2023,키움,SSG,home,4,2,고척,W,completed,20230928SKWO0,https://www.koreabaseball.com/Schedule/GameCenter/Main.aspx?gameDate=20230928&gameId=20230928SKWO0
2023-09-28,2023,LG,삼성,home,1,11,잠실,L,completed,20230928SSLG0,https://www.koreabaseball.com/Schedule/GameCenter/Main.aspx?gameDate=20230928&gameId=20230928SSLG0
2023-09-28,2023,삼성,LG,away,11,1,잠실,W,completed,20230928SSLG0,https://www.koreabaseball.com/Schedule/GameCenter/Main.aspx?gameDate=20230928&gameId=20230928SSLG0
2023-09-29,2023,롯데,한화,home,9,1,사직,W,completed,20230929HHLT0,https://www.koreabaseball.com/Schedule/GameCenter/Main.aspx?gameDate=20230929&gameId=20230929HHLT0
2023-09-29,2023,한화,롯데,away,1,9,사직,L,completed,20230929HHLT0,https://www.koreabaseball.com/Schedule/GameCenter/Main.aspx?gameDate=20230929&gameId=20230929HHLT0
2023-09-29,2023,KIA,키움,away,13,5,고척,W,completed,20230929HTWO0,https://www.koreabaseball.com/Schedule/GameCenter/Main.aspx?gameDate=20230929&gameId=20230929HTWO0
2023-09-29,2023,키움,KIA,home,5,13,고척,L,completed,20230929HTWO0,https://www.koreabaseball.com/Schedule/GameCenter/Main.aspx?gameDate=20230929&gameId=20230929HTWO0
2023-09-29,2023,LG,두산,away,3,4,잠실,L,completed,20230929LGOB0,https://www.koreabaseball.com/Schedule/GameCenter/Main.aspx?gameDate=20230929&gameId=20230929LGOB0
2023-09-29,2023,두산,LG,home,4,3,잠실,W,completed,20230929LGOB0,https://www.koreabaseball.com/Schedule/GameCenter/Main.aspx?gameDate=20230929&gameId=20230929LGOB0
2023-09-30,2023,KIA,SSG,away,3,4,문학,L,completed,20230930HTSK0,https://www.koreabaseball.com/Schedule/GameCenter/Main.aspx?gameDate=20230930&gameId=20230930HTSK0
2023-09-30,2023,SSG,KIA,home,4,3,문학,W,completed,20230930HTSK0,https://www.koreabaseball.com/Schedule/GameCenter/Main.aspx?gameDate=20230930&gameId=20230930HTSK0
2023-09-30,2023,LG,두산,away,1,3,잠실,L,completed,20230930LGOB0,https://www.koreabaseball.com/Schedule/GameCenter/Main.aspx?gameDate=20230930&gameId=20230930LGOB0
2023-09-30,2023,두산,LG,home,3,1,잠실,W,completed,20230930LGOB0,https://www.koreabaseball.com/Schedule/GameCenter/Main.aspx?gameDate=20230930&gameId=20230930LGOB0
2023-09-30,2023,NC,삼성,away,1,3,대구,L,completed,20230930NCSS0,https://www.koreabaseball.com/Schedule/GameCenter/Main.aspx?gameDate=20230930&gameId=20230930NCSS0
2023-09-30,2023,삼성,NC,home,3,1,대구,W,completed,20230930NCSS0,https://www.koreabaseball.com/Schedule/GameCenter/Main.aspx?gameDate=20230930&gameId=20230930NCSS0
2023-10-01,2023,KIA,SSG,away,5,6,문학,L,completed,20231001HTSK0,https://www.koreabaseball.com/Schedule/GameCenter/Main.aspx?gameDate=20231001&gameId=20231001HTSK0
2023-10-01,2023,SSG,KIA,home,6,5,문학,W,completed,20231001HTSK0,https://www.koreabaseball.com/Schedule/GameCenter/Main.aspx?gameDate=20231001&gameId=20231001HTSK0
2023-10-01,2023,LG,두산,away,7,4,잠실,W,completed,20231001LGOB0,https://www.koreabaseball.com/Schedule/GameCenter/Main.aspx?gameDate=20231001&gameId=20231001LGOB0
2023-10-01,2023,두산,LG,home,4,7,잠실,L,completed,20231001LGOB0,https://www.koreabaseball.com/Schedule/GameCenter/Main.aspx?gameDate=20231001&gameId=20231001LGOB0
2023-10-01,2023,NC,한화,away,3,4,한밭,L,completed,20231001NCHH0,https://www.koreabaseball.com/Schedule/GameCenter/Main.aspx?gameDate=20231001&gameId=20231001NCHH0
2023-10-01,2023,한화,NC,home,4,3,한밭,W,completed,20231001NCHH0,https://www.koreabaseball.com/Schedule/GameCenter/Main.aspx?gameDate=20231001&gameId=20231001NCHH0
2023-10-01,2023,롯데,삼성,home,8,5,사직,W,completed,20231001SSLT0,https://www.koreabaseball.com/Schedule/GameCenter/Main.aspx?gameDate=20231001&gameId=20231001SSLT0
2023-10-01,2023,삼성,롯데,away,5,8,사직,L,completed,20231001SSLT0,https://www.koreabaseball.com/Schedule/GameCenter/Main.aspx?gameDate=20231001&gameId=20231001SSLT0
2023-10-01,2023,KT,키움,home,6,3,수원,W,completed,20231001WOKT0,https://www.koreabaseball.com/Schedule/GameCenter/Main.aspx?gameDate=20231001&gameId=20231001WOKT0
2023-10-01,2023,키움,KT,away,3,6,수원,L,completed,20231001WOKT0,https://www.koreabaseball.com/Schedule/GameCenter/Main.aspx?gameDate=20231001&gameId=20231001WOKT0
2023-10-02,2023,KT,LG,home,4,5,수원,L,completed,20231002LGKT0,https://www.koreabaseball.com/Schedule/GameCenter/Main.aspx?gameDate=20231002&gameId=20231002LGKT0
2023-10-02,2023,LG,KT,away,5,4,수원,W,completed,20231002LGKT0,https://www.koreabaseball.com/Schedule/GameCenter/Main.aspx?gameDate=20231002&gameId=20231002LGKT0
2023-10-02,2023,NC,한화,away,0,10,한밭,L,completed,20231002NCHH0,https://www.koreabaseball.com/Schedule/GameCenter/Main.aspx?gameDate=20231002&gameId=20231002NCHH0
2023-10-02,2023,한화,NC,home,10,0,한밭,W,completed,20231002NCHH0,https://www.koreabaseball.com/Schedule/GameCenter/Main.aspx?gameDate=20231002&gameId=20231002NCHH0
2023-10-02,2023,롯데,삼성,home,8,9,사직,L,completed,20231002SSLT1,https://www.koreabaseball.com/Schedule/GameCenter/Main.aspx?gameDate=20231002&gameId=20231002SSLT1
2023-10-02,2023,삼성,롯데,away,9,8,사직,W,completed,20231002SSLT1,https://www.koreabaseball.com/Schedule/GameCenter/Main.aspx?gameDate=20231002&gameId=20231002SSLT1
2023-10-02,2023,롯데,삼성,home,6,8,사직,L,completed,20231002SSLT2,https://www.koreabaseball.com/Schedule/GameCenter/Main.aspx?gameDate=20231002&gameId=20231002SSLT2
2023-10-02,2023,삼성,롯데,away,8,6,사직,W,completed,20231002SSLT2,https://www.koreabaseball.com/Schedule/GameCenter/Main.aspx?gameDate=20231002&gameId=20231002SSLT2
2023-10-02,2023,두산,키움,home,7,2,잠실,W,completed,20231002WOOB0,https://www.koreabaseball.com/Schedule/GameCenter/Main.aspx?gameDate=20231002&gameId=20231002WOOB0
2023-10-02,2023,키움,두산,away,2,7,잠실,L,completed,20231002WOOB0,https://www.koreabaseball.com/Schedule/GameCenter/Main.aspx?gameDate=20231002&gameId=20231002WOOB0
2023-10-03,2023,KIA,KT,away,3,1,수원,W,completed,20231003HTKT0,https://www.koreabaseball.com/Schedule/GameCenter/Main.aspx?gameDate=20231003&gameId=20231003HTKT0
2023-10-03,2023,KT,KIA,home,1,3,수원,L,completed,20231003HTKT0,https://www.koreabaseball.com/Schedule/GameCenter/Main.aspx?gameDate=20231003&gameId=20231003HTKT0
2023-10-03,2023,NC,SSG,away,7,9,문학,L,completed,20231003NCSK0,https://www.koreabaseball.com/Schedule/GameCenter/Main.aspx?gameDate=20231003&gameId=20231003NCSK0
2023-10-03,2023,SSG,NC,home,9,7,문학,W,completed,20231003NCSK0,https://www.koreabaseball.com/Schedule/GameCenter/Main.aspx?gameDate=20231003&gameId=20231003NCSK0
2023-10-03,2023,롯데,삼성,home,10,4,사직,W,completed,20231003SSLT0,https://www.koreabaseball.com/Schedule/GameCenter/Main.aspx?gameDate=20231003&gameId=20231003SSLT0
2023-10-03,2023,삼성,롯데,away,4,10,사직,L,completed,20231003SSLT0,https://www.koreabaseball.com/Schedule/GameCenter/Main.aspx?gameDate=20231003&gameId=20231003SSLT0
2023-10-03,2023,두산,키움,home,5,6,잠실,L,completed,20231003WOOB0,https://www.koreabaseball.com/Schedule/GameCenter/Main.aspx?gameDate=20231003&gameId=20231003WOOB0
2023-10-03,2023,키움,두산,away,6,5,잠실,W,completed,20231003WOOB0,https://www.koreabaseball.com/Schedule/GameCenter/Main.aspx?gameDate=20231003&gameId=20231003WOOB0
2023-10-04,2023,삼성,한화,home,7,11,대구,L,completed,20231004HHSS0,https://www.koreabaseball.com/Schedule/GameCenter/Main.aspx?gameDate=20231004&gameId=20231004HHSS0
2023-10-04,2023,한화,삼성,away,11,7,대구,W,completed,20231004HHSS0,https://www.koreabaseball.com/Schedule/GameCenter/Main.aspx?gameDate=20231004&gameId=20231004HHSS0
2023-10-04,2023,KIA,KT,away,10,2,수원,W,completed,20231004HTKT1,https://www.koreabaseball.com/Schedule/GameCenter/Main.aspx?gameDate=20231004&gameId=20231004HTKT1
2023-10-04,2023,KT,KIA,home,2,10,수원,L,completed,20231004HTKT1,https://www.koreabaseball.com/Schedule/GameCenter/Main.aspx?gameDate=20231004&gameId=20231004HTKT1
2023-10-04,2023,KIA,KT,away,2,3,수원,L,completed,20231004HTKT2,https://www.koreabaseball.com/Schedule/GameCenter/Main.aspx?gameDate=20231004&gameId=20231004HTKT2
2023-10-04,2023,KT,KIA,home,3,2,수원,W,completed,20231004HTKT2,https://www.koreabaseball.com/Schedule/GameCenter/Main.aspx?gameDate=20231004&gameId=20231004HTKT2
2023-10-04,2023,LG,롯데,away,7,6,사직,W,completed,20231004LGLT0,https://www.koreabaseball.com/Schedule/GameCenter/Main.aspx?gameDate=20231004&gameId=20231004LGLT0
2023-10-04,2023,롯데,LG,home,6,7,사직,L,completed,20231004LGLT0,https://www.koreabaseball.com/Schedule/GameCenter/Main.aspx?gameDate=20231004&gameId=20231004LGLT0
2023-10-04,2023,NC,SSG,away,5,10,문학,L,completed,20231004NCSK0,https://www.koreabaseball.com/Schedule/GameCenter/Main.aspx?gameDate=20231004&gameId=20231004NCSK0
2023-10-04,2023,SSG,NC,home,10,5,문학,W,completed,20231004NCSK0,https://www.koreabaseball.com/Schedule/GameCenter/Main.aspx?gameDate=20231004&gameId=20231004NCSK0
2023-10-05,2023,삼성,한화,home,3,1,대구,W,completed,20231005HHSS0,https://www.koreabaseball.com/Schedule/GameCenter/Main.aspx?gameDate=20231005&gameId=20231005HHSS0
2023-10-05,2023,한화,삼성,away,1,3,대구,L,completed,20231005HHSS0,https://www.koreabaseball.com/Schedule/GameCenter/Main.aspx?gameDate=20231005&gameId=20231005HHSS0
2023-10-05,2023,KIA,KT,away,3,5,수원,L,completed,20231005HTKT0,https://www.koreabaseball.com/Schedule/GameCenter/Main.aspx?gameDate=20231005&gameId=20231005HTKT0
2023-10-05,2023,KT,KIA,home,5,3,수원,W,completed,20231005HTKT0,https://www.koreabaseball.com/Schedule/GameCenter/Main.aspx?gameDate=20231005&gameId=20231005HTKT0
2023-10-05,2023,LG,롯데,away,5,3,사직,W,completed,20231005LGLT0,https://www.koreabaseball.com/Schedule/GameCenter/Main.aspx?gameDate=20231005&gameId=20231005LGLT0
2023-10-05,2023,롯데,LG,home,3,5,사직,L,completed,20231005LGLT0,https://www.koreabaseball.com/Schedule/GameCenter/Main.aspx?gameDate=20231005&gameId=20231005LGLT0
2023-10-05,2023,NC,SSG,away,3,4,문학,L,completed,20231005NCSK0,https://www.koreabaseball.com/Schedule/GameCenter/Main.aspx?gameDate=20231005&gameId=20231005NCSK0
2023-10-05,2023,SSG,NC,home,4,3,문학,W,completed,20231005NCSK0,https://www.koreabaseball.com/Schedule/GameCenter/Main.aspx?gameDate=20231005&gameId=20231005NCSK0
2023-10-06,2023,SSG,한화,home,7,2,문학,W,completed,20231006HHSK0,https://www.koreabaseball.com/Schedule/GameCenter/Main.aspx?gameDate=20231006&gameId=20231006HHSK0
2023-10-06,2023,한화,SSG,away,2,7,문학,L,completed,20231006HHSK0,https://www.koreabaseball.com/Schedule/GameCenter/Main.aspx?gameDate=20231006&gameId=20231006HHSK0
2023-10-06,2023,KIA,LG,away,3,2,잠실,W,completed,20231006HTLG0,https://www.koreabaseball.com/Schedule/GameCenter/Main.aspx?gameDate=20231006&gameId=20231006HTLG0
2023-10-06,2023,LG,KIA,home,2,3,잠실,L,completed,20231006HTLG0,https://www.koreabaseball.com/Schedule/GameCenter/Main.aspx?gameDate=20231006&gameId=20231006HTLG0
2023-10-06,2023,KT,삼성,home,2,6,수원,L,completed,20231006SSKT0,https://www.koreabaseball.com/Schedule/GameCenter/Main.aspx?gameDate=20231006&gameId=20231006SSKT0
2023-10-06,2023,삼성,KT,away,6,2,수원,W,completed,20231006SSKT0,https://www.koreabaseball.com/Schedule/GameCenter/Main.aspx?gameDate=20231006&gameId=20231006SSKT0
2023-10-07,2023,KT,한화,home,17,0,수원,W,completed,20231007HHKT0,https://www.koreabaseball.com/Schedule/GameCenter/Main.aspx?gameDate=20231007&gameId=20231007HHKT0
2023-10-07,2023,한화,KT,away,0,17,수원,L,completed,20231007HHKT0,https://www.koreabaseball.com/Schedule/GameCenter/Main.aspx?gameDate=20231007&gameId=20231007HHKT0
2023-10-07,2023,LG,키움,away,1,7,고척,L,completed,20231007LGWO0,https://www.koreabaseball.com/Schedule/GameCenter/Main.aspx?gameDate=20231007&gameId=20231007LGWO0
2023-10-07,2023,키움,LG,home,7,1,고척,W,completed,20231007LGWO0,https://www.koreabaseball.com/Schedule/GameCenter/Main.aspx?gameDate=20231007&gameId=20231007LGWO0
2023-10-07,2023,두산,롯데,home,3,6,잠실,L,completed,20231007LTOB0,https://www.koreabaseball.com/Schedule/GameCenter/Main.aspx?gameDate=20231007&gameId=20231007LTOB0
2023-10-07,2023,롯데,두산,away,6,3,잠실,W,completed,20231007LTOB0,https://www.koreabaseball.com/Schedule/GameCenter/Main.aspx?gameDate=20231007&gameId=20231007LTOB0
2023-10-07,2023,NC,SSG,home,3,2,창원,W,completed,20231007SKNC0,https://www.koreabaseball.com/Schedule/GameCenter/Main.aspx?gameDate=20231007&gameId=20231007SKNC0
2023-10-07,2023,SSG,NC,away,2,3,창원,L,completed,20231007SKNC0,https://www.koreabaseball.com/Schedule/GameCenter/Main.aspx?gameDate=20231007&gameId=20231007SKNC0
2023-10-08,2023,KT,한화,home,9,2,수원,W,completed,20231008HHKT0,https://www.koreabaseball.com/Schedule/GameCenter/Main.aspx?gameDate=20231008&gameId=20231008HHKT0
2023-10-08,2023,한화,KT,away,2,9,수원,L,completed,20231008HHKT0,https://www.koreabaseball.com/Schedule/GameCenter/Main.aspx?gameDate=20231008&gameId=20231008HHKT0
2023-10-08,2023,두산,롯데,home,2,1,잠실,W,completed,20231008LTOB0,https://www.koreabaseball.com/Schedule/GameCenter/Main.aspx?gameDate=20231008&gameId=20231008LTOB0
2023-10-08,2023,롯데,두산,away,1,2,잠실,L,completed,20231008LTOB0,https://www.koreabaseball.com/Schedule/GameCenter/Main.aspx?gameDate=20231008&gameId=20231008LTOB0
2023-10-08,2023,NC,SSG,home,8,10,창원,L,completed,20231008SKNC0,https://www.koreabaseball.com/Schedule/GameCenter/Main.aspx?gameDate=20231008&gameId=20231008SKNC0
2023-10-08,2023,SSG,NC,away,10,8,창원,W,completed,20231008SKNC0,https://www.koreabaseball.com/Schedule/GameCenter/Main.aspx?gameDate=20231008&gameId=20231008SKNC0
2023-10-08,2023,KIA,삼성,home,2,1,광주,W,completed,20231008SSHT0,https://www.koreabaseball.com/Schedule/GameCenter/Main.aspx?gameDate=20231008&gameId=20231008SSHT0
2023-10-08,2023,삼성,KIA,away,1,2,광주,L,completed,20231008SSHT0,https://www.koreabaseball.com/Schedule/GameCenter/Main.aspx?gameDate=20231008&gameId=20231008SSHT0
2023-10-09,2023,NC,한화,home,11,6,창원,W,completed,20231009HHNC0,https://www.koreabaseball.com/Schedule/GameCenter/Main.aspx?gameDate=20231009&gameId=20231009HHNC0
2023-10-09,2023,한화,NC,away,6,11,창원,L,completed,20231009HHNC0,https://www.koreabaseball.com/Schedule/GameCenter/Main.aspx?gameDate=20231009&gameId=20231009HHNC0
2023-10-09,2023,LG,롯데,home,1,8,잠실,L,completed,20231009LTLG0,https://www.koreabaseball.com/Schedule/GameCenter/Main.aspx?gameDate=20231009&gameId=20231009LTLG0
2023-10-09,2023,롯데,LG,away,8,1,잠실,W,completed,20231009LTLG0,https://www.koreabaseball.com/Schedule/GameCenter/Main.aspx?gameDate=20231009&gameId=20231009LTLG0
2023-10-09,2023,KIA,삼성,home,3,1,광주,W,completed,20231009SSHT0,https://www.koreabaseball.com/Schedule/GameCenter/Main.aspx?gameDate=20231009&gameId=20231009SSHT0
2023-10-09,2023,삼성,KIA,away,1,3,광주,L,completed,20231009SSHT0,https://www.koreabaseball.com/Schedule/GameCenter/Main.aspx?gameDate=20231009&gameId=20231009SSHT0
2023-10-10,2023,NC,한화,home,2,0,창원,W,completed,20231010HHNC0,https://www.koreabaseball.com/Schedule/GameCenter/Main.aspx?gameDate=20231010&gameId=20231010HHNC0
2023-10-10,2023,한화,NC,away,0,2,창원,L,completed,20231010HHNC0,https://www.koreabaseball.com/Schedule/GameCenter/Main.aspx?gameDate=20231010&gameId=20231010HHNC0
2023-10-10,2023,LG,롯데,home,7,0,잠실,W,completed,20231010LTLG0,https://www.koreabaseball.com/Schedule/GameCenter/Main.aspx?gameDate=20231010&gameId=20231010LTLG0
2023-10-10,2023,롯데,LG,away,0,7,잠실,L,completed,20231010LTLG0,https://www.koreabaseball.com/Schedule/GameCenter/Main.aspx?gameDate=20231010&gameId=20231010LTLG0
2023-10-10,2023,KT,두산,home,5,4,수원,W,completed,20231010OBKT0,https://www.koreabaseball.com/Schedule/GameCenter/Main.aspx?gameDate=20231010&gameId=20231010OBKT0
2023-10-10,2023,두산,KT,away,4,5,수원,L,completed,20231010OBKT0,https://www.koreabaseball.com/Schedule/GameCenter/Main.aspx?gameDate=20231010&gameId=20231010OBKT0
2023-10-10,2023,KIA,SSG,home,5,6,광주,L,completed,20231010SKHT0,https://www.koreabaseball.com/Schedule/GameCenter/Main.aspx?gameDate=20231010&gameId=20231010SKHT0
2023-10-10,2023,SSG,KIA,away,6,5,광주,W,completed,20231010SKHT0,https://www.koreabaseball.com/Schedule/GameCenter/Main.aspx?gameDate=20231010&gameId=20231010SKHT0
2023-10-10,2023,삼성,키움,away,3,5,고척,L,completed,20231010SSWO0,https://www.koreabaseball.com/Schedule/GameCenter/Main.aspx?gameDate=20231010&gameId=20231010SSWO0
2023-10-10,2023,키움,삼성,home,5,3,고척,W,completed,20231010SSWO0,https://www.koreabaseball.com/Schedule/GameCenter/Main.aspx?gameDate=20231010&gameId=20231010SSWO0
2023-10-11,2023,두산,롯데,away,3,14,사직,L,completed,20231011OBLT0,https://www.koreabaseball.com/Schedule/GameCenter/Main.aspx?gameDate=20231011&gameId=20231011OBLT0
2023-10-11,2023,롯데,두산,home,14,3,사직,W,completed,20231011OBLT0,https://www.koreabaseball.com/Schedule/GameCenter/Main.aspx?gameDate=20231011&gameId=20231011OBLT0
2023-10-11,2023,KIA,키움,home,11,0,광주,W,completed,20231011WOHT0,https://www.koreabaseball.com/Schedule/GameCenter/Main.aspx?gameDate=20231011&gameId=20231011WOHT0
2023-10-11,2023,키움,KIA,away,0,11,광주,L,completed,20231011WOHT0,https://www.koreabaseball.com/Schedule/GameCenter/Main.aspx?gameDate=20231011&gameId=20231011WOHT0
2023-10-12,2023,KIA,롯데,home,6,5,광주,W,completed,20231012LTHT0,https://www.koreabaseball.com/Schedule/GameCenter/Main.aspx?gameDate=20231012&gameId=20231012LTHT0
2023-10-12,2023,롯데,KIA,away,5,6,광주,L,completed,20231012LTHT0,https://www.koreabaseball.com/Schedule/GameCenter/Main.aspx?gameDate=20231012&gameId=20231012LTHT0
2023-10-12,2023,NC,두산,away,1,11,잠실,L,completed,20231012NCOB0,https://www.koreabaseball.com/Schedule/GameCenter/Main.aspx?gameDate=20231012&gameId=20231012NCOB0
2023-10-12,2023,두산,NC,home,11,1,잠실,W,completed,20231012NCOB0,https://www.koreabaseball.com/Schedule/GameCenter/Main.aspx?gameDate=20231012&gameId=20231012NCOB0
2023-10-13,2023,KIA,두산,away,1,3,잠실,L,completed,20231013HTOB0,https://www.koreabaseball.com/Schedule/GameCenter/Main.aspx?gameDate=20231013&gameId=20231013HTOB0
2023-10-13,2023,두산,KIA,home,3,1,잠실,W,completed,20231013HTOB0,https://www.koreabaseball.com/Schedule/GameCenter/Main.aspx?gameDate=20231013&gameId=20231013HTOB0
2023-10-13,2023,LG,NC,away,4,8,창원,L,completed,20231013LGNC0,https://www.koreabaseball.com/Schedule/GameCenter/Main.aspx?gameDate=20231013&gameId=20231013LGNC0
2023-10-13,2023,NC,LG,home,8,4,창원,W,completed,20231013LGNC0,https://www.koreabaseball.com/Schedule/GameCenter/Main.aspx?gameDate=20231013&gameId=20231013LGNC0
2023-10-13,2023,SSG,키움,home,3,2,문학,W,completed,20231013WOSK0,https://www.koreabaseball.com/Schedule/GameCenter/Main.aspx?gameDate=20231013&gameId=20231013WOSK0
2023-10-13,2023,키움,SSG,away,2,3,문학,L,completed,20231013WOSK0,https://www.koreabaseball.com/Schedule/GameCenter/Main.aspx?gameDate=20231013&gameId=20231013WOSK0
2023-10-14,2023,롯데,한화,away,0,8,한밭,L,completed,20231014LTHH0,https://www.koreabaseball.com/Schedule/GameCenter/Main.aspx?gameDate=20231014&gameId=20231014LTHH0
2023-10-14,2023,한화,롯데,home,8,0,한밭,W,completed,20231014LTHH0,https://www.koreabaseball.com/Schedule/GameCenter/Main.aspx?gameDate=20231014&gameId=20231014LTHH0
2023-10-14,2023,LG,두산,home,2,3,잠실,L,completed,20231014OBLG0,https://www.koreabaseball.com/Schedule/GameCenter/Main.aspx?gameDate=20231014&gameId=20231014OBLG0
2023-10-14,2023,두산,LG,away,3,2,잠실,W,completed,20231014OBLG0,https://www.koreabaseball.com/Schedule/GameCenter/Main.aspx?gameDate=20231014&gameId=20231014OBLG0
2023-10-14,2023,SSG,삼성,away,3,5,대구,L,completed,20231014SKSS0,https://www.koreabaseball.com/Schedule/GameCenter/Main.aspx?gameDate=20231014&gameId=20231014SKSS0
2023-10-14,2023,삼성,SSG,home,5,3,대구,W,completed,20231014SKSS0,https://www.koreabaseball.com/Schedule/GameCenter/Main.aspx?gameDate=20231014&gameId=20231014SKSS0
2023-10-15,2023,롯데,한화,away,4,7,한밭,L,completed,20231015LTHH0,https://www.koreabaseball.com/Schedule/GameCenter/Main.aspx?gameDate=20231015&gameId=20231015LTHH0
2023-10-15,2023,한화,롯데,home,7,4,한밭,W,completed,20231015LTHH0,https://www.koreabaseball.com/Schedule/GameCenter/Main.aspx?gameDate=20231015&gameId=20231015LTHH0
2023-10-15,2023,LG,두산,home,5,2,잠실,W,completed,20231015OBLG0,https://www.koreabaseball.com/Schedule/GameCenter/Main.aspx?gameDate=20231015&gameId=20231015OBLG0
2023-10-15,2023,두산,LG,away,2,5,잠실,L,completed,20231015OBLG0,https://www.koreabaseball.com/Schedule/GameCenter/Main.aspx?gameDate=20231015&gameId=20231015OBLG0
2023-10-15,2023,NC,삼성,home,5,3,창원,W,completed,20231015SSNC0,https://www.koreabaseball.com/Schedule/GameCenter/Main.aspx?gameDate=20231015&gameId=20231015SSNC0
2023-10-15,2023,삼성,NC,away,3,5,창원,L,completed,20231015SSNC0,https://www.koreabaseball.com/Schedule/GameCenter/Main.aspx?gameDate=20231015&gameId=20231015SSNC0
2023-10-16,2023,롯데,한화,away,7,2,한밭,W,completed,20231016LTHH0,https://www.koreabaseball.com/Schedule/GameCenter/Main.aspx?gameDate=20231016&gameId=20231016LTHH0
2023-10-16,2023,한화,롯데,home,2,7,한밭,L,completed,20231016LTHH0,https://www.koreabaseball.com/Schedule/GameCenter/Main.aspx?gameDate=20231016&gameId=20231016LTHH0
2023-10-16,2023,KIA,NC,home,4,2,광주,W,completed,20231016NCHT0,https://www.koreabaseball.com/Schedule/GameCenter/Main.aspx?gameDate=20231016&gameId=20231016NCHT0
2023-10-16,2023,NC,KIA,away,2,4,광주,L,completed,20231016NCHT0,https://www.koreabaseball.com/Schedule/GameCenter/Main.aspx?gameDate=20231016&gameId=20231016NCHT0
2023-10-16,2023,SSG,두산,away,3,2,잠실,W,completed,20231016SKOB0,https://www.koreabaseball.com/Schedule/GameCenter/Main.aspx?gameDate=20231016&gameId=20231016SKOB0
2023-10-16,2023,두산,SSG,home,2,3,잠실,L,completed,20231016SKOB0,https://www.koreabaseball.com/Schedule/GameCenter/Main.aspx?gameDate=20231016&gameId=20231016SKOB0
2023-10-17,2023,KIA,NC,home,7,1,광주,W,completed,20231017NCHT0,https://www.koreabaseball.com/Schedule/GameCenter/Main.aspx?gameDate=20231017&gameId=20231017NCHT0
2023-10-17,2023,NC,KIA,away,1,7,광주,L,completed,20231017NCHT0,https://www.koreabaseball.com/Schedule/GameCenter/Main.aspx?gameDate=20231017&gameId=20231017NCHT0
2023-10-17,2023,SSG,두산,home,5,0,문학,W,completed,20231017OBSK0,https://www.koreabaseball.com/Schedule/GameCenter/Main.aspx?gameDate=20231017&gameId=20231017OBSK0
2023-10-17,2023,두산,SSG,away,0,5,문학,L,completed,20231017OBSK0,https://www.koreabaseball.com/Schedule/GameCenter/Main.aspx?gameDate=20231017&gameId=20231017OBSK0
