date,season,team,opponent,home_away,runs_for,runs_against,stadium,result,status,game_id,source_url
2025-03-22,2025,KT,한화,home,3,4,수원,L,completed,20250322HHKT0,https://www.koreabaseball.com/Schedule/GameCenter/Main.aspx?gameDate=20250322&gameId=20250322HHKT0
2025-03-22,2025,한화,KT,away,4,3,수원,W,completed,20250322HHKT0,https://www.koreabaseball.com/Schedule/GameCenter/Main.aspx?gameDate=20250322&gameId=20250322HHKT0
2025-03-22,2025,LG,롯데,home,12,2,잠실,W,completed,20250322LTLG0,https://www.koreabaseball.com/Schedule/GameCenter/Main.aspx?gameDate=20250322&gameId=20250322LTLG0
2025-03-22,2025,롯데,LG,away,2,12,잠실,L,completed,20250322LTLG0,https://www.koreabaseball.com/Schedule/GameCenter/Main.aspx?gameDate=20250322&gameId=20250322LTLG0
2025-03-22,2025,KIA,NC,home,9,2,광주,W,completed,20250322NCHT0,https://www.koreabaseball.com/Schedule/GameCenter/Main.aspx?gameDate=20250322&gameId=20250322NCHT0
2025-03-22,2025,NC,KIA,away,2,9,광주,L,completed,20250322NCHT0,https://www.koreabaseball.com/Schedule/GameCenter/Main.aspx?gameDate=20250322&gameId=20250322NCHT0
2025-03-22,2025,SSG,두산,home,6,5,문학,W,completed,20250322OBSK0,https://www.koreabaseball.com/Schedule/GameCenter/Main.aspx?gameDate=20250322&gameId=20250322OBSK0
2025-03-22,2025,두산,SSG,away,5,6,문학,L,completed,20250322OBSK0,https://www.koreabaseball.com/Schedule/GameCenter/Main.aspx?gameDate=20250322&gameId=20250322OBSK0
2025-03-22,2025,삼성,키움,home,13,5,대구,W,completed,20250322WOSS0,https://www.koreabaseball.com/Schedule/GameCenter/Main.aspx?gameDate=20250322&gameId=20250322WOSS0
2025-03-22,2025,키움,삼성,away,5,13,대구,L,completed,20250322WOSS0,https://www.koreabaseball.com/Schedule/GameCenter/Main.aspx?gameDate=20250322&gameId=20250322WOSS0
2025-03-23,2025,KT,한화,home,5,4,수원,W,completed,20250323HHKT0,https://www.koreabaseball.com/Schedule/GameCenter/Main.aspx?gameDate=20250323&gameId=20250323HHKT0
2025-03-23,2025,한화,KT,away,4,5,수원,L,completed,20250323HHKT0,https://www.koreabaseball.com/Schedule/GameCenter/Main.aspx?gameDate=20250323&gameId=20250323HHKT0
2025-03-23,2025,LG,롯데,home,10,2,잠실,W,completed,20250323LTLG0,https://www.koreabaseball.com/Schedule/GameCenter/Main.aspx?gameDate=20250323&gameId=20250323LTLG0
2025-03-23,2025,롯데,LG,away,2,10,잠실,L,completed,20250323LTLG0,https://www.koreabaseball.com/Schedule/GameCenter/Main.aspx?gameDate=20250323&gameId=20250323LTLG0
2025-03-23,2025,KIA,NC,home,4,5,광주,L,completed,20250323NCHT0,https://www.koreabaseball.com/Schedule/GameCenter/Main.aspx?gameDate=20250323&gameId=20250323NCHT0
2025-03-23,2025,NC,KIA,away,5,4,광주,W,completed,20250323NCHT0,https://www.koreabaseball.com/Schedule/GameCenter/Main.aspx?gameDate=20250323&gameId=20250323NCHT0
2025-03-23,2025,SSG,두산,home,5,2,문학,W,completed,20250323OBSK0,https://www.koreabaseball.com/Schedule/GameCenter/Main.aspx?gameDate=20250323&gameId=20250323OBSK0
2025-03-23,2025,두산,SSG,away,2,5,문학,L,completed,20250323OBSK0,https://www.koreabaseball.com/Schedule/GameCenter/Main.aspx?gameDate=20250323&gameId=20250323OBSK0
2025-03-23,2025,삼성,키움,home,11,7,대구,W,completed,20250323WOSS0,https://www.koreabaseball.com/Schedule/GameCenter/Main.aspx?gameDate=20250323&gameId=20250323WOSS0
2025-03-23,2025,키움,삼성,away,7,11,대구,L,completed,20250323WOSS0,https://www.koreabaseball.com/Schedule/GameCenter/Main.aspx?gameDate=20250323&gameId=20250323WOSS0
2025-03-25,2025,LG,한화,home,5,0,잠실,W,completed,20250325HHLG0,https://www.koreabaseball.com/Schedule/GameCenter/Main.aspx?gameDate=20250325&gameId=20250325HHLG0
2025-03-25,2025,한화,LG,away,0,5,잠실,L,completed,20250325HHLG0,https://www.koreabaseball.com/Schedule/GameCenter/Main.aspx?gameDate=20250325&gameId=20250325HHLG0
2025-03-25,2025,SSG,롯데,home,2,3,문학,L,completed,20250325LTSK0,https://www.koreabaseball.com/Schedule/GameCenter/Main.aspx?gameDate=20250325&gameId=20250325LTSK0
2025-03-25,2025,롯데,SSG,away,3,2,문학,W,completed,20250325LTSK0,https://www.koreabaseball.com/Schedule/GameCenter/Main.aspx?gameDate=20250325&gameId=20250325LTSK0
2025-03-25,2025,NC,삼성,away,5,14,대구,L,completed,20250325NCSS0,https://www.koreabaseball.com/Schedule/GameCenter/Main.aspx?gameDate=20250325&gameId=20250325NCSS0
2025-03-25,2025,삼성,NC,home,14,5,대구,W,completed,20250325NCSS0,https://www.koreabaseball.com/Schedule/GameCenter/Main.aspx?gameDate=20250325&gameId=20250325NCSS0
2025-03-25,2025,KT,두산,home,8,3,수원,W,completed,20250325OBKT0,https://www.koreabaseball.com/Schedule/GameCenter/Main.aspx?gameDate=20250325&gameId=20250325OBKT0
2025-03-25,2025,두산,KT,away,3,8,수원,L,completed,20250325OBKT0,https://www.koreabaseball.com/Schedule/GameCenter/Main.aspx?gameDate=20250325&gameId=20250325OBKT0
2025-03-25,2025,KIA,키움,home,11,6,광주,W,completed,20250325WOHT0,https://www.koreabaseball.com/Schedule/GameCenter/Main.aspx?gameDate=20250325&gameId=20250325WOHT0
2025-03-25,2025,키움,KIA,away,6,11,광주,L,completed,20250325WOHT0,https://www.koreabaseball.com/Schedule/GameCenter/Main.aspx?gameDate=20250325&gameId=20250325WOHT0
2025-03-26,2025,LG,한화,home,4,0,잠실,W,completed,20250326HHLG0,https://www.koreabaseball.com/Schedule/GameCenter/Main.aspx?gameDate=20250326&gameId=20250326HHLG0
2025-03-26,2025,한화,LG,away,0,4,잠실,L,completed,20250326HHLG0,https://www.koreabaseball.com/Schedule/GameCenter/Main.aspx?gameDate=20250326&gameId=20250326HHLG0
2025-03-26,2025,SSG,롯데,home,3,1,문학,W,completed,20250326LTSK0,https://www.koreabaseball.com/Schedule/GameCenter/Main.aspx?gameDate=20250326&gameId=20250326LTSK0
2025-03-26,2025,롯데,SSG,away,1,3,문학,L,completed,20250326LTSK0,https://www.koreabaseball.com/Schedule/GameCenter/Main.aspx?gameDate=20250326&gameId=20250326LTSK0
2025-03-26,2025,NC,삼성,away,8,6,대구,W,completed,20250326NCSS0,https://www.koreabaseball.com/Schedule/GameCenter/Main.aspx?gameDate=20250326&gameId=20250326NCSS0
2025-03-26,2025,삼성,NC,home,6,8,대구,L,completed,20250326NCSS0,https://www.koreabaseball.com/Schedule/GameCenter/Main.aspx?gameDate=20250326&gameId=20250326NCSS0
2025-03-26,2025,KT,두산,home,2,3,수원,L,completed,20250326OBKT0,https://www.koreabaseball.com/Schedule/GameCenter/Main.aspx?gameDate=20250326&gameId=20250326OBKT0
2025-03-26,2025,두산,KT,away,3,2,수원,W,completed,20250326OBKT0,https://www.koreabaseball.com/Schedule/GameCenter/Main.aspx?gameDate=20250326&gameId=20250326OBKT0
2025-03-26,2025,KIA,키움,home,10,17,광주,L,completed,20250326WOHT0,https://www.koreabaseball.com/Schedule/GameCenter/Main.aspx?gameDate=20250326&gameId=20250326WOHT0
2025-03-26,2025,키움,KIA,away,17,10,광주,W,completed,20250326WOHT0,https://www.koreabaseball.com/Schedule/GameCenter/Main.aspx?gameDate=20250326&gameId=20250326WOHT0
2025-03-27,2025,LG,한화,home,2,1,잠실,W,completed,20250327HHLG0,https://www.koreabaseball.com/Schedule/GameCenter/Main.aspx?gameDate=20250327&gameId=20250327HHLG0
2025-03-27,2025,한화,LG,away,1,2,잠실,L,completed,20250327HHLG0,https://www.koreabaseball.com/Schedule/GameCenter/Main.aspx?gameDate=20250327&gameId=20250327HHLG0
2025-03-27,2025,SSG,롯데,home,5,2,문학,W,completed,20250327LTSK0,https://www.koreabaseball.com/Schedule/GameCenter/Main.aspx?gameDate=20250327&gameId=20250327LTSK0
2025-03-27,2025,롯데,SSG,away,2,5,문학,L,completed,20250327LTSK0,https://www.koreabaseball.com/Schedule/GameCenter/Main.aspx?gameDate=20250327&gameId=20250327LTSK0
2025-03-27,2025,NC,삼성,away,11,5,대구,W,completed,20250327NCSS0,https://www.koreabaseball.com/Schedule/GameCenter/Main.aspx?gameDate=20250327&gameId=20250327NCSS0
2025-03-27,2025,삼성,NC,home,5,11,대구,L,completed,20250327NCSS0,https://www.koreabaseball.com/Schedule/GameCenter/Main.aspx?gameDate=20250327&gameId=20250327NCSS0
2025-03-27,2025,KT,두산,home,4,3,수원,W,completed,20250327OBKT0,https://www.koreabaseball.com/Schedule/GameCenter/Main.aspx?gameDate=20250327&gameId=20250327OBKT0
2025-03-27,2025,두산,KT,away,3,4,수원,L,completed,20250327OBKT0,https://www.koreabaseball.com/Schedule/GameCenter/Main.aspx?gameDate=20250327&gameId=20250327OBKT0
2025-03-27,2025,KIA,키움,home,3,5,광주,L,completed,20250327WOHT0,https://www.koreabaseball.com/Schedule/GameCenter/Main.aspx?gameDate=20250327&gameId=20250327WOHT0
2025-03-27,2025,키움,KIA,away,5,3,광주,W,completed,20250327WOHT0,https://www.koreabaseball.com/Schedule/GameCenter/Main.aspx?gameDate=20250327&gameId=20250327WOHT0
2025-03-28,2025,KIA,한화,away,2,7,대전,L,completed,20250328HTHH0,https://www.koreabaseball.com/Schedule/GameCenter/Main.aspx?gameDate=20250328&gameId=20250328HTHH0
2025-03-28,2025,한화,KIA,home,7,2,대전,W,completed,20250328HTHH0,https://www.koreabaseball.com/Schedule/GameCenter/Main.aspx?gameDate=20250328&gameId=20250328HTHH0
2025-03-28,2025,KT,롯데,away,2,0,사직,W,completed,20250328KTLT0,https://www.koreabaseball.com/Schedule/GameCenter/Main.aspx?gameDate=20250328&gameId=20250328KTLT0
2025-03-28,2025,롯데,KT,home,0,2,사직,L,completed,20250328KTLT0,https://www.koreabaseball.com/Schedule/GameCenter/Main.aspx?gameDate=20250328&gameId=20250328KTLT0
2025-03-28,2025,LG,NC,away,8,4,창원,W,completed,20250328LGNC0,https://www.koreabaseball.com/Schedule/GameCenter/Main.aspx?gameDate=20250328&gameId=20250328LGNC0
2025-03-28,2025,NC,LG,home,4,8,창원,L,completed,20250328LGNC0,https://www.koreabaseball.com/Schedule/GameCenter/Main.aspx?gameDate=20250328&gameId=20250328LGNC0
2025-03-28,2025,SSG,키움,away,3,9,고척,L,completed,20250328SKWO0,https://www.koreabaseball.com/Schedule/GameCenter/Main.aspx?gameDate=20250328&gameId=20250328SKWO0
2025-03-28,2025,키움,SSG,home,9,3,고척,W,completed,20250328SKWO0,https://www.koreabaseball.com/Schedule/GameCenter/Main.aspx?gameDate=20250328&gameId=20250328SKWO0
2025-03-28,2025,두산,삼성,home,2,0,잠실,W,completed,20250328SSOB0,https://www.koreabaseball.com/Schedule/GameCenter/Main.aspx?gameDate=20250328&gameId=20250328SSOB0
2025-03-28,2025,삼성,두산,away,0,2,잠실,L,completed,20250328SSOB0,https://www.koreabaseball.com/Schedule/GameCenter/Main.aspx?gameDate=20250328&gameId=20250328SSOB0
2025-03-29,2025,KIA,한화,away,4,5,대전,L,completed,20250329HTHH0,https://www.koreabaseball.com/Schedule/GameCenter/Main.aspx?gameDate=20250329&gameId=20250329HTHH0
2025-03-29,2025,한화,KIA,home,5,4,대전,W,completed,20250329HTHH0,https://www.koreabaseball.com/Schedule/GameCenter/Main.aspx?gameDate=20250329&gameId=20250329HTHH0
2025-03-29,2025,KT,롯데,away,1,3,사직,L,completed,20250329KTLT0,https://www.koreabaseball.com/Schedule/GameCenter/Main.aspx?gameDate=20250329&gameId=20250329KTLT0
2025-03-29,2025,롯데,KT,home,3,1,사직,W,completed,20250329KTLT0,https://www.koreabaseball.com/Schedule/GameCenter/Main.aspx?gameDate=20250329&gameId=20250329KTLT0
2025-03-29,2025,LG,NC,away,14,4,창원,W,completed,20250329LGNC0,https://www.koreabaseball.com/Schedule/GameCenter/Main.aspx?gameDate=20250329&gameId=20250329LGNC0
2025-03-29,2025,NC,LG,home,4,14,창원,L,completed,20250329LGNC0,https://www.koreabaseball.com/Schedule/GameCenter/Main.aspx?gameDate=20250329&gameId=20250329LGNC0
2025-03-29,2025,SSG,키움,away,1,3,고척,L,completed,20250329SKWO0,https://www.koreabaseball.com/Schedule/GameCenter/Main.aspx?gameDate=20250329&gameId=20250329SKWO0
2025-03-29,2025,키움,SSG,home,3,1,고척,W,completed,20250329SKWO0,https://www.koreabaseball.com/Schedule/GameCenter/Main.aspx?gameDate=20250329&gameId=20250329SKWO0
2025-03-29,2025,두산,삼성,home,2,13,잠실,L,completed,20250329SSOB0,https://www.koreabaseball.com/Schedule/GameCenter/Main.aspx?gameDate=20250329&gameId=20250329SSOB0
2025-03-29,2025,삼성,두산,away,13,2,잠실,W,completed,20250329SSOB0,https://www.koreabaseball.com/Schedule/GameCenter/Main.aspx?gameDate=20250329&gameId=20250329SSOB0
2025-03-30,2025,KIA,한화,away,5,3,대전,W,completed,20250330HTHH0,https://www.koreabaseball.com/Schedule/GameCenter/Main.aspx?gameDate=20250330&gameId=20250330HTHH0
2025-03-30,2025,한화,KIA,home,3,5,대전,L,completed,20250330HTHH0,https://www.koreabaseball.com/Schedule/GameCenter/Main.aspx?gameDate=20250330&gameId=20250330HTHH0
2025-03-30,2025,KT,롯데,away,4,4,사직,D,completed,20250330KTLT0,https://www.koreabaseball.com/Schedule/GameCenter/Main.aspx?gameDate=20250330&gameId=20250330KTLT0
2025-03-30,2025,롯데,KT,home,4,4,사직,D,completed,20250330KTLT0,https://www.koreabaseball.com/Schedule/GameCenter/Main.aspx?gameDate=20250330&gameId=20250330KTLT0
2025-03-30,2025,SSG,키움,away,8,2,고척,W,completed,20250330SKWO0,https://www.koreabaseball.com/Schedule/GameCenter/Main.aspx?gameDate=20250330&gameId=20250330SKWO0
2025-03-30,2025,키움,SSG,home,2,8,고척,L,completed,20250330SKWO0,https://www.koreabaseball.com/Schedule/GameCenter/Main.aspx?gameDate=20250330&gameId=20250330SKWO0
2025-03-30,2025,두산,삼성,home,2,3,잠실,L,completed,20250330SSOB0,https://www.koreabaseball.com/Schedule/GameCenter/Main.aspx?gameDate=20250330&gameId=20250330SSOB0
2025-03-30,2025,삼성,두산,away,3,2,잠실,W,completed,20250330SSOB0,https://www.koreabaseball.com/Schedule/GameCenter/Main.aspx?gameDate=20250330&gameId=20250330SSOB0
2025-04-02,2025,KT,LG,home,9,5,수원,W,completed,20250402LGKT0,https://www.koreabaseball.com/Schedule/GameCenter/Main.aspx?gameDate=20250402&gameId=20250402LGKT0
2025-04-02,2025,LG,KT,away,5,9,수원,L,completed,20250402LGKT0,https://www.koreabaseball.com/Schedule/GameCenter/Main.aspx?gameDate=20250402&gameId=20250402LGKT0
2025-04-02,2025,롯데,한화,away,6,2,대전,W,completed,20250402LTHH0,https://www.koreabaseball.com/Schedule/GameCenter/Main.aspx?gameDate=20250402&gameId=20250402LTHH0
2025-04-02,2025,한화,롯데,home,2,6,대전,L,completed,20250402LTHH0,https://www.koreabaseball.com/Schedule/GameCenter/Main.aspx?gameDate=20250402&gameId=20250402LTHH0
2025-04-02,2025,KIA,삼성,home,2,4,광주,L,completed,20250402SSHT0,https://www.koreabaseball.com/Schedule/GameCenter/Main.aspx?gameDate=20250402&gameId=20250402SSHT0
2025-04-02,2025,삼성,KIA,away,4,2,광주,W,completed,20250402SSHT0,https://www.koreabaseball.com/Schedule/GameCenter/Main.aspx?gameDate=20250402&gameId=20250402SSHT0
2025-04-02,2025,두산,키움,home,5,3,잠실,W,completed,20250402WOOB0,https://www.koreabaseball.com/Schedule/GameCenter/Main.aspx?gameDate=20250402&gameId=20250402WOOB0
2025-04-02,2025,키움,두산,away,3,5,잠실,L,completed,20250402WOOB0,https://www.koreabaseball.com/Schedule/GameCenter/Main.aspx?gameDate=20250402&gameId=20250402WOOB0
2025-04-03,2025,KT,LG,home,1,5,수원,L,completed,20250403LGKT0,https://www.koreabaseball.com/Schedule/GameCenter/Main.aspx?gameDate=20250403&gameId=20250403LGKT0
2025-04-03,2025,LG,KT,away,5,1,수원,W,completed,20250403LGKT0,https://www.koreabaseball.com/Schedule/GameCenter/Main.aspx?gameDate=20250403&gameId=20250403LGKT0
2025-04-03,2025,롯데,한화,away,4,2,대전,W,completed,20250403LTHH0,https://www.koreabaseball.com/Schedule/GameCenter/Main.aspx?gameDate=20250403&gameId=20250403LTHH0
2025-04-03,2025,한화,롯데,home,2,4,대전,L,completed,20250403LTHH0,https://www.koreabaseball.com/Schedule/GameCenter/Main.aspx?gameDate=20250403&gameId=20250403LTHH0
2025-04-03,2025,KIA,삼성,home,3,1,광주,W,completed,20250403SSHT0,https://www.koreabaseball.com/Schedule/GameCenter/Main.aspx?gameDate=20250403&gameId=20250403SSHT0
2025-04-03,2025,삼성,KIA,away,1,3,광주,L,completed,20250403SSHT0,https://www.koreabaseball.com/Schedule/GameCenter/Main.aspx?gameDate=20250403&gameId=20250403SSHT0
2025-04-03,2025,두산,키움,home,6,1,잠실,W,completed,20250403WOOB0,https://www.koreabaseball.com/Schedule/GameCenter/Main.aspx?gameDate=20250403&gameId=20250403WOOB0
2025-04-03,2025,키움,두산,away,1,6,잠실,L,completed,20250403WOOB0,https://www.koreabaseball.com/Schedule/GameCenter/Main.aspx?gameDate=20250403&gameId=20250403WOOB0
2025-04-04,2025,삼성,한화,home,5,0,대구,W,completed,20250404HHSS0,https://www.koreabaseball.com/Schedule/GameCenter/Main.aspx?gameDate=20250404&gameId=20250404HHSS0
2025-04-04,2025,한화,삼성,away,0,5,대구,L,completed,20250404HHSS0,https://www.koreabaseball.com/Schedule/GameCenter/Main.aspx?gameDate=20250404&gameId=20250404HHSS0
2025-04-04,2025,KIA,LG,away,2,8,잠실,L,completed,20250404HTLG0,https://www.koreabaseball.com/Schedule/GameCenter/Main.aspx?gameDate=20250404&gameId=20250404HTLG0
2025-04-04,2025,LG,KIA,home,8,2,잠실,W,completed,20250404HTLG0,https://www.koreabaseball.com/Schedule/GameCenter/Main.aspx?gameDate=20250404&gameId=20250404HTLG0
2025-04-04,2025,KT,SSG,away,2,3,문학,L,completed,20250404KTSK0,https://www.koreabaseball.com/Schedule/GameCenter/Main.aspx?gameDate=20250404&gameId=20250404KTSK0
2025-04-04,2025,SSG,KT,home,3,2,문학,W,completed,20250404KTSK0,https://www.koreabaseball.com/Schedule/GameCenter/Main.aspx?gameDate=20250404&gameId=20250404KTSK0
2025-04-04,2025,NC,키움,away,1,5,고척,L,completed,20250404NCWO0,https://www.koreabaseball.com/Schedule/GameCenter/Main.aspx?gameDate=20250404&gameId=20250404NCWO0
2025-04-04,2025,키움,NC,home,5,1,고척,W,completed,20250404NCWO0,https://www.koreabaseball.com/Schedule/GameCenter/Main.aspx?gameDate=20250404&gameId=20250404NCWO0
2025-04-04,2025,두산,롯데,away,15,3,사직,W,completed,20250404OBLT0,https://www.koreabaseball.com/Schedule/GameCenter/Main.aspx?gameDate=20250404&gameId=20250404OBLT0
2025-04-04,2025,롯데,두산,home,3,15,사직,L,completed,20250404OBLT0,https://www.koreabaseball.com/Schedule/GameCenter/Main.aspx?gameDate=20250404&gameId=20250404OBLT0
2025-04-05,2025,삼성,한화,home,6,7,대구,L,completed,20250405HHSS0,https://www.koreabaseball.com/Schedule/GameCenter/Main.aspx?gameDate=20250405&gameId=20250405HHSS0
2025-04-05,2025,한화,삼성,away,7,6,대구,W,completed,20250405HHSS0,https://www.koreabaseball.com/Schedule/GameCenter/Main.aspx?gameDate=20250405&gameId=20250405HHSS0
2025-04-05,2025,NC,키움,away,7,5,고척,W,completed,20250405NCWO0,https://www.koreabaseball.com/Schedule/GameCenter/Main.aspx?gameDate=20250405&gameId=20250405NCWO0
2025-04-05,2025,키움,NC,home,5,7,고척,L,completed,20250405NCWO0,https://www.koreabaseball.com/Schedule/GameCenter/Main.aspx?gameDate=20250405&gameId=20250405NCWO0
2025-04-05,2025,두산,롯데,away,1,6,사직,L,completed,20250405OBLT0,https://www.koreabaseball.com/Schedule/GameCenter/Main.aspx?gameDate=20250405&gameId=20250405OBLT0
2025-04-05,2025,롯데,두산,home,6,1,사직,W,completed,20250405OBLT0,https://www.koreabaseball.com/Schedule/GameCenter/Main.aspx?gameDate=20250405&gameId=20250405OBLT0
2025-04-06,2025,삼성,한화,home,10,0,대구,W,completed,20250406HHSS0,https://www.koreabaseball.com/Schedule/GameCenter/Main.aspx?gameDate=20250406&gameId=20250406HHSS0
2025-04-06,2025,한화,삼성,away,0,10,대구,L,completed,20250406HHSS0,https://www.koreabaseball.com/Schedule/GameCenter/Main.aspx?gameDate=20250406&gameId=20250406HHSS0
2025-04-06,2025,KIA,LG,away,1,5,잠실,L,completed,20250406HTLG0,https://www.koreabaseball.com/Schedule/GameCenter/Main.aspx?gameDate=20250406&gameId=20250406HTLG0
2025-04-06,2025,LG,KIA,home,5,1,잠실,W,completed,20250406HTLG0,https://www.koreabaseball.com/Schedule/GameCenter/Main.aspx?gameDate=20250406&gameId=20250406HTLG0
2025-04-06,2025,KT,SSG,away,0,1,문학,L,completed,20250406KTSK0,https://www.koreabaseball.com/Schedule/GameCenter/Main.aspx?gameDate=20250406&gameId=20250406KTSK0
2025-04-06,2025,SSG,KT,home,1,0,문학,W,completed,20250406KTSK0,https://www.koreabaseball.com/Schedule/GameCenter/Main.aspx?gameDate=20250406&gameId=20250406KTSK0
2025-04-06,2025,NC,키움,away,8,2,고척,W,completed,20250406NCWO0,https://www.koreabaseball.com/Schedule/GameCenter/Main.aspx?gameDate=20250406&gameId=20250406NCWO0
2025-04-06,2025,키움,NC,home,2,8,고척,L,completed,20250406NCWO0,https://www.koreabaseball.com/Schedule/GameCenter/Main.aspx?gameDate=20250406&gameId=20250406NCWO0
2025-04-06,2025,두산,롯데,away,15,12,사직,W,completed,20250406OBLT0,https://www.koreabaseball.com/Schedule/GameCenter/Main.aspx?gameDate=20250406&gameId=20250406OBLT0
2025-04-06,2025,롯데,두산,home,12,15,사직,L,completed,20250406OBLT0,https://www.koreabaseball.com/Schedule/GameCenter/Main.aspx?gameDate=20250406&gameId=20250406OBLT0
2025-04-08,2025,두산,한화,home,6,5,잠실,W,completed,20250408HHOB0,https://www.koreabaseball.com/Schedule/GameCenter/Main.aspx?gameDate=20250408&gameId=20250408HHOB0
2025-04-08,2025,한화,두산,away,5,6,잠실,L,completed,20250408HHOB0,https://www.koreabaseball.com/Schedule/GameCenter/Main.aspx?gameDate=20250408&gameId=20250408HHOB0
2025-04-08,2025,KIA,롯데,away,5,4,사직,W,completed,20250408HTLT0,https://www.koreabaseball.com/Schedule/GameCenter/Main.aspx?gameDate=20250408&gameId=20250408HTLT0
2025-04-08,2025,롯데,KIA,home,4,5,사직,L,completed,20250408HTLT0,https://www.koreabaseball.com/Schedule/GameCenter/Main.aspx?gameDate=20250408&gameId=20250408HTLT0
2025-04-08,2025,LG,키움,away,13,1,고척,W,completed,20250408LGWO0,https://www.koreabaseball.com/Schedule/GameCenter/Main.aspx?gameDate=20250408&gameId=20250408LGWO0
2025-04-08,2025,키움,LG,home,1,13,고척,L,completed,20250408LGWO0,https://www.koreabaseball.com/Schedule/GameCenter/Main.aspx?gameDate=20250408&gameId=20250408LGWO0
2025-04-08,2025,KT,NC,home,3,2,수원,W,completed,20250408NCKT0,https://www.koreabaseball.com/Schedule/GameCenter/Main.aspx?gameDate=20250408&gameId=20250408NCKT0
2025-04-08,2025,NC,KT,away,2,3,수원,L,completed,20250408NCKT0,https://www.koreabaseball.com/Schedule/GameCenter/Main.aspx?gameDate=20250408&gameId=20250408NCKT0
2025-04-08,2025,SSG,삼성,away,3,7,대구,L,completed,20250408SKSS0,https://www.koreabaseball.com/Schedule/GameCenter/Main.aspx?gameDate=20250408&gameId=20250408SKSS0
2025-04-08,2025,삼성,SSG,home,7,3,대구,W,completed,20250408SKSS0,https://www.koreabaseball.com/Schedule/GameCenter/Main.aspx?gameDate=20250408&gameId=20250408SKSS0
2025-04-09,2025,두산,한화,home,4,5,잠실,L,completed,20250409HHOB0,https://www.koreabaseball.com/Schedule/GameCenter/Main.aspx?gameDate=20250409&gameId=20250409HHOB0
2025-04-09,2025,한화,두산,away,5,4,잠실,W,completed,20250409HHOB0,https://www.koreabaseball.com/Schedule/GameCenter/Main.aspx?gameDate=20250409&gameId=20250409HHOB0
2025-04-09,2025,KIA,롯데,away,3,1,사직,W,completed,20250409HTLT0,https://www.koreabaseball.com/Schedule/GameCenter/Main.aspx?gameDate=20250409&gameId=20250409HTLT0
2025-04-09,2025,롯데,KIA,home,1,3,사직,L,completed,20250409HTLT0,https://www.koreabaseball.com/Schedule/GameCenter/Main.aspx?gameDate=20250409&gameId=20250409HTLT0
2025-04-09,2025,LG,키움,away,0,4,고척,L,completed,20250409LGWO0,https://www.koreabaseball.com/Schedule/GameCenter/Main.aspx?gameDate=20250409&gameId=20250409LGWO0
2025-04-09,2025,키움,LG,home,4,0,고척,W,completed,20250409LGWO0,https://www.koreabaseball.com/Schedule/GameCenter/Main.aspx?gameDate=20250409&gameId=20250409LGWO0
2025-04-09,2025,KT,NC,home,4,1,수원,W,completed,20250409NCKT0,https://www.koreabaseball.com/Schedule/GameCenter/Main.aspx?gameDate=20250409&gameId=20250409NCKT0
2025-04-09,2025,NC,KT,away,1,4,수원,L,completed,20250409NCKT0,https://www.koreabaseball.com/Schedule/GameCenter/Main.aspx?gameDate=20250409&gameId=20250409NCKT0
2025-04-09,2025,SSG,삼성,away,3,1,대구,W,completed,20250409SKSS0,https://www.koreabaseball.com/Schedule/GameCenter/Main.aspx?gameDate=20250409&gameId=20250409SKSS0
2025-04-09,2025,삼성,SSG,home,1,3,대구,L,completed,20250409SKSS0,https://www.koreabaseball.com/Schedule/GameCenter/Main.aspx?gameDate=20250409&gameId=20250409SKSS0
2025-04-10,2025,두산,한화,home,2,7,잠실,L,completed,20250410HHOB0,https://www.koreabaseball.com/Schedule/GameCenter/Main.aspx?gameDate=20250410&gameId=20250410HHOB0
2025-04-10,2025,한화,두산,away,7,2,잠실,W,completed,20250410HHOB0,https://www.koreabaseball.com/Schedule/GameCenter/Main.aspx?gameDate=20250410&gameId=20250410HHOB0
2025-04-10,2025,KIA,롯데,away,3,8,사직,L,completed,20250410HTLT0,https://www.koreabaseball.com/Schedule/GameCenter/Main.aspx?gameDate=20250410&gameId=20250410HTLT0
2025-04-10,2025,롯데,KIA,home,8,3,사직,W,completed,20250410HTLT0,https://www.koreabaseball.com/Schedule/GameCenter/Main.aspx?gameDate=20250410&gameId=20250410HTLT0
2025-04-10,2025,LG,키움,away,7,3,고척,W,completed,20250410LGWO0,https://www.koreabaseball.com/Schedule/GameCenter/Main.aspx?gameDate=20250410&gameId=20250410LGWO0
2025-04-10,2025,키움,LG,home,3,7,고척,L,completed,20250410LGWO0,https://www.koreabaseball.com/Schedule/GameCenter/Main.aspx?gameDate=20250410&gameId=20250410LGWO0
2025-04-10,2025,KT,NC,home,0,7,수원,L,completed,20250410NCKT0,https://www.koreabaseball.com/Schedule/GameCenter/Main.aspx?gameDate=20250410&gameId=20250410NCKT0
2025-04-10,2025,NC,KT,away,7,0,수원,W,completed,20250410NCKT0,https://www.koreabaseball.com/Schedule/GameCenter/Main.aspx?gameDate=20250410&gameId=20250410NCKT0
2025-04-10,2025,SSG,삼성,away,2,3,대구,L,completed,20250410SKSS0,https://www.koreabaseball.com/Schedule/GameCenter/Main.aspx?gameDate=20250410&gameId=20250410SKSS0
2025-04-10,2025,삼성,SSG,home,3,2,대구,W,completed,20250410SKSS0,https://www.koreabaseball.com/Schedule/GameCenter/Main.aspx?gameDate=20250410&gameId=20250410SKSS0
2025-04-11,2025,NC,롯데,home,5,7,사직,L,completed,20250411LTNC0,https://www.koreabaseball.com/Schedule/GameCenter/Main.aspx?gameDate=20250411&gameId=20250411LTNC0
2025-04-11,2025,롯데,NC,away,7,5,사직,W,completed,20250411LTNC0,https://www.koreabaseball.com/Schedule/GameCenter/Main.aspx?gameDate=20250411&gameId=20250411LTNC0
2025-04-11,2025,LG,두산,home,5,2,잠실,W,completed,20250411OBLG0,https://www.koreabaseball.com/Schedule/GameCenter/Main.aspx?gameDate=20250411&gameId=20250411OBLG0
2025-04-11,2025,두산,LG,away,2,5,잠실,L,completed,20250411OBLG0,https://www.koreabaseball.com/Schedule/GameCenter/Main.aspx?gameDate=20250411&gameId=20250411OBLG0
2025-04-11,2025,KIA,SSG,home,3,9,광주,L,completed,20250411SKHT0,https://www.koreabaseball.com/Schedule/GameCenter/Main.aspx?gameDate=20250411&gameId=20250411SKHT0
2025-04-11,2025,SSG,KIA,away,9,3,광주,W,completed,20250411SKHT0,https://www.koreabaseball.com/Schedule/GameCenter/Main.aspx?gameDate=20250411&gameId=20250411SKHT0
2025-04-11,2025,KT,삼성,home,5,3,수원,W,completed,20250411SSKT0,https://www.koreabaseball.com/Schedule/GameCenter/Main.aspx?gameDate=20250411&gameId=20250411SSKT0
2025-04-11,2025,삼성,KT,away,3,5,수원,L,completed,20250411SSKT0,https://www.koreabaseball.com/Schedule/GameCenter/Main.aspx?gameDate=20250411&gameId=20250411SSKT0
2025-04-11,2025,키움,한화,away,2,12,대전,L,completed,20250411WOHH0,https://www.koreabaseball.com/Schedule/GameCenter/Main.aspx?gameDate=20250411&gameId=20250411WOHH0
2025-04-11,2025,한화,키움,home,12,2,대전,W,completed,20250411WOHH0,https://www.koreabaseball.com/Schedule/GameCenter/Main.aspx?gameDate=20250411&gameId=20250411WOHH0
2025-04-12,2025,NC,롯데,home,0,2,사직,L,completed,20250412LTNC0,https://www.koreabaseball.com/Schedule/GameCenter/Main.aspx?gameDate=20250412&gameId=20250412LTNC0
2025-04-12,2025,롯데,NC,away,2,0,사직,W,completed,20250412LTNC0,https://www.koreabaseball.com/Schedule/GameCenter/Main.aspx?gameDate=20250412&gameId=20250412LTNC0
2025-04-12,2025,LG,두산,home,4,0,잠실,W,completed,20250412OBLG0,https://www.koreabaseball.com/Schedule/GameCenter/Main.aspx?gameDate=20250412&gameId=20250412OBLG0
2025-04-12,2025,두산,LG,away,0,4,잠실,L,completed,20250412OBLG0,https://www.koreabaseball.com/Schedule/GameCenter/Main.aspx?gameDate=20250412&gameId=20250412OBLG0
2025-04-12,2025,키움,한화,away,6,2,대전,W,completed,20250412WOHH0,https://www.koreabaseball.com/Schedule/GameCenter/Main.aspx?gameDate=20250412&gameId=20250412WOHH0
2025-04-12,2025,한화,키움,home,2,6,대전,L,completed,20250412WOHH0,https://www.koreabaseball.com/Schedule/GameCenter/Main.aspx?gameDate=20250412&gameId=20250412WOHH0
2025-04-13,2025,NC,롯데,home,9,6,사직,W,completed,20250413LTNC0,https://www.koreabaseball.com/Schedule/GameCenter/Main.aspx?gameDate=20250413&gameId=20250413LTNC0
2025-04-13,2025,롯데,NC,away,6,9,사직,L,completed,20250413LTNC0,https://www.koreabaseball.com/Schedule/GameCenter/Main.aspx?gameDate=20250413&gameId=20250413LTNC0
2025-04-13,2025,LG,두산,home,2,9,잠실,L,completed,20250413OBLG0,https://www.koreabaseball.com/Schedule/GameCenter/Main.aspx?gameDate=20250413&gameId=20250413OBLG0
2025-04-13,2025,두산,LG,away,9,2,잠실,W,completed,20250413OBLG0,https://www.koreabaseball.com/Schedule/GameCenter/Main.aspx?gameDate=20250413&gameId=20250413OBLG0
2025-04-13,2025,KIA,SSG,home,11,5,광주,W,completed,20250413SKHT0,https://www.koreabaseball.com/Schedule/GameCenter/Main.aspx?gameDate=20250413&gameId=20250413SKHT0
2025-04-13,2025,SSG,KIA,away,5,11,광주,L,completed,20250413SKHT0,https://www.koreabaseball.com/Schedule/GameCenter/Main.aspx?gameDate=20250413&gameId=20250413SKHT0
2025-04-13,2025,KT,삼성,home,6,5,수원,W,completed,20250413SSKT0,https://www.koreabaseball.com/Schedule/GameCenter/Main.aspx?gameDate=20250413&gameId=20250413SSKT0
2025-04-13,2025,삼성,KT,away,5,6,수원,L,completed,20250413SSKT0,https://www.koreabaseball.com/Schedule/GameCenter/Main.aspx?gameDate=20250413&gameId=20250413SSKT0
2025-04-13,2025,키움,한화,away,1,7,대전,L,completed,20250413WOHH0,https://www.koreabaseball.com/Schedule/GameCenter/Main.aspx?gameDate=20250413&gameId=20250413WOHH0
2025-04-13,2025,한화,키움,home,7,1,대전,W,completed,20250413WOHH0,https://www.koreabaseball.com/Schedule/GameCenter/Main.aspx?gameDate=20250413&gameId=20250413WOHH0
2025-04-15,2025,SSG,한화,home,0,2,문학,L,completed,20250415HHSK0,https://www.koreabaseball.com/Schedule/GameCenter/Main.aspx?gameDate=20250415&gameId=20250415HHSK0
2025-04-15,2025,한화,SSG,away,2,0,문학,W,completed,20250415HHSK0,https://www.koreabaseball.com/Schedule/GameCenter/Main.aspx?gameDate=20250415&gameId=20250415HHSK0
2025-04-15,2025,KIA,KT,home,1,0,광주,W,completed,20250415KTHT0,https://www.koreabaseball.com/Schedule/GameCenter/Main.aspx?gameDate=20250415&gameId=20250415KTHT0
2025-04-15,2025,KT,KIA,away,0,1,광주,L,completed,20250415KTHT0,https://www.koreabaseball.com/Schedule/GameCenter/Main.aspx?gameDate=20250415&gameId=20250415KTHT0
2025-04-15,2025,LG,삼성,home,3,0,잠실,W,completed,20250415SSLG0,https://www.koreabaseball.com/Schedule/GameCenter/Main.aspx?gameDate=20250415&gameId=20250415SSLG0
2025-04-15,2025,삼성,LG,away,0,3,잠실,L,completed,20250415SSLG0,https://www.koreabaseball.com/Schedule/GameCenter/Main.aspx?gameDate=20250415&gameId=20250415SSLG0
2025-04-15,2025,롯데,키움,home,8,6,사직,W,completed,20250415WOLT0,https://www.koreabaseball.com/Schedule/GameCenter/Main.aspx?gameDate=20250415&gameId=20250415WOLT0
2025-04-15,2025,키움,롯데,away,6,8,사직,L,completed,20250415WOLT0,https://www.koreabaseball.com/Schedule/GameCenter/Main.aspx?gameDate=20250415&gameId=20250415WOLT0
2025-04-16,2025,SSG,한화,home,4,10,문학,L,completed,20250416HHSK0,https://www.koreabaseball.com/Schedule/GameCenter/Main.aspx?gameDate=20250416&gameId=20250416HHSK0
2025-04-16,2025,한화,SSG,away,10,4,문학,W,completed,20250416HHSK0,https://www.koreabaseball.com/Schedule/GameCenter/Main.aspx?gameDate=20250416&gameId=20250416HHSK0
2025-04-16,2025,KIA,KT,home,0,3,광주,L,completed,20250416KTHT0,https://www.koreabaseball.com/Schedule/GameCenter/Main.aspx?gameDate=20250416&gameId=20250416KTHT0
2025-04-16,2025,KT,KIA,away,3,0,광주,W,completed,20250416KTHT0,https://www.koreabaseball.com/Schedule/GameCenter/Main.aspx?gameDate=20250416&gameId=20250416KTHT0
2025-04-16,2025,LG,삼성,home,12,2,잠실,W,completed,20250416SSLG0,https://www.koreabaseball.com/Schedule/GameCenter/Main.aspx?gameDate=20250416&gameId=20250416SSLG0
2025-04-16,2025,삼성,LG,away,2,12,잠실,L,completed,20250416SSLG0,https://www.koreabaseball.com/Schedule/GameCenter/Main.aspx?gameDate=20250416&gameId=20250416SSLG0
2025-04-16,2025,롯데,키움,home,6,4,사직,W,completed,20250416WOLT0,https://www.koreabaseball.com/Schedule/GameCenter/Main.aspx?gameDate=20250416&gameId=20250416WOLT0
2025-04-16,2025,키움,롯데,away,4,6,사직,L,completed,20250416WOLT0,https://www.koreabaseball.com/Schedule/GameCenter/Main.aspx?gameDate=20250416&gameId=20250416WOLT0
2025-04-17,2025,SSG,한화,home,2,4,문학,L,completed,20250417HHSK0,https://www.koreabaseball.com/Schedule/GameCenter/Main.aspx?gameDate=20250417&gameId=20250417HHSK0
2025-04-17,2025,한화,SSG,away,4,2,문학,W,completed,20250417HHSK0,https://www.koreabaseball.com/Schedule/GameCenter/Main.aspx?gameDate=20250417&gameId=20250417HHSK0
2025-04-17,2025,KIA,KT,home,5,4,광주,W,completed,20250417KTHT0,https://www.koreabaseball.com/Schedule/GameCenter/Main.aspx?gameDate=20250417&gameId=20250417KTHT0
2025-04-17,2025,KT,KIA,away,4,5,광주,L,completed,20250417KTHT0,https://www.koreabaseball.com/Schedule/GameCenter/Main.aspx?gameDate=20250417&gameId=20250417KTHT0
2025-04-17,2025,LG,삼성,home,3,6,잠실,L,completed,20250417SSLG0,https://www.koreabaseball.com/Schedule/GameCenter/Main.aspx?gameDate=20250417&gameId=20250417SSLG0
2025-04-17,2025,삼성,LG,away,6,3,잠실,W,completed,20250417SSLG0,https://www.koreabaseball.com/Schedule/GameCenter/Main.aspx?gameDate=20250417&gameId=20250417SSLG0
2025-04-17,2025,롯데,키움,home,7,1,사직,W,completed,20250417WOLT0,https://www.koreabaseball.com/Schedule/GameCenter/Main.aspx?gameDate=20250417&gameId=20250417WOLT0
2025-04-17,2025,키움,롯데,away,1,7,사직,L,completed,20250417WOLT0,https://www.koreabaseball.com/Schedule/GameCenter/Main.aspx?gameDate=20250417&gameId=20250417WOLT0
2025-04-18,2025,KIA,두산,away,1,7,잠실,L,completed,20250418HTOB0,https://www.koreabaseball.com/Schedule/GameCenter/Main.aspx?gameDate=20250418&gameId=20250418HTOB0
2025-04-18,2025,두산,KIA,home,7,1,잠실,W,completed,20250418HTOB0,https://www.koreabaseball.com/Schedule/GameCenter/Main.aspx?gameDate=20250418&gameId=20250418HTOB0
2025-04-18,2025,KT,키움,away,3,4,고척,L,completed,20250418KTWO0,https://www.koreabaseball.com/Schedule/GameCenter/Main.aspx?gameDate=20250418&gameId=20250418KTWO0
2025-04-18,2025,키움,KT,home,4,3,고척,W,completed,20250418KTWO0,https://www.koreabaseball.com/Schedule/GameCenter/Main.aspx?gameDate=20250418&gameId=20250418KTWO0
2025-04-18,2025,LG,SSG,away,5,1,문학,W,completed,20250418LGSK0,https://www.koreabaseball.com/Schedule/GameCenter/Main.aspx?gameDate=20250418&gameId=20250418LGSK0
2025-04-18,2025,SSG,LG,home,1,5,문학,L,completed,20250418LGSK0,https://www.koreabaseball.com/Schedule/GameCenter/Main.aspx?gameDate=20250418&gameId=20250418LGSK0
2025-04-18,2025,롯데,삼성,away,8,1,대구,W,completed,20250418LTSS0,https://www.koreabaseball.com/Schedule/GameCenter/Main.aspx?gameDate=20250418&gameId=20250418LTSS0
2025-04-18,2025,삼성,롯데,home,1,8,대구,L,completed,20250418LTSS0,https://www.koreabaseball.com/Schedule/GameCenter/Main.aspx?gameDate=20250418&gameId=20250418LTSS0
2025-04-18,2025,NC,한화,away,4,12,대전,L,completed,20250418NCHH0,https://www.koreabaseball.com/Schedule/GameCenter/Main.aspx?gameDate=20250418&gameId=20250418NCHH0
2025-04-18,2025,한화,NC,home,12,4,대전,W,completed,20250418NCHH0,https://www.koreabaseball.com/Schedule/GameCenter/Main.aspx?gameDate=20250418&gameId=20250418NCHH0
2025-04-19,2025,KIA,두산,away,8,4,잠실,W,completed,20250419HTOB0,https://www.koreabaseball.com/Schedule/GameCenter/Main.aspx?gameDate=20250419&gameId=20250419HTOB0
2025-04-19,2025,두산,KIA,home,4,8,잠실,L,completed,20250419HTOB0,https://www.koreabaseball.com/Schedule/GameCenter/Main.aspx?gameDate=20250419&gameId=20250419HTOB0
2025-04-19,2025,KT,키움,away,11,1,고척,W,completed,20250419KTWO0,https://www.koreabaseball.com/Schedule/GameCenter/Main.aspx?gameDate=20250419&gameId=20250419KTWO0
2025-04-19,2025,키움,KT,home,1,11,고척,L,completed,20250419KTWO0,https://www.koreabaseball.com/Schedule/GameCenter/Main.aspx?gameDate=20250419&gameId=20250419KTWO0
2025-04-19,2025,LG,SSG,away,11,4,문학,W,completed,20250419LGSK0,https://www.koreabaseball.com/Schedule/GameCenter/Main.aspx?gameDate=20250419&gameId=20250419LGSK0
2025-04-19,2025,SSG,LG,home,4,11,문학,L,completed,20250419LGSK0,https://www.koreabaseball.com/Schedule/GameCenter/Main.aspx?gameDate=20250419&gameId=20250419LGSK0
2025-04-19,2025,롯데,삼성,away,3,10,대구,L,completed,20250419LTSS0,https://www.koreabaseball.com/Schedule/GameCenter/Main.aspx?gameDate=20250419&gameId=20250419LTSS0
2025-04-19,2025,삼성,롯데,home,10,3,대구,W,completed,20250419LTSS0,https://www.koreabaseball.com/Schedule/GameCenter/Main.aspx?gameDate=20250419&gameId=20250419LTSS0
2025-04-19,2025,NC,한화,away,2,7,대전,L,completed,20250419NCHH0,https://www.koreabaseball.com/Schedule/GameCenter/Main.aspx?gameDate=20250419&gameId=20250419NCHH0
2025-04-19,2025,한화,NC,home,7,2,대전,W,completed,20250419NCHH0,https://www.koreabaseball.com/Schedule/GameCenter/Main.aspx?gameDate=20250419&gameId=20250419NCHH0
2025-04-20,2025,KIA,두산,away,6,2,잠실,W,completed,20250420HTOB0,https://www.koreabaseball.com/Schedule/GameCenter/Main.aspx?gameDate=20250420&gameId=20250420HTOB0
2025-04-20,2025,두산,KIA,home,2,6,잠실,L,completed,20250420HTOB0,https://www.koreabaseball.com/Schedule/GameCenter/Main.aspx?gameDate=20250420&gameId=20250420HTOB0
2025-04-20,2025,KT,키움,away,5,0,고척,W,completed,20250420KTWO0,https://www.koreabaseball.com/Schedule/GameCenter/Main.aspx?gameDate=20250420&gameId=20250420KTWO0
2025-04-20,2025,키움,KT,home,0,5,고척,L,completed,20250420KTWO0,https://www.koreabaseball.com/Schedule/GameCenter/Main.aspx?gameDate=20250420&gameId=20250420KTWO0
2025-04-20,2025,LG,SSG,away,3,9,문학,L,completed,20250420LGSK0,https://www.koreabaseball.com/Schedule/GameCenter/Main.aspx?gameDate=20250420&gameId=20250420LGSK0
2025-04-20,2025,SSG,LG,home,9,3,문학,W,completed,20250420LGSK0,https://www.koreabaseball.com/Schedule/GameCenter/Main.aspx?gameDate=20250420&gameId=20250420LGSK0
2025-04-20,2025,롯데,삼성,away,4,3,대구,W,completed,20250420LTSS0,https://www.koreabaseball.com/Schedule/GameCenter/Main.aspx?gameDate=20250420&gameId=20250420LTSS0
2025-04-20,2025,삼성,롯데,home,3,4,대구,L,completed,20250420LTSS0,https://www.koreabaseball.com/Schedule/GameCenter/Main.aspx?gameDate=20250420&gameId=20250420LTSS0
2025-04-20,2025,NC,한화,away,1,7,대전,L,completed,20250420NCHH0,https://www.koreabaseball.com/Schedule/GameCenter/Main.aspx?gameDate=20250420&gameId=20250420NCHH0
2025-04-20,2025,한화,NC,home,7,1,대전,W,completed,20250420NCHH0,https://www.koreabaseball.com/Schedule/GameCenter/Main.aspx?gameDate=20250420&gameId=20250420NCHH0
2025-04-22,2025,LG,NC,home,5,6,잠실,L,completed,20250422NCLG0,https://www.koreabaseball.com/Schedule/GameCenter/Main.aspx?gameDate=20250422&gameId=20250422NCLG0
2025-04-22,2025,NC,LG,away,6,5,잠실,W,completed,20250422NCLG0,https://www.koreabaseball.com/Schedule/GameCenter/Main.aspx?gameDate=20250422&gameId=20250422NCLG0
2025-04-22,2025,두산,키움,away,4,5,고척,L,completed,20250422OBWO0,https://www.koreabaseball.com/Schedule/GameCenter/Main.aspx?gameDate=20250422&gameId=20250422OBWO0
2025-04-22,2025,키움,두산,home,5,4,고척,W,completed,20250422OBWO0,https://www.koreabaseball.com/Schedule/GameCenter/Main.aspx?gameDate=20250422&gameId=20250422OBWO0
2025-04-22,2025,KT,SSG,home,9,3,수원,W,completed,20250422SKKT0,https://www.koreabaseball.com/Schedule/GameCenter/Main.aspx?gameDate=20250422&gameId=20250422SKKT0
2025-04-22,2025,SSG,KT,away,3,9,수원,L,completed,20250422SKKT0,https://www.koreabaseball.com/Schedule/GameCenter/Main.aspx?gameDate=20250422&gameId=20250422SKKT0
2025-04-23,2025,롯데,한화,home,4,6,사직,L,completed,20250423HHLT0,https://www.koreabaseball.com/Schedule/GameCenter/Main.aspx?gameDate=20250423&gameId=20250423HHLT0
2025-04-23,2025,한화,롯데,away,6,4,사직,W,completed,20250423HHLT0,https://www.koreabaseball.com/Schedule/GameCenter/Main.aspx?gameDate=20250423&gameId=20250423HHLT0
2025-04-23,2025,KIA,삼성,away,2,7,대구,L,completed,20250423HTSS0,https://www.koreabaseball.com/Schedule/GameCenter/Main.aspx?gameDate=20250423&gameId=20250423HTSS0
2025-04-23,2025,삼성,KIA,home,7,2,대구,W,completed,20250423HTSS0,https://www.koreabaseball.com/Schedule/GameCenter/Main.aspx?gameDate=20250423&gameId=20250423HTSS0
2025-04-23,2025,LG,NC,home,3,0,잠실,W,completed,20250423NCLG0,https://www.koreabaseball.com/Schedule/GameCenter/Main.aspx?gameDate=20250423&gameId=20250423NCLG0
2025-04-23,2025,NC,LG,away,0,3,잠실,L,completed,20250423NCLG0,https://www.koreabaseball.com/Schedule/GameCenter/Main.aspx?gameDate=20250423&gameId=20250423NCLG0
2025-04-23,2025,두산,키움,away,8,2,고척,W,completed,20250423OBWO0,https://www.koreabaseball.com/Schedule/GameCenter/Main.aspx?gameDate=20250423&gameId=20250423OBWO0
2025-04-23,2025,키움,두산,home,2,8,고척,L,completed,20250423OBWO0,https://www.koreabaseball.com/Schedule/GameCenter/Main.aspx?gameDate=20250423&gameId=20250423OBWO0
2025-04-23,2025,KT,SSG,home,5,11,수원,L,completed,20250423SKKT0,https://www.koreabaseball.com/Schedule/GameCenter/Main.aspx?gameDate=20250423&gameId=20250423SKKT0
2025-04-23,2025,SSG,KT,away,11,5,수원,W,completed,20250423SKKT0,https://www.koreabaseball.com/Schedule/GameCenter/Main.aspx?gameDate=20250423&gameId=20250423SKKT0
2025-04-24,2025,롯데,한화,home,5,3,사직,W,completed,20250424HHLT0,https://www.koreabaseball.com/Schedule/GameCenter/Main.aspx?gameDate=20250424&gameId=20250424HHLT0
2025-04-24,2025,한화,롯데,away,3,5,사직,L,completed,20250424HHLT0,https://www.koreabaseball.com/Schedule/GameCenter/Main.aspx?gameDate=20250424&gameId=20250424HHLT0
2025-04-24,2025,KIA,삼성,away,5,17,대구,L,completed,20250424HTSS0,https://www.koreabaseball.com/Schedule/GameCenter/Main.aspx?gameDate=20250424&gameId=20250424HTSS0
2025-04-24,2025,삼성,KIA,home,17,5,대구,W,completed,20250424HTSS0,https://www.koreabaseball.com/Schedule/GameCenter/Main.aspx?gameDate=20250424&gameId=20250424HTSS0
2025-04-24,2025,LG,NC,home,1,3,잠실,L,completed,20250424NCLG0,https://www.koreabaseball.com/Schedule/GameCenter/Main.aspx?gameDate=20250424&gameId=20250424NCLG0
2025-04-24,2025,NC,LG,away,3,1,잠실,W,completed,20250424NCLG0,https://www.koreabaseball.com/Schedule/GameCenter/Main.aspx?gameDate=20250424&gameId=20250424NCLG0
2025-04-24,2025,두산,키움,away,9,3,고척,W,completed,20250424OBWO0,https://www.koreabaseball.com/Schedule/GameCenter/Main.aspx?gameDate=20250424&gameId=20250424OBWO0
2025-04-24,2025,키움,두산,home,3,9,고척,L,completed,20250424OBWO0,https://www.koreabaseball.com/Schedule/GameCenter/Main.aspx?gameDate=20250424&gameId=20250424OBWO0
2025-04-24,2025,KT,SSG,home,5,6,수원,L,completed,20250424SKKT0,https://www.koreabaseball.com/Schedule/GameCenter/Main.aspx?gameDate=20250424&gameId=20250424SKKT0
2025-04-24,2025,SSG,KT,away,6,5,수원,W,completed,20250424SKKT0,https://www.koreabaseball.com/Schedule/GameCenter/Main.aspx?gameDate=20250424&gameId=20250424SKKT0
2025-04-25,2025,KT,한화,away,2,1,대전,W,completed,20250425KTHH0,https://www.koreabaseball.com/Schedule/GameCenter/Main.aspx?gameDate=20250425&gameId=20250425KTHH0
2025-04-25,2025,한화,KT,home,1,2,대전,L,completed,20250425KTHH0,https://www.koreabaseball.com/Schedule/GameCenter/Main.aspx?gameDate=20250425&gameId=20250425KTHH0
2025-04-25,2025,KIA,LG,home,5,6,광주,L,completed,20250425LGHT0,https://www.koreabaseball.com/Schedule/GameCenter/Main.aspx?gameDate=20250425&gameId=20250425LGHT0
2025-04-25,2025,LG,KIA,away,6,5,광주,W,completed,20250425LGHT0,https://www.koreabaseball.com/Schedule/GameCenter/Main.aspx?gameDate=20250425&gameId=20250425LGHT0
2025-04-25,2025,두산,롯데,home,2,8,잠실,L,completed,20250425LTOB0,https://www.koreabaseball.com/Schedule/GameCenter/Main.aspx?gameDate=20250425&gameId=20250425LTOB0
2025-04-25,2025,롯데,두산,away,8,2,잠실,W,completed,20250425LTOB0,https://www.koreabaseball.com/Schedule/GameCenter/Main.aspx?gameDate=20250425&gameId=20250425LTOB0
2025-04-25,2025,NC,삼성,away,6,10,대구,L,completed,20250425NCSS0,https://www.koreabaseball.com/Schedule/GameCenter/Main.aspx?gameDate=20250425&gameId=20250425NCSS0
2025-04-25,2025,삼성,NC,home,10,6,대구,W,completed,20250425NCSS0,https://www.koreabaseball.com/Schedule/GameCenter/Main.aspx?gameDate=20250425&gameId=20250425NCSS0
2025-04-25,2025,SSG,키움,home,4,3,문학,W,completed,20250425WOSK0,https://www.koreabaseball.com/Schedule/GameCenter/Main.aspx?gameDate=20250425&gameId=20250425WOSK0
2025-04-25,2025,키움,SSG,away,3,4,문학,L,completed,20250425WOSK0,https://www.koreabaseball.com/Schedule/GameCenter/Main.aspx?gameDate=20250425&gameId=20250425WOSK0
2025-04-26,2025,KT,한화,away,1,2,대전,L,completed,20250426KTHH0,https://www.koreabaseball.com/Schedule/GameCenter/Main.aspx?gameDate=20250426&gameId=20250426KTHH0
2025-04-26,2025,한화,KT,home,2,1,대전,W,completed,20250426KTHH0,https://www.koreabaseball.com/Schedule/GameCenter/Main.aspx?gameDate=20250426&gameId=20250426KTHH0
2025-04-26,2025,KIA,LG,home,8,4,광주,W,completed,20250426LGHT0,https://www.koreabaseball.com/Schedule/GameCenter/Main.aspx?gameDate=20250426&gameId=20250426LGHT0
2025-04-26,2025,LG,KIA,away,4,8,광주,L,completed,20250426LGHT0,https://www.koreabaseball.com/Schedule/GameCenter/Main.aspx?gameDate=20250426&gameId=20250426LGHT0
2025-04-26,2025,두산,롯데,home,4,7,잠실,L,completed,20250426LTOB0,https://www.koreabaseball.com/Schedule/GameCenter/Main.aspx?gameDate=20250426&gameId=20250426LTOB0
2025-04-26,2025,롯데,두산,away,7,4,잠실,W,completed,20250426LTOB0,https://www.koreabaseball.com/Schedule/GameCenter/Main.aspx?gameDate=20250426&gameId=20250426LTOB0
2025-04-26,2025,NC,삼성,away,1,9,대구,L,completed,20250426NCSS0,https://www.koreabaseball.com/Schedule/GameCenter/Main.aspx?gameDate=20250426&gameId=20250426NCSS0
2025-04-26,2025,삼성,NC,home,9,1,대구,W,completed,20250426NCSS0,https://www.koreabaseball.com/Schedule/GameCenter/Main.aspx?gameDate=20250426&gameId=20250426NCSS0
2025-04-26,2025,SSG,키움,home,1,2,문학,L,completed,20250426WOSK0,https://www.koreabaseball.com/Schedule/GameCenter/Main.aspx?gameDate=20250426&gameId=20250426WOSK0
2025-04-26,2025,키움,SSG,away,2,1,문학,W,completed,20250426WOSK0,https://www.koreabaseball.com/Schedule/GameCenter/Main.aspx?gameDate=20250426&gameId=20250426WOSK0
2025-04-27,2025,KT,한화,away,3,4,대전,L,completed,20250427KTHH0,https://www.koreabaseball.com/Schedule/GameCenter/Main.aspx?gameDate=20250427&gameId=20250427KTHH0
2025-04-27,2025,한화,KT,home,4,3,대전,W,completed,20250427KTHH0,https://www.koreabaseball.com/Schedule/GameCenter/Main.aspx?gameDate=20250427&gameId=20250427KTHH0
2025-04-27,2025,KIA,LG,home,3,2,광주,W,completed,20250427LGHT0,https://www.koreabaseball.com/Schedule/GameCenter/Main.aspx?gameDate=20250427&gameId=20250427LGHT0
2025-04-27,2025,LG,KIA,away,2,3,광주,L,completed,20250427LGHT0,https://www.koreabaseball.com/Schedule/GameCenter/Main.aspx?gameDate=20250427&gameId=20250427LGHT0
2025-04-27,2025,두산,롯데,home,13,4,잠실,W,completed,20250427LTOB0,https://www.koreabaseball.com/Schedule/GameCenter/Main.aspx?gameDate=20250427&gameId=20250427LTOB0
2025-04-27,2025,롯데,두산,away,4,13,잠실,L,completed,20250427LTOB0,https://www.koreabaseball.com/Schedule/GameCenter/Main.aspx?gameDate=20250427&gameId=20250427LTOB0
2025-04-27,2025,NC,삼성,away,4,8,대구,L,completed,20250427NCSS0,https://www.koreabaseball.com/Schedule/GameCenter/Main.aspx?gameDate=20250427&gameId=20250427NCSS0
2025-04-27,2025,삼성,NC,home,8,4,대구,W,completed,20250427NCSS0,https://www.koreabaseball.com/Schedule/GameCenter/Main.aspx?gameDate=20250427&gameId=20250427NCSS0
2025-04-27,2025,SSG,키움,home,3,7,문학,L,completed,20250427WOSK0,https://www.koreabaseball.com/Schedule/GameCenter/Main.aspx?gameDate=20250427&gameId=20250427WOSK0
2025-04-27,2025,키움,SSG,away,7,3,문학,W,completed,20250427WOSK0,https://www.koreabaseball.com/Schedule/GameCenter/Main.aspx?gameDate=20250427&gameId=20250427WOSK0
2025-04-29,2025,KT,두산,away,3,2,잠실,W,completed,20250429KTOB0,https://www.koreabaseball.com/Schedule/GameCenter/Main.aspx?gameDate=20250429&gameId=20250429KTOB0
2025-04-29,2025,두산,KT,home,2,3,잠실,L,completed,20250429KTOB0,https://www.koreabaseball.com/Schedule/GameCenter/Main.aspx?gameDate=20250429&gameId=20250429KTOB0
2025-04-29,2025,LG,한화,away,2,3,대전,L,completed,20250429LGHH0,https://www.koreabaseball.com/Schedule/GameCenter/Main.aspx?gameDate=20250429&gameId=20250429LGHH0
2025-04-29,2025,한화,LG,home,3,2,대전,W,completed,20250429LGHH0,https://www.koreabaseball.com/Schedule/GameCenter/Main.aspx?gameDate=20250429&gameId=20250429LGHH0
2025-04-29,2025,롯데,키움,away,9,3,고척,W,completed,20250429LTWO0,https://www.koreabaseball.com/Schedule/GameCenter/Main.aspx?gameDate=20250429&gameId=20250429LTWO0
2025-04-29,2025,키움,롯데,home,3,9,고척,L,completed,20250429LTWO0,https://www.koreabaseball.com/Schedule/GameCenter/Main.aspx?gameDate=20250429&gameId=20250429LTWO0
2025-04-29,2025,KIA,NC,home,13,3,광주,W,completed,20250429NCHT0,https://www.koreabaseball.com/Schedule/GameCenter/Main.aspx?gameDate=20250429&gameId=20250429NCHT0
2025-04-29,2025,NC,KIA,away,3,13,광주,L,completed,20250429NCHT0,https://www.koreabaseball.com/Schedule/GameCenter/Main.aspx?gameDate=20250429&gameId=20250429NCHT0
2025-04-29,2025,SSG,삼성,home,1,3,문학,L,completed,20250429SSSK0,https://www.koreabaseball.com/Schedule/GameCenter/Main.aspx?gameDate=20250429&gameId=20250429SSSK0
2025-04-29,2025,삼성,SSG,away,3,1,문학,W,completed,20250429SSSK0,https://www.koreabaseball.com/Schedule/GameCenter/Main.aspx?gameDate=20250429&gameId=20250429SSSK0
2025-04-30,2025,KT,두산,away,8,3,잠실,W,completed,20250430KTOB0,https://www.koreabaseball.com/Schedule/GameCenter/Main.aspx?gameDate=20250430&gameId=20250430KTOB0
2025-04-30,2025,두산,KT,home,3,8,잠실,L,completed,20250430KTOB0,https://www.koreabaseball.com/Schedule/GameCenter/Main.aspx?gameDate=20250430&gameId=20250430KTOB0
2025-04-30,2025,LG,한화,away,2,5,대전,L,completed,20250430LGHH0,https://www.koreabaseball.com/Schedule/GameCenter/Main.aspx?gameDate=20250430&gameId=20250430LGHH0
2025-04-30,2025,한화,LG,home,5,2,대전,W,completed,20250430LGHH0,https://www.koreabaseball.com/Schedule/GameCenter/Main.aspx?gameDate=20250430&gameId=20250430LGHH0
2025-04-30,2025,롯데,키움,away,10,9,고척,W,completed,20250430LTWO0,https://www.koreabaseball.com/Schedule/GameCenter/Main.aspx?gameDate=20250430&gameId=20250430LTWO0
2025-04-30,2025,키움,롯데,home,9,10,고척,L,completed,20250430LTWO0,https://www.koreabaseball.com/Schedule/GameCenter/Main.aspx?gameDate=20250430&gameId=20250430LTWO0
2025-04-30,2025,KIA,NC,home,0,7,광주,L,completed,20250430NCHT0,https://www.koreabaseball.com/Schedule/GameCenter/Main.aspx?gameDate=20250430&gameId=20250430NCHT0
2025-04-30,2025,NC,KIA,away,7,0,광주,W,completed,20250430NCHT0,https://www.koreabaseball.com/Schedule/GameCenter/Main.aspx?gameDate=20250430&gameId=20250430NCHT0
2025-04-30,2025,SSG,삼성,home,6,6,문학,D,completed,20250430SSSK0,https://www.koreabaseball.com/Schedule/GameCenter/Main.aspx?gameDate=20250430&gameId=20250430SSSK0
2025-04-30,2025,삼성,SSG,away,6,6,문학,D,completed,20250430SSSK0,https://www.koreabaseball.com/Schedule/GameCenter/Main.aspx?gameDate=20250430&gameId=20250430SSSK0
2025-05-01,2025,KT,두산,away,3,3,잠실,D,completed,20250501KTOB0,https://www.koreabaseball.com/Schedule/GameCenter/Main.aspx?gameDate=20250501&gameId=20250501KTOB0
2025-05-01,2025,두산,KT,home,3,3,잠실,D,completed,20250501KTOB0,https://www.koreabaseball.com/Schedule/GameCenter/Main.aspx?gameDate=20250501&gameId=20250501KTOB0
2025-05-01,2025,롯데,키움,away,5,0,고척,W,completed,20250501LTWO0,https://www.koreabaseball.com/Schedule/GameCenter/Main.aspx?gameDate=20250501&gameId=20250501LTWO0
2025-05-01,2025,키움,롯데,home,0,5,고척,L,completed,20250501LTWO0,https://www.koreabaseball.com/Schedule/GameCenter/Main.aspx?gameDate=20250501&gameId=20250501LTWO0
2025-05-01,2025,SSG,삼성,home,4,1,문학,W,completed,20250501SSSK0,https://www.koreabaseball.com/Schedule/GameCenter/Main.aspx?gameDate=20250501&gameId=20250501SSSK0
2025-05-01,2025,삼성,SSG,away,1,4,문학,L,completed,20250501SSSK0,https://www.koreabaseball.com/Schedule/GameCenter/Main.aspx?gameDate=20250501&gameId=20250501SSSK0
2025-05-02,2025,KIA,한화,home,2,3,광주,L,completed,20250502HHHT0,https://www.koreabaseball.com/Schedule/GameCenter/Main.aspx?gameDate=20250502&gameId=20250502HHHT0
2025-05-02,2025,한화,KIA,away,3,2,광주,W,completed,20250502HHHT0,https://www.koreabaseball.com/Schedule/GameCenter/Main.aspx?gameDate=20250502&gameId=20250502HHHT0
2025-05-02,2025,NC,롯데,away,3,4,사직,L,completed,20250502NCLT0,https://www.koreabaseball.com/Schedule/GameCenter/Main.aspx?gameDate=20250502&gameId=20250502NCLT0
2025-05-02,2025,롯데,NC,home,4,3,사직,W,completed,20250502NCLT0,https://www.koreabaseball.com/Schedule/GameCenter/Main.aspx?gameDate=20250502&gameId=20250502NCLT0
2025-05-02,2025,두산,삼성,away,2,6,대구,L,completed,20250502OBSS0,https://www.koreabaseball.com/Schedule/GameCenter/Main.aspx?gameDate=20250502&gameId=20250502OBSS0
2025-05-02,2025,삼성,두산,home,6,2,대구,W,completed,20250502OBSS0,https://www.koreabaseball.com/Schedule/GameCenter/Main.aspx?gameDate=20250502&gameId=20250502OBSS0
2025-05-02,2025,LG,SSG,home,1,2,잠실,L,completed,20250502SKLG0,https://www.koreabaseball.com/Schedule/GameCenter/Main.aspx?gameDate=20250502&gameId=20250502SKLG0
2025-05-02,2025,SSG,LG,away,2,1,잠실,W,completed,20250502SKLG0,https://www.koreabaseball.com/Schedule/GameCenter/Main.aspx?gameDate=20250502&gameId=20250502SKLG0
2025-05-02,2025,KT,키움,home,3,5,수원,L,completed,20250502WOKT0,https://www.koreabaseball.com/Schedule/GameCenter/Main.aspx?gameDate=20250502&gameId=20250502WOKT0
2025-05-02,2025,키움,KT,away,5,3,수원,W,completed,20250502WOKT0,https://www.koreabaseball.com/Schedule/GameCenter/Main.aspx?gameDate=20250502&gameId=20250502WOKT0
2025-05-03,2025,NC,롯데,away,13,4,사직,W,completed,20250503NCLT0,https://www.koreabaseball.com/Schedule/GameCenter/Main.aspx?gameDate=20250503&gameId=20250503NCLT0
2025-05-03,2025,롯데,NC,home,4,13,사직,L,completed,20250503NCLT0,https://www.koreabaseball.com/Schedule/GameCenter/Main.aspx?gameDate=20250503&gameId=20250503NCLT0
2025-05-03,2025,두산,삼성,away,6,1,대구,W,completed,20250503OBSS0,https://www.koreabaseball.com/Schedule/GameCenter/Main.aspx?gameDate=20250503&gameId=20250503OBSS0
2025-05-03,2025,삼성,두산,home,1,6,대구,L,completed,20250503OBSS0,https://www.koreabaseball.com/Schedule/GameCenter/Main.aspx?gameDate=20250503&gameId=20250503OBSS0
2025-05-03,2025,LG,SSG,home,4,1,잠실,W,completed,20250503SKLG0,https://www.koreabaseball.com/Schedule/GameCenter/Main.aspx?gameDate=20250503&gameId=20250503SKLG0
2025-05-03,2025,SSG,LG,away,1,4,잠실,L,completed,20250503SKLG0,https://www.koreabaseball.com/Schedule/GameCenter/Main.aspx?gameDate=20250503&gameId=20250503SKLG0
2025-05-03,2025,KT,키움,home,9,0,수원,W,completed,20250503WOKT0,https://www.koreabaseball.com/Schedule/GameCenter/Main.aspx?gameDate=20250503&gameId=20250503WOKT0
2025-05-03,2025,키움,KT,away,0,9,수원,L,completed,20250503WOKT0,https://www.koreabaseball.com/Schedule/GameCenter/Main.aspx?gameDate=20250503&gameId=20250503WOKT0
2025-05-04,2025,KIA,한화,home,1,3,광주,L,completed,20250504HHHT0,https://www.koreabaseball.com/Schedule/GameCenter/Main.aspx?gameDate=20250504&gameId=20250504HHHT0
2025-05-04,2025,한화,KIA,away,3,1,광주,W,completed,20250504HHHT0,https://www.koreabaseball.com/Schedule/GameCenter/Main.aspx?gameDate=20250504&gameId=20250504HHHT0
2025-05-04,2025,NC,롯데,away,9,6,사직,W,completed,20250504NCLT0,https://www.koreabaseball.com/Schedule/GameCenter/Main.aspx?gameDate=20250504&gameId=20250504NCLT0
2025-05-04,2025,롯데,NC,home,6,9,사직,L,completed,20250504NCLT0,https://www.koreabaseball.com/Schedule/GameCenter/Main.aspx?gameDate=20250504&gameId=20250504NCLT0
2025-05-04,2025,두산,삼성,away,11,6,대구,W,completed,20250504OBSS0,https://www.koreabaseball.com/Schedule/GameCenter/Main.aspx?gameDate=20250504&gameId=20250504OBSS0
2025-05-04,2025,삼성,두산,home,6,11,대구,L,completed,20250504OBSS0,https://www.koreabaseball.com/Schedule/GameCenter/Main.aspx?gameDate=20250504&gameId=20250504OBSS0
2025-05-04,2025,LG,SSG,home,12,4,잠실,W,completed,20250504SKLG0,https://www.koreabaseball.com/Schedule/GameCenter/Main.aspx?gameDate=20250504&gameId=20250504SKLG0
2025-05-04,2025,SSG,LG,away,4,12,잠실,L,completed,20250504SKLG0,https://www.koreabaseball.com/Schedule/GameCenter/Main.aspx?gameDate=20250504&gameId=20250504SKLG0
2025-05-04,2025,KT,키움,home,5,4,수원,W,completed,20250504WOKT0,https://www.koreabaseball.com/Schedule/GameCenter/Main.aspx?gameDate=20250504&gameId=20250504WOKT0
2025-05-04,2025,키움,KT,away,4,5,수원,L,completed,20250504WOKT0,https://www.koreabaseball.com/Schedule/GameCenter/Main.aspx?gameDate=20250504&gameId=20250504WOKT0
2025-05-05,2025,KIA,키움,away,13,1,고척,W,completed,20250505HTWO0,https://www.koreabaseball.com/Schedule/GameCenter/Main.aspx?gameDate=20250505&gameId=20250505HTWO0
2025-05-05,2025,키움,KIA,home,1,13,고척,L,completed,20250505HTWO0,https://www.koreabaseball.com/Schedule/GameCenter/Main.aspx?gameDate=20250505&gameId=20250505HTWO0
2025-05-05,2025,LG,두산,away,2,5,잠실,L,completed,20250505LGOB0,https://www.koreabaseball.com/Schedule/GameCenter/Main.aspx?gameDate=20250505&gameId=20250505LGOB0
2025-05-05,2025,두산,LG,home,5,2,잠실,W,completed,20250505LGOB0,https://www.koreabaseball.com/Schedule/GameCenter/Main.aspx?gameDate=20250505&gameId=20250505LGOB0
2025-05-05,2025,KT,NC,home,2,6,수원,L,completed,20250505NCKT0,https://www.koreabaseball.com/Schedule/GameCenter/Main.aspx?gameDate=20250505&gameId=20250505NCKT0
2025-05-05,2025,NC,KT,away,6,2,수원,W,completed,20250505NCKT0,https://www.koreabaseball.com/Schedule/GameCenter/Main.aspx?gameDate=20250505&gameId=20250505NCKT0
2025-05-05,2025,SSG,롯데,away,7,1,사직,W,completed,20250505SKLT0,https://www.koreabaseball.com/Schedule/GameCenter/Main.aspx?gameDate=20250505&gameId=20250505SKLT0
2025-05-05,2025,롯데,SSG,home,1,7,사직,L,completed,20250505SKLT0,https://www.koreabaseball.com/Schedule/GameCenter/Main.aspx?gameDate=20250505&gameId=20250505SKLT0
2025-05-05,2025,삼성,한화,away,1,3,대전,L,completed,20250505SSHH0,https://www.koreabaseball.com/Schedule/GameCenter/Main.aspx?gameDate=20250505&gameId=20250505SSHH0
2025-05-05,2025,한화,삼성,home,3,1,대전,W,completed,20250505SSHH0,https://www.koreabaseball.com/Schedule/GameCenter/Main.aspx?gameDate=20250505&gameId=20250505SSHH0
2025-05-06,2025,KIA,키움,away,5,3,고척,W,completed,20250506HTWO0,https://www.koreabaseball.com/Schedule/GameCenter/Main.aspx?gameDate=20250506&gameId=20250506HTWO0
2025-05-06,2025,키움,KIA,home,3,5,고척,L,completed,20250506HTWO0,https://www.koreabaseball.com/Schedule/GameCenter/Main.aspx?gameDate=20250506&gameId=20250506HTWO0
2025-05-06,2025,LG,두산,away,5,1,잠실,W,completed,20250506LGOB0,https://www.koreabaseball.com/Schedule/GameCenter/Main.aspx?gameDate=20250506&gameId=20250506LGOB0
2025-05-06,2025,두산,LG,home,1,5,잠실,L,completed,20250506LGOB0,https://www.koreabaseball.com/Schedule/GameCenter/Main.aspx?gameDate=20250506&gameId=20250506LGOB0
2025-05-06,2025,KT,NC,home,3,6,수원,L,completed,20250506NCKT0,https://www.koreabaseball.com/Schedule/GameCenter/Main.aspx?gameDate=20250506&gameId=20250506NCKT0
2025-05-06,2025,NC,KT,away,6,3,수원,W,completed,20250506NCKT0,https://www.koreabaseball.com/Schedule/GameCenter/Main.aspx?gameDate=20250506&gameId=20250506NCKT0
2025-05-06,2025,SSG,롯데,away,0,6,사직,L,completed,20250506SKLT0,https://www.koreabaseball.com/Schedule/GameCenter/Main.aspx?gameDate=20250506&gameId=20250506SKLT0
2025-05-06,2025,롯데,SSG,home,6,0,사직,W,completed,20250506SKLT0,https://www.koreabaseball.com/Schedule/GameCenter/Main.aspx?gameDate=20250506&gameId=20250506SKLT0
2025-05-06,2025,삼성,한화,away,1,3,대전,L,completed,20250506SSHH0,https://www.koreabaseball.com/Schedule/GameCenter/Main.aspx?gameDate=20250506&gameId=20250506SSHH0
2025-05-06,2025,한화,삼성,home,3,1,대전,W,completed,20250506SSHH0,https://www.koreabaseball.com/Schedule/GameCenter/Main.aspx?gameDate=20250506&gameId=20250506SSHH0
2025-05-07,2025,KIA,키움,away,10,11,고척,L,completed,20250507HTWO0,https://www.koreabaseball.com/Schedule/GameCenter/Main.aspx?gameDate=20250507&gameId=20250507HTWO0
2025-05-07,2025,키움,KIA,home,11,10,고척,W,completed,20250507HTWO0,https://www.koreabaseball.com/Schedule/GameCenter/Main.aspx?gameDate=20250507&gameId=20250507HTWO0
2025-05-07,2025,LG,두산,away,2,5,잠실,L,completed,20250507LGOB0,https://www.koreabaseball.com/Schedule/GameCenter/Main.aspx?gameDate=20250507&gameId=20250507LGOB0
2025-05-07,2025,두산,LG,home,5,2,잠실,W,completed,20250507LGOB0,https://www.koreabaseball.com/Schedule/GameCenter/Main.aspx?gameDate=20250507&gameId=20250507LGOB0
2025-05-07,2025,KT,NC,home,2,12,수원,L,completed,20250507NCKT0,https://www.koreabaseball.com/Schedule/GameCenter/Main.aspx?gameDate=20250507&gameId=20250507NCKT0
2025-05-07,2025,NC,KT,away,12,2,수원,W,completed,20250507NCKT0,https://www.koreabaseball.com/Schedule/GameCenter/Main.aspx?gameDate=20250507&gameId=20250507NCKT0
2025-05-07,2025,SSG,롯데,away,2,6,사직,L,completed,20250507SKLT0,https://www.koreabaseball.com/Schedule/GameCenter/Main.aspx?gameDate=20250507&gameId=20250507SKLT0
2025-05-07,2025,롯데,SSG,home,6,2,사직,W,completed,20250507SKLT0,https://www.koreabaseball.com/Schedule/GameCenter/Main.aspx?gameDate=20250507&gameId=20250507SKLT0
2025-05-07,2025,삼성,한화,away,6,10,대전,L,completed,20250507SSHH0,https://www.koreabaseball.com/Schedule/GameCenter/Main.aspx?gameDate=20250507&gameId=20250507SSHH0
2025-05-07,2025,한화,삼성,home,10,6,대전,W,completed,20250507SSHH0,https://www.koreabaseball.com/Schedule/GameCenter/Main.aspx?gameDate=20250507&gameId=20250507SSHH0
2025-05-09,2025,키움,한화,home,5,7,고척,L,completed,20250509HHWO0,https://www.koreabaseball.com/Schedule/GameCenter/Main.aspx?gameDate=20250509&gameId=20250509HHWO0
2025-05-09,2025,한화,키움,away,7,5,고척,W,completed,20250509HHWO0,https://www.koreabaseball.com/Schedule/GameCenter/Main.aspx?gameDate=20250509&gameId=20250509HHWO0
2025-05-10,2025,키움,한화,home,1,9,고척,L,completed,20250510HHWO0,https://www.koreabaseball.com/Schedule/GameCenter/Main.aspx?gameDate=20250510&gameId=20250510HHWO0
2025-05-10,2025,한화,키움,away,9,1,고척,W,completed,20250510HHWO0,https://www.koreabaseball.com/Schedule/GameCenter/Main.aspx?gameDate=20250510&gameId=20250510HHWO0
2025-05-10,2025,KIA,SSG,away,5,4,문학,W,completed,20250510HTSK0,https://www.koreabaseball.com/Schedule/GameCenter/Main.aspx?gameDate=20250510&gameId=20250510HTSK0
2025-05-10,2025,SSG,KIA,home,4,5,문학,L,completed,20250510HTSK0,https://www.koreabaseball.com/Schedule/GameCenter/Main.aspx?gameDate=20250510&gameId=20250510HTSK0
2025-05-10,2025,LG,삼성,away,5,4,대구,W,completed,20250510LGSS1,https://www.koreabaseball.com/Schedule/GameCenter/Main.aspx?gameDate=20250510&gameId=20250510LGSS1
2025-05-10,2025,삼성,LG,home,4,5,대구,L,completed,20250510LGSS1,https://www.koreabaseball.com/Schedule/GameCenter/Main.aspx?gameDate=20250510&gameId=20250510LGSS1
2025-05-10,2025,LG,삼성,away,4,1,대구,W,completed,20250510LGSS2,https://www.koreabaseball.com/Schedule/GameCenter/Main.aspx?gameDate=20250510&gameId=20250510LGSS2
2025-05-10,2025,삼성,LG,home,1,4,대구,L,completed,20250510LGSS2,https://www.koreabaseball.com/Schedule/GameCenter/Main.aspx?gameDate=20250510&gameId=20250510LGSS2
2025-05-10,2025,KT,롯데,home,5,8,수원,L,completed,20250510LTKT0,https://www.koreabaseball.com/Schedule/GameCenter/Main.aspx?gameDate=20250510&gameId=20250510LTKT0
2025-05-10,2025,롯데,KT,away,8,5,수원,W,completed,20250510LTKT0,https://www.koreabaseball.com/Schedule/GameCenter/Main.aspx?gameDate=20250510&gameId=20250510LTKT0
2025-05-10,2025,NC,두산,away,6,6,잠실,D,completed,20250510NCOB0,https://www.koreabaseball.com/Schedule/GameCenter/Main.aspx?gameDate=20250510&gameId=20250510NCOB0
2025-05-10,2025,두산,NC,home,6,6,잠실,D,completed,20250510NCOB0,https://www.koreabaseball.com/Schedule/GameCenter/Main.aspx?gameDate=20250510&gameId=20250510NCOB0
2025-05-11,2025,키움,한화,home,0,8,고척,L,completed,20250511HHWO0,https://www.koreabaseball.com/Schedule/GameCenter/Main.aspx?gameDate=20250511&gameId=20250511HHWO0
2025-05-11,2025,한화,키움,away,8,0,고척,W,completed,20250511HHWO0,https://www.koreabaseball.com/Schedule/GameCenter/Main.aspx?gameDate=20250511&gameId=20250511HHWO0
2025-05-11,2025,KIA,SSG,away,4,8,문학,L,completed,20250511HTSK1,https://www.koreabaseball.com/Schedule/GameCenter/Main.aspx?gameDate=20250511&gameId=20250511HTSK1
2025-05-11,2025,SSG,KIA,home,8,4,문학,W,completed,20250511HTSK1,https://www.koreabaseball.com/Schedule/GameCenter/Main.aspx?gameDate=20250511&gameId=20250511HTSK1
2025-05-11,2025,KIA,SSG,away,1,5,문학,L,completed,20250511HTSK2,https://www.koreabaseball.com/Schedule/GameCenter/Main.aspx?gameDate=20250511&gameId=20250511HTSK2
2025-05-11,2025,SSG,KIA,home,5,1,문학,W,completed,20250511HTSK2,https://www.koreabaseball.com/Schedule/GameCenter/Main.aspx?gameDate=20250511&gameId=20250511HTSK2
2025-05-11,2025,LG,삼성,away,7,4,대구,W,completed,20250511LGSS0,https://www.koreabaseball.com/Schedule/GameCenter/Main.aspx?gameDate=20250511&gameId=20250511LGSS0
2025-05-11,2025,삼성,LG,home,4,7,대구,L,completed,20250511LGSS0,https://www.koreabaseball.com/Schedule/GameCenter/Main.aspx?gameDate=20250511&gameId=20250511LGSS0
2025-05-11,2025,KT,롯데,home,1,6,수원,L,completed,20250511LTKT1,https://www.koreabaseball.com/Schedule/GameCenter/Main.aspx?gameDate=20250511&gameId=20250511LTKT1
2025-05-11,2025,롯데,KT,away,6,1,수원,W,completed,20250511LTKT1,https://www.koreabaseball.com/Schedule/GameCenter/Main.aspx?gameDate=20250511&gameId=20250511LTKT1
2025-05-11,2025,KT,롯데,home,1,1,수원,D,completed,20250511LTKT2,https://www.koreabaseball.com/Schedule/GameCenter/Main.aspx?gameDate=20250511&gameId=20250511LTKT2
2025-05-11,2025,롯데,KT,away,1,1,수원,D,completed,20250511LTKT2,https://www.koreabaseball.com/Schedule/GameCenter/Main.aspx?gameDate=20250511&gameId=20250511LTKT2
2025-05-11,2025,NC,두산,away,11,5,잠실,W,completed,20250511NCOB1,https://www.koreabaseball.com/Schedule/GameCenter/Main.aspx?gameDate=20250511&gameId=20250511NCOB1
2025-05-11,2025,두산,NC,home,5,11,잠실,L,completed,20250511NCOB1,https://www.koreabaseball.com/Schedule/GameCenter/Main.aspx?gameDate=20250511&gameId=20250511NCOB1
2025-05-11,2025,NC,두산,away,5,2,잠실,W,completed,20250511NCOB2,https://www.koreabaseball.com/Schedule/GameCenter/Main.aspx?gameDate=20250511&gameId=20250511NCOB2
2025-05-11,2025,두산,NC,home,2,5,잠실,L,completed,20250511NCOB2,https://www.koreabaseball.com/Schedule/GameCenter/Main.aspx?gameDate=20250511&gameId=20250511NCOB2
2025-05-13,2025,KT,삼성,away,3,5,포항,L,completed,20250513KTSS0,https://www.koreabaseball.com/Schedule/GameCenter/Main.aspx?gameDate=20250513&gameId=20250513KTSS0
2025-05-13,2025,삼성,KT,home,5,3,포항,W,completed,20250513KTSS0,https://www.koreabaseball.com/Schedule/GameCenter/Main.aspx?gameDate=20250513&gameId=20250513KTSS0
2025-05-13,2025,KIA,롯데,home,4,1,광주,W,completed,20250513LTHT0,https://www.koreabaseball.com/Schedule/GameCenter/Main.aspx?gameDate=20250513&gameId=20250513LTHT0
2025-05-13,2025,롯데,KIA,away,1,4,광주,L,completed,20250513LTHT0,https://www.koreabaseball.com/Schedule/GameCenter/Main.aspx?gameDate=20250513&gameId=20250513LTHT0
2025-05-13,2025,NC,SSG,away,3,6,문학,L,completed,20250513NCSK0,https://www.koreabaseball.com/Schedule/GameCenter/Main.aspx?gameDate=20250513&gameId=20250513NCSK0
2025-05-13,2025,SSG,NC,home,6,3,문학,W,completed,20250513NCSK0,https://www.koreabaseball.com/Schedule/GameCenter/Main.aspx?gameDate=20250513&gameId=20250513NCSK0
2025-05-13,2025,두산,한화,away,4,3,대전,W,completed,20250513OBHH0,https://www.koreabaseball.com/Schedule/GameCenter/Main.aspx?gameDate=20250513&gameId=20250513OBHH0
2025-05-13,2025,한화,두산,home,3,4,대전,L,completed,20250513OBHH0,https://www.koreabaseball.com/Schedule/GameCenter/Main.aspx?gameDate=20250513&gameId=20250513OBHH0
2025-05-13,2025,LG,키움,home,9,6,잠실,W,completed,20250513WOLG0,https://www.koreabaseball.com/Schedule/GameCenter/Main.aspx?gameDate=20250513&gameId=20250513WOLG0
2025-05-13,2025,키움,LG,away,6,9,잠실,L,completed,20250513WOLG0,https://www.koreabaseball.com/Schedule/GameCenter/Main.aspx?gameDate=20250513&gameId=20250513WOLG0
2025-05-14,2025,KT,삼성,away,3,2,포항,W,completed,20250514KTSS0,https://www.koreabaseball.com/Schedule/GameCenter/Main.aspx?gameDate=20250514&gameId=20250514KTSS0
2025-05-14,2025,삼성,KT,home,2,3,포항,L,completed,20250514KTSS0,https://www.koreabaseball.com/Schedule/GameCenter/Main.aspx?gameDate=20250514&gameId=20250514KTSS0
2025-05-14,2025,KIA,롯데,home,0,4,광주,L,completed,20250514LTHT0,https://www.koreabaseball.com/Schedule/GameCenter/Main.aspx?gameDate=20250514&gameId=20250514LTHT0
2025-05-14,2025,롯데,KIA,away,4,0,광주,W,completed,20250514LTHT0,https://www.koreabaseball.com/Schedule/GameCenter/Main.aspx?gameDate=20250514&gameId=20250514LTHT0
2025-05-14,2025,NC,SSG,away,6,3,문학,W,completed,20250514NCSK0,https://www.koreabaseball.com/Schedule/GameCenter/Main.aspx?gameDate=20250514&gameId=20250514NCSK0
2025-05-14,2025,SSG,NC,home,3,6,문학,L,completed,20250514NCSK0,https://www.koreabaseball.com/Schedule/GameCenter/Main.aspx?gameDate=20250514&gameId=20250514NCSK0
2025-05-14,2025,두산,한화,away,7,1,대전,W,completed,20250514OBHH0,https://www.koreabaseball.com/Schedule/GameCenter/Main.aspx?gameDate=20250514&gameId=20250514OBHH0
2025-05-14,2025,한화,두산,home,1,7,대전,L,completed,20250514OBHH0,https://www.koreabaseball.com/Schedule/GameCenter/Main.aspx?gameDate=20250514&gameId=20250514OBHH0
2025-05-14,2025,LG,키움,home,12,0,잠실,W,completed,20250514WOLG0,https://www.koreabaseball.com/Schedule/GameCenter/Main.aspx?gameDate=20250514&gameId=20250514WOLG0
2025-05-14,2025,키움,LG,away,0,12,잠실,L,completed,20250514WOLG0,https://www.koreabaseball.com/Schedule/GameCenter/Main.aspx?gameDate=20250514&gameId=20250514WOLG0
2025-05-15,2025,KT,삼성,away,0,13,포항,L,completed,20250515KTSS0,https://www.koreabaseball.com/Schedule/GameCenter/Main.aspx?gameDate=20250515&gameId=20250515KTSS0
2025-05-15,2025,삼성,KT,home,13,0,포항,W,completed,20250515KTSS0,https://www.koreabaseball.com/Schedule/GameCenter/Main.aspx?gameDate=20250515&gameId=20250515KTSS0
2025-05-15,2025,KIA,롯데,home,7,6,광주,W,completed,20250515LTHT0,https://www.koreabaseball.com/Schedule/GameCenter/Main.aspx?gameDate=20250515&gameId=20250515LTHT0
2025-05-15,2025,롯데,KIA,away,6,7,광주,L,completed,20250515LTHT0,https://www.koreabaseball.com/Schedule/GameCenter/Main.aspx?gameDate=20250515&gameId=20250515LTHT0
2025-05-15,2025,NC,SSG,away,0,4,문학,L,completed,20250515NCSK0,https://www.koreabaseball.com/Schedule/GameCenter/Main.aspx?gameDate=20250515&gameId=20250515NCSK0
2025-05-15,2025,SSG,NC,home,4,0,문학,W,completed,20250515NCSK0,https://www.koreabaseball.com/Schedule/GameCenter/Main.aspx?gameDate=20250515&gameId=20250515NCSK0
2025-05-15,2025,두산,한화,away,8,2,대전,W,completed,20250515OBHH0,https://www.koreabaseball.com/Schedule/GameCenter/Main.aspx?gameDate=20250515&gameId=20250515OBHH0
2025-05-15,2025,한화,두산,home,2,8,대전,L,completed,20250515OBHH0,https://www.koreabaseball.com/Schedule/GameCenter/Main.aspx?gameDate=20250515&gameId=20250515OBHH0
2025-05-15,2025,LG,키움,home,6,2,잠실,W,completed,20250515WOLG0,https://www.koreabaseball.com/Schedule/GameCenter/Main.aspx?gameDate=20250515&gameId=20250515WOLG0
2025-05-15,2025,키움,LG,away,2,6,잠실,L,completed,20250515WOLG0,https://www.koreabaseball.com/Schedule/GameCenter/Main.aspx?gameDate=20250515&gameId=20250515WOLG0
2025-05-17,2025,KT,LG,away,12,4,잠실,W,completed,20250517KTLG1,https://www.koreabaseball.com/Schedule/GameCenter/Main.aspx?gameDate=20250517&gameId=20250517KTLG1
2025-05-17,2025,LG,KT,home,4,12,잠실,L,completed,20250517KTLG1,https://www.koreabaseball.com/Schedule/GameCenter/Main.aspx?gameDate=20250517&gameId=20250517KTLG1
2025-05-17,2025,KT,LG,away,7,6,잠실,W,completed,20250517KTLG2,https://www.koreabaseball.com/Schedule/GameCenter/Main.aspx?gameDate=20250517&gameId=20250517KTLG2
2025-05-17,2025,LG,KT,home,6,7,잠실,L,completed,20250517KTLG2,https://www.koreabaseball.com/Schedule/GameCenter/Main.aspx?gameDate=20250517&gameId=20250517KTLG2
2025-05-17,2025,KIA,두산,home,5,2,광주,W,completed,20250517OBHT1,https://www.koreabaseball.com/Schedule/GameCenter/Main.aspx?gameDate=20250517&gameId=20250517OBHT1
2025-05-17,2025,두산,KIA,away,2,5,광주,L,completed,20250517OBHT1,https://www.koreabaseball.com/Schedule/GameCenter/Main.aspx?gameDate=20250517&gameId=20250517OBHT1
2025-05-17,2025,KIA,두산,home,4,1,광주,W,completed,20250517OBHT2,https://www.koreabaseball.com/Schedule/GameCenter/Main.aspx?gameDate=20250517&gameId=20250517OBHT2
2025-05-17,2025,두산,KIA,away,1,4,광주,L,completed,20250517OBHT2,https://www.koreabaseball.com/Schedule/GameCenter/Main.aspx?gameDate=20250517&gameId=20250517OBHT2
2025-05-17,2025,SSG,한화,away,0,1,대전,L,completed,20250517SKHH1,https://www.koreabaseball.com/Schedule/GameCenter/Main.aspx?gameDate=20250517&gameId=20250517SKHH1
2025-05-17,2025,한화,SSG,home,1,0,대전,W,completed,20250517SKHH1,https://www.koreabaseball.com/Schedule/GameCenter/Main.aspx?gameDate=20250517&gameId=20250517SKHH1
2025-05-17,2025,SSG,한화,away,5,2,대전,W,completed,20250517SKHH2,https://www.koreabaseball.com/Schedule/GameCenter/Main.aspx?gameDate=20250517&gameId=20250517SKHH2
2025-05-17,2025,한화,SSG,home,2,5,대전,L,completed,20250517SKHH2,https://www.koreabaseball.com/Schedule/GameCenter/Main.aspx?gameDate=20250517&gameId=20250517SKHH2
2025-05-17,2025,롯데,삼성,home,7,5,사직,W,completed,20250517SSLT1,https://www.koreabaseball.com/Schedule/GameCenter/Main.aspx?gameDate=20250517&gameId=20250517SSLT1
2025-05-17,2025,삼성,롯데,away,5,7,사직,L,completed,20250517SSLT1,https://www.koreabaseball.com/Schedule/GameCenter/Main.aspx?gameDate=20250517&gameId=20250517SSLT1
2025-05-17,2025,롯데,삼성,home,8,7,사직,W,completed,20250517SSLT2,https://www.koreabaseball.com/Schedule/GameCenter/Main.aspx?gameDate=20250517&gameId=20250517SSLT2
2025-05-17,2025,삼성,롯데,away,7,8,사직,L,completed,20250517SSLT2,https://www.koreabaseball.com/Schedule/GameCenter/Main.aspx?gameDate=20250517&gameId=20250517SSLT2
2025-05-17,2025,NC,키움,home,3,2,울산,W,completed,20250517WONC1,https://www.koreabaseball.com/Schedule/GameCenter/Main.aspx?gameDate=20250517&gameId=20250517WONC1
2025-05-17,2025,키움,NC,away,2,3,울산,L,completed,20250517WONC1,https://www.koreabaseball.com/Schedule/GameCenter/Main.aspx?gameDate=20250517&gameId=20250517WONC1
2025-05-17,2025,NC,키움,home,2,3,울산,L,completed,20250517WONC2,https://www.koreabaseball.com/Schedule/GameCenter/Main.aspx?gameDate=20250517&gameId=20250517WONC2
2025-05-17,2025,키움,NC,away,3,2,울산,W,completed,20250517WONC2,https://www.koreabaseball.com/Schedule/GameCenter/Main.aspx?gameDate=20250517&gameId=20250517WONC2
2025-05-18,2025,KT,LG,away,1,5,잠실,L,completed,20250518KTLG0,https://www.koreabaseball.com/Schedule/GameCenter/Main.aspx?gameDate=20250518&gameId=20250518KTLG0
2025-05-18,2025,LG,KT,home,5,1,잠실,W,completed,20250518KTLG0,https://www.koreabaseball.com/Schedule/GameCenter/Main.aspx?gameDate=20250518&gameId=20250518KTLG0
2025-05-18,2025,KIA,두산,home,5,4,광주,W,completed,20250518OBHT0,https://www.koreabaseball.com/Schedule/GameCenter/Main.aspx?gameDate=20250518&gameId=20250518OBHT0
2025-05-18,2025,두산,KIA,away,4,5,광주,L,completed,20250518OBHT0,https://www.koreabaseball.com/Schedule/GameCenter/Main.aspx?gameDate=20250518&gameId=20250518OBHT0
2025-05-18,2025,SSG,한화,away,7,3,대전,W,completed,20250518SKHH0,https://www.koreabaseball.com/Schedule/GameCenter/Main.aspx?gameDate=20250518&gameId=20250518SKHH0
2025-05-18,2025,한화,SSG,home,3,7,대전,L,completed,20250518SKHH0,https://www.koreabaseball.com/Schedule/GameCenter/Main.aspx?gameDate=20250518&gameId=20250518SKHH0
2025-05-18,2025,롯데,삼성,home,6,3,사직,W,completed,20250518SSLT0,https://www.koreabaseball.com/Schedule/GameCenter/Main.aspx?gameDate=20250518&gameId=20250518SSLT0
2025-05-18,2025,삼성,롯데,away,3,6,사직,L,completed,20250518SSLT0,https://www.koreabaseball.com/Schedule/GameCenter/Main.aspx?gameDate=20250518&gameId=20250518SSLT0
2025-05-18,2025,NC,키움,home,5,0,울산,W,completed,20250518WONC0,https://www.koreabaseball.com/Schedule/GameCenter/Main.aspx?gameDate=20250518&gameId=20250518WONC0
2025-05-18,2025,키움,NC,away,0,5,울산,L,completed,20250518WONC0,https://www.koreabaseball.com/Schedule/GameCenter/Main.aspx?gameDate=20250518&gameId=20250518WONC0
2025-05-20,2025,NC,한화,home,1,4,울산,L,completed,20250520HHNC0,https://www.koreabaseball.com/Schedule/GameCenter/Main.aspx?gameDate=20250520&gameId=20250520HHNC0
2025-05-20,2025,한화,NC,away,4,1,울산,W,completed,20250520HHNC0,https://www.koreabaseball.com/Schedule/GameCenter/Main.aspx?gameDate=20250520&gameId=20250520HHNC0
2025-05-20,2025,KIA,KT,away,3,5,수원,L,completed,20250520HTKT0,https://www.koreabaseball.com/Schedule/GameCenter/Main.aspx?gameDate=20250520&gameId=20250520HTKT0
2025-05-20,2025,KT,KIA,home,5,3,수원,W,completed,20250520HTKT0,https://www.koreabaseball.com/Schedule/GameCenter/Main.aspx?gameDate=20250520&gameId=20250520HTKT0
2025-05-20,2025,LG,롯데,away,17,9,사직,W,completed,20250520LGLT0,https://www.koreabaseball.com/Schedule/GameCenter/Main.aspx?gameDate=20250520&gameId=20250520LGLT0
2025-05-20,2025,롯데,LG,home,9,17,사직,L,completed,20250520LGLT0,https://www.koreabaseball.com/Schedule/GameCenter/Main.aspx?gameDate=20250520&gameId=20250520LGLT0
2025-05-20,2025,SSG,두산,away,5,3,잠실,W,completed,20250520SKOB0,https://www.koreabaseball.com/Schedule/GameCenter/Main.aspx?gameDate=20250520&gameId=20250520SKOB0
2025-05-20,2025,두산,SSG,home,3,5,잠실,L,completed,20250520SKOB0,https://www.koreabaseball.com/Schedule/GameCenter/Main.aspx?gameDate=20250520&gameId=20250520SKOB0
2025-05-20,2025,삼성,키움,away,6,3,고척,W,completed,20250520SSWO0,https://www.koreabaseball.com/Schedule/GameCenter/Main.aspx?gameDate=20250520&gameId=20250520SSWO0
2025-05-20,2025,키움,삼성,home,3,6,고척,L,completed,20250520SSWO0,https://www.koreabaseball.com/Schedule/GameCenter/Main.aspx?gameDate=20250520&gameId=20250520SSWO0
2025-05-21,2025,NC,한화,home,5,2,울산,W,completed,20250521HHNC0,https://www.koreabaseball.com/Schedule/GameCenter/Main.aspx?gameDate=20250521&gameId=20250521HHNC0
2025-05-21,2025,한화,NC,away,2,5,울산,L,completed,20250521HHNC0,https://www.koreabaseball.com/Schedule/GameCenter/Main.aspx?gameDate=20250521&gameId=20250521HHNC0
2025-05-21,2025,KIA,KT,away,1,3,수원,L,completed,20250521HTKT0,https://www.koreabaseball.com/Schedule/GameCenter/Main.aspx?gameDate=20250521&gameId=20250521HTKT0
2025-05-21,2025,KT,KIA,home,3,1,수원,W,completed,20250521HTKT0,https://www.koreabaseball.com/Schedule/GameCenter/Main.aspx?gameDate=20250521&gameId=20250521HTKT0
2025-05-21,2025,LG,롯데,away,7,7,사직,D,completed,20250521LGLT0,https://www.koreabaseball.com/Schedule/GameCenter/Main.aspx?gameDate=20250521&gameId=20250521LGLT0
2025-05-21,2025,롯데,LG,home,7,7,사직,D,completed,20250521LGLT0,https://www.koreabaseball.com/Schedule/GameCenter/Main.aspx?gameDate=20250521&gameId=20250521LGLT0
2025-05-21,2025,SSG,두산,away,9,1,잠실,W,completed,20250521SKOB0,https://www.koreabaseball.com/Schedule/GameCenter/Main.aspx?gameDate=20250521&gameId=20250521SKOB0
2025-05-21,2025,두산,SSG,home,1,9,잠실,L,completed,20250521SKOB0,https://www.koreabaseball.com/Schedule/GameCenter/Main.aspx?gameDate=20250521&gameId=20250521SKOB0
2025-05-21,2025,삼성,키움,away,6,1,고척,W,completed,20250521SSWO0,https://www.koreabaseball.com/Schedule/GameCenter/Main.aspx?gameDate=20250521&gameId=20250521SSWO0
2025-05-21,2025,키움,삼성,home,1,6,고척,L,completed,20250521SSWO0,https://www.koreabaseball.com/Schedule/GameCenter/Main.aspx?gameDate=20250521&gameId=20250521SSWO0
2025-05-22,2025,NC,한화,home,4,3,울산,W,completed,20250522HHNC0,https://www.koreabaseball.com/Schedule/GameCenter/Main.aspx?gameDate=20250522&gameId=20250522HHNC0
2025-05-22,2025,한화,NC,away,3,4,울산,L,completed,20250522HHNC0,https://www.koreabaseball.com/Schedule/GameCenter/Main.aspx?gameDate=20250522&gameId=20250522HHNC0
2025-05-22,2025,KIA,KT,away,8,3,수원,W,completed,20250522HTKT0,https://www.koreabaseball.com/Schedule/GameCenter/Main.aspx?gameDate=20250522&gameId=20250522HTKT0
2025-05-22,2025,KT,KIA,home,3,8,수원,L,completed,20250522HTKT0,https://www.koreabaseball.com/Schedule/GameCenter/Main.aspx?gameDate=20250522&gameId=20250522HTKT0
2025-05-22,2025,LG,롯데,away,4,11,사직,L,completed,20250522LGLT0,https://www.koreabaseball.com/Schedule/GameCenter/Main.aspx?gameDate=20250522&gameId=20250522LGLT0
2025-05-22,2025,롯데,LG,home,11,4,사직,W,completed,20250522LGLT0,https://www.koreabaseball.com/Schedule/GameCenter/Main.aspx?gameDate=20250522&gameId=20250522LGLT0
2025-05-22,2025,SSG,두산,away,5,6,잠실,L,completed,20250522SKOB0,https://www.koreabaseball.com/Schedule/GameCenter/Main.aspx?gameDate=20250522&gameId=20250522SKOB0
2025-05-22,2025,두산,SSG,home,6,5,잠실,W,completed,20250522SKOB0,https://www.koreabaseball.com/Schedule/GameCenter/Main.aspx?gameDate=20250522&gameId=20250522SKOB0
2025-05-22,2025,삼성,키움,away,2,0,고척,W,completed,20250522SSWO0,https://www.koreabaseball.com/Schedule/GameCenter/Main.aspx?gameDate=20250522&gameId=20250522SSWO0
2025-05-22,2025,키움,삼성,home,0,2,고척,L,completed,20250522SSWO0,https://www.koreabaseball.com/Schedule/GameCenter/Main.aspx?gameDate=20250522&gameId=20250522SSWO0
2025-05-23,2025,KIA,삼성,away,7,6,대구,W,completed,20250523HTSS0,https://www.koreabaseball.com/Schedule/GameCenter/Main.aspx?gameDate=20250523&gameId=20250523HTSS0
2025-05-23,2025,삼성,KIA,home,6,7,대구,L,completed,20250523HTSS0,https://www.koreabaseball.com/Schedule/GameCenter/Main.aspx?gameDate=20250523&gameId=20250523HTSS0
2025-05-23,2025,KT,키움,away,7,5,고척,W,completed,20250523KTWO0,https://www.koreabaseball.com/Schedule/GameCenter/Main.aspx?gameDate=20250523&gameId=20250523KTWO0
2025-05-23,2025,키움,KT,home,5,7,고척,L,completed,20250523KTWO0,https://www.koreabaseball.com/Schedule/GameCenter/Main.aspx?gameDate=20250523&gameId=20250523KTWO0
2025-05-23,2025,LG,SSG,away,3,2,문학,W,completed,20250523LGSK0,https://www.koreabaseball.com/Schedule/GameCenter/Main.aspx?gameDate=20250523&gameId=20250523LGSK0
2025-05-23,2025,SSG,LG,home,2,3,문학,L,completed,20250523LGSK0,https://www.koreabaseball.com/Schedule/GameCenter/Main.aspx?gameDate=20250523&gameId=20250523LGSK0
2025-05-23,2025,롯데,한화,away,2,4,대전,L,completed,20250523LTHH0,https://www.koreabaseball.com/Schedule/GameCenter/Main.aspx?gameDate=20250523&gameId=20250523LTHH0
2025-05-23,2025,한화,롯데,home,4,2,대전,W,completed,20250523LTHH0,https://www.koreabaseball.com/Schedule/GameCenter/Main.aspx?gameDate=20250523&gameId=20250523LTHH0
2025-05-23,2025,NC,두산,away,1,1,잠실,D,completed,20250523NCOB0,https://www.koreabaseball.com/Schedule/GameCenter/Main.aspx?gameDate=20250523&gameId=20250523NCOB0
2025-05-23,2025,두산,NC,home,1,1,잠실,D,completed,20250523NCOB0,https://www.koreabaseball.com/Schedule/GameCenter/Main.aspx?gameDate=20250523&gameId=20250523NCOB0
2025-05-24,2025,KIA,삼성,away,4,8,대구,L,completed,20250524HTSS0,https://www.koreabaseball.com/Schedule/GameCenter/Main.aspx?gameDate=20250524&gameId=20250524HTSS0
2025-05-24,2025,삼성,KIA,home,8,4,대구,W,completed,20250524HTSS0,https://www.koreabaseball.com/Schedule/GameCenter/Main.aspx?gameDate=20250524&gameId=20250524HTSS0
2025-05-24,2025,KT,키움,away,10,4,고척,W,completed,20250524KTWO0,https://www.koreabaseball.com/Schedule/GameCenter/Main.aspx?gameDate=20250524&gameId=20250524KTWO0
2025-05-24,2025,키움,KT,home,4,10,고척,L,completed,20250524KTWO0,https://www.koreabaseball.com/Schedule/GameCenter/Main.aspx?gameDate=20250524&gameId=20250524KTWO0
2025-05-24,2025,LG,SSG,away,4,5,문학,L,completed,20250524LGSK0,https://www.koreabaseball.com/Schedule/GameCenter/Main.aspx?gameDate=20250524&gameId=20250524LGSK0
2025-05-24,2025,SSG,LG,home,5,4,문학,W,completed,20250524LGSK0,https://www.koreabaseball.com/Schedule/GameCenter/Main.aspx?gameDate=20250524&gameId=20250524LGSK0
2025-05-24,2025,롯데,한화,away,8,6,대전,W,completed,20250524LTHH0,https://www.koreabaseball.com/Schedule/GameCenter/Main.aspx?gameDate=20250524&gameId=20250524LTHH0
2025-05-24,2025,한화,롯데,home,6,8,대전,L,completed,20250524LTHH0,https://www.koreabaseball.com/Schedule/GameCenter/Main.aspx?gameDate=20250524&gameId=20250524LTHH0
2025-05-24,2025,NC,두산,away,5,1,잠실,W,completed,20250524NCOB0,https://www.koreabaseball.com/Schedule/GameCenter/Main.aspx?gameDate=20250524&gameId=20250524NCOB0
2025-05-24,2025,두산,NC,home,1,5,잠실,L,completed,20250524NCOB0,https://www.koreabaseball.com/Schedule/GameCenter/Main.aspx?gameDate=20250524&gameId=20250524NCOB0
2025-05-25,2025,KIA,삼성,away,2,3,대구,L,completed,20250525HTSS0,https://www.koreabaseball.com/Schedule/GameCenter/Main.aspx?gameDate=20250525&gameId=20250525HTSS0
2025-05-25,2025,삼성,KIA,home,3,2,대구,W,completed,20250525HTSS0,https://www.koreabaseball.com/Schedule/GameCenter/Main.aspx?gameDate=20250525&gameId=20250525HTSS0
2025-05-25,2025,KT,키움,away,2,0,고척,W,completed,20250525KTWO0,https://www.koreabaseball.com/Schedule/GameCenter/Main.aspx?gameDate=20250525&gameId=20250525KTWO0
2025-05-25,2025,키움,KT,home,0,2,고척,L,completed,20250525KTWO0,https://www.koreabaseball.com/Schedule/GameCenter/Main.aspx?gameDate=20250525&gameId=20250525KTWO0
2025-05-25,2025,LG,SSG,away,9,3,문학,W,completed,20250525LGSK0,https://www.koreabaseball.com/Schedule/GameCenter/Main.aspx?gameDate=20250525&gameId=20250525LGSK0
2025-05-25,2025,SSG,LG,home,3,9,문학,L,completed,20250525LGSK0,https://www.koreabaseball.com/Schedule/GameCenter/Main.aspx?gameDate=20250525&gameId=20250525LGSK0
2025-05-25,2025,롯데,한화,away,7,8,대전,L,completed,20250525LTHH0,https://www.koreabaseball.com/Schedule/GameCenter/Main.aspx?gameDate=20250525&gameId=20250525LTHH0
2025-05-25,2025,한화,롯데,home,8,7,대전,W,completed,20250525LTHH0,https://www.koreabaseball.com/Schedule/GameCenter/Main.aspx?gameDate=20250525&gameId=20250525LTHH0
2025-05-25,2025,NC,두산,away,3,5,잠실,L,completed,20250525NCOB0,https://www.koreabaseball.com/Schedule/GameCenter/Main.aspx?gameDate=20250525&gameId=20250525NCOB0
2025-05-25,2025,두산,NC,home,5,3,잠실,W,completed,20250525NCOB0,https://www.koreabaseball.com/Schedule/GameCenter/Main.aspx?gameDate=20250525&gameId=20250525NCOB0
2025-05-27,2025,LG,한화,home,2,1,잠실,W,completed,20250527HHLG0,https://www.koreabaseball.com/Schedule/GameCenter/Main.aspx?gameDate=20250527&gameId=20250527HHLG0
2025-05-27,2025,한화,LG,away,1,2,잠실,L,completed,20250527HHLG0,https://www.koreabaseball.com/Schedule/GameCenter/Main.aspx?gameDate=20250527&gameId=20250527HHLG0
2025-05-27,2025,롯데,삼성,away,3,7,대구,L,completed,20250527LTSS0,https://www.koreabaseball.com/Schedule/GameCenter/Main.aspx?gameDate=20250527&gameId=20250527LTSS0
2025-05-27,2025,삼성,롯데,home,7,3,대구,W,completed,20250527LTSS0,https://www.koreabaseball.com/Schedule/GameCenter/Main.aspx?gameDate=20250527&gameId=20250527LTSS0
2025-05-27,2025,NC,SSG,away,1,1,문학,D,completed,20250527NCSK0,https://www.koreabaseball.com/Schedule/GameCenter/Main.aspx?gameDate=20250527&gameId=20250527NCSK0
2025-05-27,2025,SSG,NC,home,1,1,문학,D,completed,20250527NCSK0,https://www.koreabaseball.com/Schedule/GameCenter/Main.aspx?gameDate=20250527&gameId=20250527NCSK0
2025-05-27,2025,KT,두산,home,2,1,수원,W,completed,20250527OBKT0,https://www.koreabaseball.com/Schedule/GameCenter/Main.aspx?gameDate=20250527&gameId=20250527OBKT0
2025-05-27,2025,두산,KT,away,1,2,수원,L,completed,20250527OBKT0,https://www.koreabaseball.com/Schedule/GameCenter/Main.aspx?gameDate=20250527&gameId=20250527OBKT0
2025-05-27,2025,KIA,키움,home,7,5,광주,W,completed,20250527WOHT0,https://www.koreabaseball.com/Schedule/GameCenter/Main.aspx?gameDate=20250527&gameId=20250527WOHT0
2025-05-27,2025,키움,KIA,away,5,7,광주,L,completed,20250527WOHT0,https://www.koreabaseball.com/Schedule/GameCenter/Main.aspx?gameDate=20250527&gameId=20250527WOHT0
2025-05-28,2025,LG,한화,home,5,6,잠실,L,completed,20250528HHLG0,https://www.koreabaseball.com/Schedule/GameCenter/Main.aspx?gameDate=20250528&gameId=20250528HHLG0
2025-05-28,2025,한화,LG,away,6,5,잠실,W,completed,20250528HHLG0,https://www.koreabaseball.com/Schedule/GameCenter/Main.aspx?gameDate=20250528&gameId=20250528HHLG0
2025-05-28,2025,NC,SSG,away,5,13,문학,L,completed,20250528NCSK0,https://www.koreabaseball.com/Schedule/GameCenter/Main.aspx?gameDate=20250528&gameId=20250528NCSK0
2025-05-28,2025,SSG,NC,home,13,5,문학,W,completed,20250528NCSK0,https://www.koreabaseball.com/Schedule/GameCenter/Main.aspx?gameDate=20250528&gameId=20250528NCSK0
2025-05-28,2025,KT,두산,home,3,12,수원,L,completed,20250528OBKT0,https://www.koreabaseball.com/Schedule/GameCenter/Main.aspx?gameDate=20250528&gameId=20250528OBKT0
2025-05-28,2025,두산,KT,away,12,3,수원,W,completed,20250528OBKT0,https://www.koreabaseball.com/Schedule/GameCenter/Main.aspx?gameDate=20250528&gameId=20250528OBKT0
2025-05-28,2025,KIA,키움,home,13,7,광주,W,completed,20250528WOHT0,https://www.koreabaseball.com/Schedule/GameCenter/Main.aspx?gameDate=20250528&gameId=20250528WOHT0
2025-05-28,2025,키움,KIA,away,7,13,광주,L,completed,20250528WOHT0,https://www.koreabaseball.com/Schedule/GameCenter/Main.aspx?gameDate=20250528&gameId=20250528WOHT0
2025-05-29,2025,LG,한화,home,3,1,잠실,W,completed,20250529HHLG0,https://www.koreabaseball.com/Schedule/GameCenter/Main.aspx?gameDate=20250529&gameId=20250529HHLG0
2025-05-29,2025,한화,LG,away,1,3,잠실,L,completed,20250529HHLG0,https://www.koreabaseball.com/Schedule/GameCenter/Main.aspx?gameDate=20250529&gameId=20250529HHLG0
2025-05-29,2025,롯데,삼성,away,3,9,대구,L,completed,20250529LTSS0,https://www.koreabaseball.com/Schedule/GameCenter/Main.aspx?gameDate=20250529&gameId=20250529LTSS0
2025-05-29,2025,삼성,롯데,home,9,3,대구,W,completed,20250529LTSS0,https://www.koreabaseball.com/Schedule/GameCenter/Main.aspx?gameDate=20250529&gameId=20250529LTSS0
2025-05-29,2025,NC,SSG,away,5,6,문학,L,completed,20250529NCSK0,https://www.koreabaseball.com/Schedule/GameCenter/Main.aspx?gameDate=20250529&gameId=20250529NCSK0
2025-05-29,2025,SSG,NC,home,6,5,문학,W,completed,20250529NCSK0,https://www.koreabaseball.com/Schedule/GameCenter/Main.aspx?gameDate=20250529&gameId=20250529NCSK0
2025-05-29,2025,KT,두산,home,12,2,수원,W,completed,20250529OBKT0,https://www.koreabaseball.com/Schedule/GameCenter/Main.aspx?gameDate=20250529&gameId=20250529OBKT0
2025-05-29,2025,두산,KT,away,2,12,수원,L,completed,20250529OBKT0,https://www.koreabaseball.com/Schedule/GameCenter/Main.aspx?gameDate=20250529&gameId=20250529OBKT0
2025-05-29,2025,KIA,키움,home,3,3,광주,D,completed,20250529WOHT0,https://www.koreabaseball.com/Schedule/GameCenter/Main.aspx?gameDate=20250529&gameId=20250529WOHT0
2025-05-29,2025,키움,KIA,away,3,3,광주,D,completed,20250529WOHT0,https://www.koreabaseball.com/Schedule/GameCenter/Main.aspx?gameDate=20250529&gameId=20250529WOHT0
2025-05-30,2025,NC,한화,home,1,7,창원,L,completed,20250530HHNC0,https://www.koreabaseball.com/Schedule/GameCenter/Main.aspx?gameDate=20250530&gameId=20250530HHNC0
2025-05-30,2025,한화,NC,away,7,1,창원,W,completed,20250530HHNC0,https://www.koreabaseball.com/Schedule/GameCenter/Main.aspx?gameDate=20250530&gameId=20250530HHNC0
2025-05-30,2025,KIA,KT,away,1,3,수원,L,completed,20250530HTKT0,https://www.koreabaseball.com/Schedule/GameCenter/Main.aspx?gameDate=20250530&gameId=20250530HTKT0
2025-05-30,2025,KT,KIA,home,3,1,수원,W,completed,20250530HTKT0,https://www.koreabaseball.com/Schedule/GameCenter/Main.aspx?gameDate=20250530&gameId=20250530HTKT0
2025-05-30,2025,두산,키움,away,9,4,고척,W,completed,20250530OBWO0,https://www.koreabaseball.com/Schedule/GameCenter/Main.aspx?gameDate=20250530&gameId=20250530OBWO0
2025-05-30,2025,키움,두산,home,4,9,고척,L,completed,20250530OBWO0,https://www.koreabaseball.com/Schedule/GameCenter/Main.aspx?gameDate=20250530&gameId=20250530OBWO0
2025-05-30,2025,SSG,롯데,away,5,6,사직,L,completed,20250530SKLT0,https://www.koreabaseball.com/Schedule/GameCenter/Main.aspx?gameDate=20250530&gameId=20250530SKLT0
2025-05-30,2025,롯데,SSG,home,6,5,사직,W,completed,20250530SKLT0,https://www.koreabaseball.com/Schedule/GameCenter/Main.aspx?gameDate=20250530&gameId=20250530SKLT0
2025-05-30,2025,LG,삼성,home,3,4,잠실,L,completed,20250530SSLG0,https://www.koreabaseball.com/Schedule/GameCenter/Main.aspx?gameDate=20250530&gameId=20250530SSLG0
2025-05-30,2025,삼성,LG,away,4,3,잠실,W,completed,20250530SSLG0,https://www.koreabaseball.com/Schedule/GameCenter/Main.aspx?gameDate=20250530&gameId=20250530SSLG0
2025-05-31,2025,NC,한화,home,6,9,창원,L,completed,20250531HHNC0,https://www.koreabaseball.com/Schedule/GameCenter/Main.aspx?gameDate=20250531&gameId=20250531HHNC0
2025-05-31,2025,한화,NC,away,9,6,창원,W,completed,20250531HHNC0,https://www.koreabaseball.com/Schedule/GameCenter/Main.aspx?gameDate=20250531&gameId=20250531HHNC0
2025-05-31,2025,KIA,KT,away,1,5,수원,L,completed,20250531HTKT0,https://www.koreabaseball.com/Schedule/GameCenter/Main.aspx?gameDate=20250531&gameId=20250531HTKT0
2025-05-31,2025,KT,KIA,home,5,1,수원,W,completed,20250531HTKT0,https://www.koreabaseball.com/Schedule/GameCenter/Main.aspx?gameDate=20250531&gameId=20250531HTKT0
2025-05-31,2025,두산,키움,away,0,1,고척,L,completed,20250531OBWO0,https://www.koreabaseball.com/Schedule/GameCenter/Main.aspx?gameDate=20250531&gameId=20250531OBWO0
2025-05-31,2025,키움,두산,home,1,0,고척,W,completed,20250531OBWO0,https://www.koreabaseball.com/Schedule/GameCenter/Main.aspx?gameDate=20250531&gameId=20250531OBWO0
2025-05-31,2025,SSG,롯데,away,4,1,사직,W,completed,20250531SKLT0,https://www.koreabaseball.com/Schedule/GameCenter/Main.aspx?gameDate=20250531&gameId=20250531SKLT0
2025-05-31,2025,롯데,SSG,home,1,4,사직,L,completed,20250531SKLT0,https://www.koreabaseball.com/Schedule/GameCenter/Main.aspx?gameDate=20250531&gameId=20250531SKLT0
2025-05-31,2025,LG,삼성,home,2,4,잠실,L,completed,20250531SSLG0,https://www.koreabaseball.com/Schedule/GameCenter/Main.aspx?gameDate=20250531&gameId=20250531SSLG0
2025-05-31,2025,삼성,LG,away,4,2,잠실,W,completed,20250531SSLG0,https://www.koreabaseball.com/Schedule/GameCenter/Main.aspx?gameDate=20250531&gameId=20250531SSLG0
2025-06-01,2025,NC,한화,home,16,5,창원,W,completed,20250601HHNC0,https://www.koreabaseball.com/Schedule/GameCenter/Main.aspx?gameDate=20250601&gameId=20250601HHNC0
2025-06-01,2025,한화,NC,away,5,16,창원,L,completed,20250601HHNC0,https://www.koreabaseball.com/Schedule/GameCenter/Main.aspx?gameDate=20250601&gameId=20250601HHNC0
2025-06-01,2025,KIA,KT,away,5,3,수원,W,completed,20250601HTKT0,https://www.koreabaseball.com/Schedule/GameCenter/Main.aspx?gameDate=20250601&gameId=20250601HTKT0
2025-06-01,2025,KT,KIA,home,3,5,수원,L,completed,20250601HTKT0,https://www.koreabaseball.com/Schedule/GameCenter/Main.aspx?gameDate=20250601&gameId=20250601HTKT0
2025-06-01,2025,두산,키움,away,0,1,고척,L,completed,20250601OBWO0,https://www.koreabaseball.com/Schedule/GameCenter/Main.aspx?gameDate=20250601&gameId=20250601OBWO0
2025-06-01,2025,키움,두산,home,1,0,고척,W,completed,20250601OBWO0,https://www.koreabaseball.com/Schedule/GameCenter/Main.aspx?gameDate=20250601&gameId=20250601OBWO0
2025-06-01,2025,SSG,롯데,away,4,3,사직,W,completed,20250601SKLT0,https://www.koreabaseball.com/Schedule/GameCenter/Main.aspx?gameDate=20250601&gameId=20250601SKLT0
2025-06-01,2025,롯데,SSG,home,3,4,사직,L,completed,20250601SKLT0,https://www.koreabaseball.com/Schedule/GameCenter/Main.aspx?gameDate=20250601&gameId=20250601SKLT0
2025-06-01,2025,LG,삼성,home,4,6,잠실,L,completed,20250601SSLG0,https://www.koreabaseball.com/Schedule/GameCenter/Main.aspx?gameDate=20250601&gameId=20250601SSLG0
2025-06-01,2025,삼성,LG,away,6,4,잠실,W,completed,20250601SSLG0,https://www.koreabaseball.com/Schedule/GameCenter/Main.aspx?gameDate=20250601&gameId=20250601SSLG0
2025-06-03,2025,KIA,두산,away,11,3,잠실,W,completed,20250603HTOB0,https://www.koreabaseball.com/Schedule/GameCenter/Main.aspx?gameDate=20250603&gameId=20250603HTOB0
2025-06-03,2025,두산,KIA,home,3,11,잠실,L,completed,20250603HTOB0,https://www.koreabaseball.com/Schedule/GameCenter/Main.aspx?gameDate=20250603&gameId=20250603HTOB0
2025-06-03,2025,KT,한화,away,1,10,대전,L,completed,20250603KTHH0,https://www.koreabaseball.com/Schedule/GameCenter/Main.aspx?gameDate=20250603&gameId=20250603KTHH0
2025-06-03,2025,한화,KT,home,10,1,대전,W,completed,20250603KTHH0,https://www.koreabaseball.com/Schedule/GameCenter/Main.aspx?gameDate=20250603&gameId=20250603KTHH0
2025-06-03,2025,LG,NC,away,15,0,창원,W,completed,20250603LGNC0,https://www.koreabaseball.com/Schedule/GameCenter/Main.aspx?gameDate=20250603&gameId=20250603LGNC0
2025-06-03,2025,NC,LG,home,0,15,창원,L,completed,20250603LGNC0,https://www.koreabaseball.com/Schedule/GameCenter/Main.aspx?gameDate=20250603&gameId=20250603LGNC0
2025-06-03,2025,SSG,삼성,home,6,4,문학,W,completed,20250603SSSK0,https://www.koreabaseball.com/Schedule/GameCenter/Main.aspx?gameDate=20250603&gameId=20250603SSSK0
2025-06-03,2025,삼성,SSG,away,4,6,문학,L,completed,20250603SSSK0,https://www.koreabaseball.com/Schedule/GameCenter/Main.aspx?gameDate=20250603&gameId=20250603SSSK0
2025-06-03,2025,롯데,키움,home,8,0,사직,W,completed,20250603WOLT0,https://www.koreabaseball.com/Schedule/GameCenter/Main.aspx?gameDate=20250603&gameId=20250603WOLT0
2025-06-03,2025,키움,롯데,away,0,8,사직,L,completed,20250603WOLT0,https://www.koreabaseball.com/Schedule/GameCenter/Main.aspx?gameDate=20250603&gameId=20250603WOLT0
2025-06-04,2025,KIA,두산,away,8,3,잠실,W,completed,20250604HTOB0,https://www.koreabaseball.com/Schedule/GameCenter/Main.aspx?gameDate=20250604&gameId=20250604HTOB0
2025-06-04,2025,두산,KIA,home,3,8,잠실,L,completed,20250604HTOB0,https://www.koreabaseball.com/Schedule/GameCenter/Main.aspx?gameDate=20250604&gameId=20250604HTOB0
2025-06-04,2025,KT,한화,away,3,4,대전,L,completed,20250604KTHH0,https://www.koreabaseball.com/Schedule/GameCenter/Main.aspx?gameDate=20250604&gameId=20250604KTHH0
2025-06-04,2025,한화,KT,home,4,3,대전,W,completed,20250604KTHH0,https://www.koreabaseball.com/Schedule/GameCenter/Main.aspx?gameDate=20250604&gameId=20250604KTHH0
2025-06-04,2025,LG,NC,away,5,6,창원,L,completed,20250604LGNC0,https://www.koreabaseball.com/Schedule/GameCenter/Main.aspx?gameDate=20250604&gameId=20250604LGNC0
2025-06-04,2025,NC,LG,home,6,5,창원,W,completed,20250604LGNC0,https://www.koreabaseball.com/Schedule/GameCenter/Main.aspx?gameDate=20250604&gameId=20250604LGNC0
2025-06-04,2025,SSG,삼성,home,4,1,문학,W,completed,20250604SSSK0,https://www.koreabaseball.com/Schedule/GameCenter/Main.aspx?gameDate=20250604&gameId=20250604SSSK0
2025-06-04,2025,삼성,SSG,away,1,4,문학,L,completed,20250604SSSK0,https://www.koreabaseball.com/Schedule/GameCenter/Main.aspx?gameDate=20250604&gameId=20250604SSSK0
2025-06-04,2025,롯데,키움,home,6,9,사직,L,completed,20250604WOLT0,https://www.koreabaseball.com/Schedule/GameCenter/Main.aspx?gameDate=20250604&gameId=20250604WOLT0
2025-06-04,2025,키움,롯데,away,9,6,사직,W,completed,20250604WOLT0,https://www.koreabaseball.com/Schedule/GameCenter/Main.aspx?gameDate=20250604&gameId=20250604WOLT0
2025-06-05,2025,KIA,두산,away,1,2,잠실,L,completed,20250605HTOB0,https://www.koreabaseball.com/Schedule/GameCenter/Main.aspx?gameDate=20250605&gameId=20250605HTOB0
2025-06-05,2025,두산,KIA,home,2,1,잠실,W,completed,20250605HTOB0,https://www.koreabaseball.com/Schedule/GameCenter/Main.aspx?gameDate=20250605&gameId=20250605HTOB0
2025-06-05,2025,KT,한화,away,7,0,대전,W,completed,20250605KTHH0,https://www.koreabaseball.com/Schedule/GameCenter/Main.aspx?gameDate=20250605&gameId=20250605KTHH0
2025-06-05,2025,한화,KT,home,0,7,대전,L,completed,20250605KTHH0,https://www.koreabaseball.com/Schedule/GameCenter/Main.aspx?gameDate=20250605&gameId=20250605KTHH0
2025-06-05,2025,LG,NC,away,3,1,창원,W,completed,20250605LGNC0,https://www.koreabaseball.com/Schedule/GameCenter/Main.aspx?gameDate=20250605&gameId=20250605LGNC0
2025-06-05,2025,NC,LG,home,1,3,창원,L,completed,20250605LGNC0,https://www.koreabaseball.com/Schedule/GameCenter/Main.aspx?gameDate=20250605&gameId=20250605LGNC0
2025-06-05,2025,SSG,삼성,home,1,3,문학,L,completed,20250605SSSK0,https://www.koreabaseball.com/Schedule/GameCenter/Main.aspx?gameDate=20250605&gameId=20250605SSSK0
2025-06-05,2025,삼성,SSG,away,3,1,문학,W,completed,20250605SSSK0,https://www.koreabaseball.com/Schedule/GameCenter/Main.aspx?gameDate=20250605&gameId=20250605SSSK0
2025-06-05,2025,롯데,키움,home,5,10,사직,L,completed,20250605WOLT0,https://www.koreabaseball.com/Schedule/GameCenter/Main.aspx?gameDate=20250605&gameId=20250605WOLT0
2025-06-05,2025,키움,롯데,away,10,5,사직,W,completed,20250605WOLT0,https://www.koreabaseball.com/Schedule/GameCenter/Main.aspx?gameDate=20250605&gameId=20250605WOLT0
2025-06-06,2025,KIA,한화,home,3,2,광주,W,completed,20250606HHHT0,https://www.koreabaseball.com/Schedule/GameCenter/Main.aspx?gameDate=20250606&gameId=20250606HHHT0
2025-06-06,2025,한화,KIA,away,2,3,광주,L,completed,20250606HHHT0,https://www.koreabaseball.com/Schedule/GameCenter/Main.aspx?gameDate=20250606&gameId=20250606HHHT0
2025-06-06,2025,LG,키움,away,1,2,고척,L,completed,20250606LGWO0,https://www.koreabaseball.com/Schedule/GameCenter/Main.aspx?gameDate=20250606&gameId=20250606LGWO0
2025-06-06,2025,키움,LG,home,2,1,고척,W,completed,20250606LGWO0,https://www.koreabaseball.com/Schedule/GameCenter/Main.aspx?gameDate=20250606&gameId=20250606LGWO0
2025-06-06,2025,두산,롯데,home,5,2,잠실,W,completed,20250606LTOB0,https://www.koreabaseball.com/Schedule/GameCenter/Main.aspx?gameDate=20250606&gameId=20250606LTOB0
2025-06-06,2025,롯데,두산,away,2,5,잠실,L,completed,20250606LTOB0,https://www.koreabaseball.com/Schedule/GameCenter/Main.aspx?gameDate=20250606&gameId=20250606LTOB0
2025-06-06,2025,NC,삼성,away,3,7,대구,L,completed,20250606NCSS0,https://www.koreabaseball.com/Schedule/GameCenter/Main.aspx?gameDate=20250606&gameId=20250606NCSS0
2025-06-06,2025,삼성,NC,home,7,3,대구,W,completed,20250606NCSS0,https://www.koreabaseball.com/Schedule/GameCenter/Main.aspx?gameDate=20250606&gameId=20250606NCSS0
2025-06-06,2025,KT,SSG,home,10,3,수원,W,completed,20250606SKKT0,https://www.koreabaseball.com/Schedule/GameCenter/Main.aspx?gameDate=20250606&gameId=20250606SKKT0
2025-06-06,2025,SSG,KT,away,3,10,수원,L,completed,20250606SKKT0,https://www.koreabaseball.com/Schedule/GameCenter/Main.aspx?gameDate=20250606&gameId=20250606SKKT0
2025-06-07,2025,KIA,한화,home,2,3,광주,L,completed,20250607HHHT0,https://www.koreabaseball.com/Schedule/GameCenter/Main.aspx?gameDate=20250607&gameId=20250607HHHT0
2025-06-07,2025,한화,KIA,away,3,2,광주,W,completed,20250607HHHT0,https://www.koreabaseball.com/Schedule/GameCenter/Main.aspx?gameDate=20250607&gameId=20250607HHHT0
2025-06-07,2025,LG,키움,away,1,4,고척,L,completed,20250607LGWO0,https://www.koreabaseball.com/Schedule/GameCenter/Main.aspx?gameDate=20250607&gameId=20250607LGWO0
2025-06-07,2025,키움,LG,home,4,1,고척,W,completed,20250607LGWO0,https://www.koreabaseball.com/Schedule/GameCenter/Main.aspx?gameDate=20250607&gameId=20250607LGWO0
2025-06-07,2025,두산,롯데,home,4,9,잠실,L,completed,20250607LTOB0,https://www.koreabaseball.com/Schedule/GameCenter/Main.aspx?gameDate=20250607&gameId=20250607LTOB0
2025-06-07,2025,롯데,두산,away,9,4,잠실,W,completed,20250607LTOB0,https://www.koreabaseball.com/Schedule/GameCenter/Main.aspx?gameDate=20250607&gameId=20250607LTOB0
2025-06-07,2025,NC,삼성,away,11,7,대구,W,completed,20250607NCSS0,https://www.koreabaseball.com/Schedule/GameCenter/Main.aspx?gameDate=20250607&gameId=20250607NCSS0
2025-06-07,2025,삼성,NC,home,7,11,대구,L,completed,20250607NCSS0,https://www.koreabaseball.com/Schedule/GameCenter/Main.aspx?gameDate=20250607&gameId=20250607NCSS0
2025-06-07,2025,KT,SSG,home,3,2,수원,W,completed,20250607SKKT0,https://www.koreabaseball.com/Schedule/GameCenter/Main.aspx?gameDate=20250607&gameId=20250607SKKT0
2025-06-07,2025,SSG,KT,away,2,3,수원,L,completed,20250607SKKT0,https://www.koreabaseball.com/Schedule/GameCenter/Main.aspx?gameDate=20250607&gameId=20250607SKKT0
2025-06-08,2025,KIA,한화,home,7,6,광주,W,completed,20250608HHHT0,https://www.koreabaseball.com/Schedule/GameCenter/Main.aspx?gameDate=20250608&gameId=20250608HHHT0
2025-06-08,2025,한화,KIA,away,6,7,광주,L,completed,20250608HHHT0,https://www.koreabaseball.com/Schedule/GameCenter/Main.aspx?gameDate=20250608&gameId=20250608HHHT0
2025-06-08,2025,LG,키움,away,7,2,고척,W,completed,20250608LGWO0,https://www.koreabaseball.com/Schedule/GameCenter/Main.aspx?gameDate=20250608&gameId=20250608LGWO0
2025-06-08,2025,키움,LG,home,2,7,고척,L,completed,20250608LGWO0,https://www.koreabaseball.com/Schedule/GameCenter/Main.aspx?gameDate=20250608&gameId=20250608LGWO0
2025-06-08,2025,두산,롯데,home,2,4,잠실,L,completed,20250608LTOB0,https://www.koreabaseball.com/Schedule/GameCenter/Main.aspx?gameDate=20250608&gameId=20250608LTOB0
2025-06-08,2025,롯데,두산,away,4,2,잠실,W,completed,20250608LTOB0,https://www.koreabaseball.com/Schedule/GameCenter/Main.aspx?gameDate=20250608&gameId=20250608LTOB0
2025-06-08,2025,NC,삼성,away,0,1,대구,L,completed,20250608NCSS0,https://www.koreabaseball.com/Schedule/GameCenter/Main.aspx?gameDate=20250608&gameId=20250608NCSS0
2025-06-08,2025,삼성,NC,home,1,0,대구,W,completed,20250608NCSS0,https://www.koreabaseball.com/Schedule/GameCenter/Main.aspx?gameDate=20250608&gameId=20250608NCSS0
2025-06-08,2025,KT,SSG,home,2,3,수원,L,completed,20250608SKKT0,https://www.koreabaseball.com/Schedule/GameCenter/Main.aspx?gameDate=20250608&gameId=20250608SKKT0
2025-06-08,2025,SSG,KT,away,3,2,수원,W,completed,20250608SKKT0,https://www.koreabaseball.com/Schedule/GameCenter/Main.aspx?gameDate=20250608&gameId=20250608SKKT0
2025-06-10,2025,KT,롯데,home,12,3,수원,W,completed,20250610LTKT0,https://www.koreabaseball.com/Schedule/GameCenter/Main.aspx?gameDate=20250610&gameId=20250610LTKT0
2025-06-10,2025,롯데,KT,away,3,12,수원,L,completed,20250610LTKT0,https://www.koreabaseball.com/Schedule/GameCenter/Main.aspx?gameDate=20250610&gameId=20250610LTKT0
2025-06-10,2025,NC,키움,away,2,2,고척,D,completed,20250610NCWO0,https://www.koreabaseball.com/Schedule/GameCenter/Main.aspx?gameDate=20250610&gameId=20250610NCWO0
2025-06-10,2025,키움,NC,home,2,2,고척,D,completed,20250610NCWO0,https://www.koreabaseball.com/Schedule/GameCenter/Main.aspx?gameDate=20250610&gameId=20250610NCWO0
2025-06-10,2025,두산,한화,away,2,6,대전,L,completed,20250610OBHH0,https://www.koreabaseball.com/Schedule/GameCenter/Main.aspx?gameDate=20250610&gameId=20250610OBHH0
2025-06-10,2025,한화,두산,home,6,2,대전,W,completed,20250610OBHH0,https://www.koreabaseball.com/Schedule/GameCenter/Main.aspx?gameDate=20250610&gameId=20250610OBHH0
2025-06-10,2025,LG,SSG,home,2,6,잠실,L,completed,20250610SKLG0,https://www.koreabaseball.com/Schedule/GameCenter/Main.aspx?gameDate=20250610&gameId=20250610SKLG0
2025-06-10,2025,SSG,LG,away,6,2,잠실,W,completed,20250610SKLG0,https://www.koreabaseball.com/Schedule/GameCenter/Main.aspx?gameDate=20250610&gameId=20250610SKLG0
2025-06-10,2025,KIA,삼성,home,0,8,광주,L,completed,20250610SSHT0,https://www.koreabaseball.com/Schedule/GameCenter/Main.aspx?gameDate=20250610&gameId=20250610SSHT0
2025-06-10,2025,삼성,KIA,away,8,0,광주,W,completed,20250610SSHT0,https://www.koreabaseball.com/Schedule/GameCenter/Main.aspx?gameDate=20250610&gameId=20250610SSHT0
2025-06-11,2025,KT,롯데,home,3,4,수원,L,completed,20250611LTKT0,https://www.koreabaseball.com/Schedule/GameCenter/Main.aspx?gameDate=20250611&gameId=20250611LTKT0
2025-06-11,2025,롯데,KT,away,4,3,수원,W,completed,20250611LTKT0,https://www.koreabaseball.com/Schedule/GameCenter/Main.aspx?gameDate=20250611&gameId=20250611LTKT0
2025-06-11,2025,NC,키움,away,7,1,고척,W,completed,20250611NCWO0,https://www.koreabaseball.com/Schedule/GameCenter/Main.aspx?gameDate=20250611&gameId=20250611NCWO0
2025-06-11,2025,키움,NC,home,1,7,고척,L,completed,20250611NCWO0,https://www.koreabaseball.com/Schedule/GameCenter/Main.aspx?gameDate=20250611&gameId=20250611NCWO0
2025-06-11,2025,두산,한화,away,1,9,대전,L,completed,20250611OBHH0,https://www.koreabaseball.com/Schedule/GameCenter/Main.aspx?gameDate=20250611&gameId=20250611OBHH0
2025-06-11,2025,한화,두산,home,9,1,대전,W,completed,20250611OBHH0,https://www.koreabaseball.com/Schedule/GameCenter/Main.aspx?gameDate=20250611&gameId=20250611OBHH0
2025-06-11,2025,LG,SSG,home,6,4,잠실,W,completed,20250611SKLG0,https://www.koreabaseball.com/Schedule/GameCenter/Main.aspx?gameDate=20250611&gameId=20250611SKLG0
2025-06-11,2025,SSG,LG,away,4,6,잠실,L,completed,20250611SKLG0,https://www.koreabaseball.com/Schedule/GameCenter/Main.aspx?gameDate=20250611&gameId=20250611SKLG0
2025-06-11,2025,KIA,삼성,home,6,3,광주,W,completed,20250611SSHT0,https://www.koreabaseball.com/Schedule/GameCenter/Main.aspx?gameDate=20250611&gameId=20250611SSHT0
2025-06-11,2025,삼성,KIA,away,3,6,광주,L,completed,20250611SSHT0,https://www.koreabaseball.com/Schedule/GameCenter/Main.aspx?gameDate=20250611&gameId=20250611SSHT0
2025-06-12,2025,KT,롯데,home,7,12,수원,L,completed,20250612LTKT0,https://www.koreabaseball.com/Schedule/GameCenter/Main.aspx?gameDate=20250612&gameId=20250612LTKT0
2025-06-12,2025,롯데,KT,away,12,7,수원,W,completed,20250612LTKT0,https://www.koreabaseball.com/Schedule/GameCenter/Main.aspx?gameDate=20250612&gameId=20250612LTKT0
2025-06-12,2025,NC,키움,away,8,6,고척,W,completed,20250612NCWO0,https://www.koreabaseball.com/Schedule/GameCenter/Main.aspx?gameDate=20250612&gameId=20250612NCWO0
2025-06-12,2025,키움,NC,home,6,8,고척,L,completed,20250612NCWO0,https://www.koreabaseball.com/Schedule/GameCenter/Main.aspx?gameDate=20250612&gameId=20250612NCWO0
2025-06-12,2025,두산,한화,away,2,3,대전,L,completed,20250612OBHH0,https://www.koreabaseball.com/Schedule/GameCenter/Main.aspx?gameDate=20250612&gameId=20250612OBHH0
2025-06-12,2025,한화,두산,home,3,2,대전,W,completed,20250612OBHH0,https://www.koreabaseball.com/Schedule/GameCenter/Main.aspx?gameDate=20250612&gameId=20250612OBHH0
2025-06-12,2025,LG,SSG,home,8,6,잠실,W,completed,20250612SKLG0,https://www.koreabaseball.com/Schedule/GameCenter/Main.aspx?gameDate=20250612&gameId=20250612SKLG0
2025-06-12,2025,SSG,LG,away,6,8,잠실,L,completed,20250612SKLG0,https://www.koreabaseball.com/Schedule/GameCenter/Main.aspx?gameDate=20250612&gameId=20250612SKLG0
2025-06-12,2025,KIA,삼성,home,1,2,광주,L,completed,20250612SSHT0,https://www.koreabaseball.com/Schedule/GameCenter/Main.aspx?gameDate=20250612&gameId=20250612SSHT0
2025-06-12,2025,삼성,KIA,away,2,1,광주,W,completed,20250612SSHT0,https://www.koreabaseball.com/Schedule/GameCenter/Main.aspx?gameDate=20250612&gameId=20250612SSHT0
2025-06-13,2025,KIA,NC,away,1,4,창원,L,completed,20250613HTNC0,https://www.koreabaseball.com/Schedule/GameCenter/Main.aspx?gameDate=20250613&gameId=20250613HTNC0
2025-06-13,2025,NC,KIA,home,4,1,창원,W,completed,20250613HTNC0,https://www.koreabaseball.com/Schedule/GameCenter/Main.aspx?gameDate=20250613&gameId=20250613HTNC0
2025-06-14,2025,KIA,NC,away,9,8,창원,W,completed,20250614HTNC0,https://www.koreabaseball.com/Schedule/GameCenter/Main.aspx?gameDate=20250614&gameId=20250614HTNC0
2025-06-14,2025,NC,KIA,home,8,9,창원,L,completed,20250614HTNC0,https://www.koreabaseball.com/Schedule/GameCenter/Main.aspx?gameDate=20250614&gameId=20250614HTNC0
2025-06-14,2025,KT,삼성,away,10,3,대구,W,completed,20250614KTSS0,https://www.koreabaseball.com/Schedule/GameCenter/Main.aspx?gameDate=20250614&gameId=20250614KTSS0
2025-06-14,2025,삼성,KT,home,3,10,대구,L,completed,20250614KTSS0,https://www.koreabaseball.com/Schedule/GameCenter/Main.aspx?gameDate=20250614&gameId=20250614KTSS0
2025-06-14,2025,LG,한화,away,2,2,대전,D,completed,20250614LGHH0,https://www.koreabaseball.com/Schedule/GameCenter/Main.aspx?gameDate=20250614&gameId=20250614LGHH0
2025-06-14,2025,한화,LG,home,2,2,대전,D,completed,20250614LGHH0,https://www.koreabaseball.com/Schedule/GameCenter/Main.aspx?gameDate=20250614&gameId=20250614LGHH0
2025-06-14,2025,SSG,롯데,home,2,4,문학,L,completed,20250614LTSK0,https://www.koreabaseball.com/Schedule/GameCenter/Main.aspx?gameDate=20250614&gameId=20250614LTSK0
2025-06-14,2025,롯데,SSG,away,4,2,문학,W,completed,20250614LTSK0,https://www.koreabaseball.com/Schedule/GameCenter/Main.aspx?gameDate=20250614&gameId=20250614LTSK0
2025-06-14,2025,두산,키움,home,4,1,잠실,W,completed,20250614WOOB0,https://www.koreabaseball.com/Schedule/GameCenter/Main.aspx?gameDate=20250614&gameId=20250614WOOB0
2025-06-14,2025,키움,두산,away,1,4,잠실,L,completed,20250614WOOB0,https://www.koreabaseball.com/Schedule/GameCenter/Main.aspx?gameDate=20250614&gameId=20250614WOOB0
2025-06-15,2025,KIA,NC,away,4,2,창원,W,completed,20250615HTNC0,https://www.koreabaseball.com/Schedule/GameCenter/Main.aspx?gameDate=20250615&gameId=20250615HTNC0
2025-06-15,2025,NC,KIA,home,2,4,창원,L,completed,20250615HTNC0,https://www.koreabaseball.com/Schedule/GameCenter/Main.aspx?gameDate=20250615&gameId=20250615HTNC0
2025-06-15,2025,KT,삼성,away,16,4,대구,W,completed,20250615KTSS0,https://www.koreabaseball.com/Schedule/GameCenter/Main.aspx?gameDate=20250615&gameId=20250615KTSS0
2025-06-15,2025,삼성,KT,home,4,16,대구,L,completed,20250615KTSS0,https://www.koreabaseball.com/Schedule/GameCenter/Main.aspx?gameDate=20250615&gameId=20250615KTSS0
2025-06-15,2025,LG,한화,away,5,10,대전,L,completed,20250615LGHH0,https://www.koreabaseball.com/Schedule/GameCenter/Main.aspx?gameDate=20250615&gameId=20250615LGHH0
2025-06-15,2025,한화,LG,home,10,5,대전,W,completed,20250615LGHH0,https://www.koreabaseball.com/Schedule/GameCenter/Main.aspx?gameDate=20250615&gameId=20250615LGHH0
2025-06-15,2025,SSG,롯데,home,1,0,문학,W,completed,20250615LTSK0,https://www.koreabaseball.com/Schedule/GameCenter/Main.aspx?gameDate=20250615&gameId=20250615LTSK0
2025-06-15,2025,롯데,SSG,away,0,1,문학,L,completed,20250615LTSK0,https://www.koreabaseball.com/Schedule/GameCenter/Main.aspx?gameDate=20250615&gameId=20250615LTSK0
2025-06-15,2025,두산,키움,home,3,2,잠실,W,completed,20250615WOOB0,https://www.koreabaseball.com/Schedule/GameCenter/Main.aspx?gameDate=20250615&gameId=20250615WOOB0
2025-06-15,2025,키움,두산,away,2,3,잠실,L,completed,20250615WOOB0,https://www.koreabaseball.com/Schedule/GameCenter/Main.aspx?gameDate=20250615&gameId=20250615WOOB0
2025-06-17,2025,롯데,한화,home,0,6,사직,L,completed,20250617HHLT0,https://www.koreabaseball.com/Schedule/GameCenter/Main.aspx?gameDate=20250617&gameId=20250617HHLT0
2025-06-17,2025,한화,롯데,away,6,0,사직,W,completed,20250617HHLT0,https://www.koreabaseball.com/Schedule/GameCenter/Main.aspx?gameDate=20250617&gameId=20250617HHLT0
2025-06-17,2025,KIA,KT,home,10,3,광주,W,completed,20250617KTHT0,https://www.koreabaseball.com/Schedule/GameCenter/Main.aspx?gameDate=20250617&gameId=20250617KTHT0
2025-06-17,2025,KT,KIA,away,3,10,광주,L,completed,20250617KTHT0,https://www.koreabaseball.com/Schedule/GameCenter/Main.aspx?gameDate=20250617&gameId=20250617KTHT0
2025-06-17,2025,LG,NC,home,2,6,잠실,L,completed,20250617NCLG0,https://www.koreabaseball.com/Schedule/GameCenter/Main.aspx?gameDate=20250617&gameId=20250617NCLG0
2025-06-17,2025,NC,LG,away,6,2,잠실,W,completed,20250617NCLG0,https://www.koreabaseball.com/Schedule/GameCenter/Main.aspx?gameDate=20250617&gameId=20250617NCLG0
2025-06-17,2025,두산,삼성,away,1,12,대구,L,completed,20250617OBSS0,https://www.koreabaseball.com/Schedule/GameCenter/Main.aspx?gameDate=20250617&gameId=20250617OBSS0
2025-06-17,2025,삼성,두산,home,12,1,대구,W,completed,20250617OBSS0,https://www.koreabaseball.com/Schedule/GameCenter/Main.aspx?gameDate=20250617&gameId=20250617OBSS0
2025-06-17,2025,SSG,키움,away,11,1,고척,W,completed,20250617SKWO0,https://www.koreabaseball.com/Schedule/GameCenter/Main.aspx?gameDate=20250617&gameId=20250617SKWO0
2025-06-17,2025,키움,SSG,home,1,11,고척,L,completed,20250617SKWO0,https://www.koreabaseball.com/Schedule/GameCenter/Main.aspx?gameDate=20250617&gameId=20250617SKWO0
2025-06-18,2025,롯데,한화,home,6,3,사직,W,completed,20250618HHLT0,https://www.koreabaseball.com/Schedule/GameCenter/Main.aspx?gameDate=20250618&gameId=20250618HHLT0
2025-06-18,2025,한화,롯데,away,3,6,사직,L,completed,20250618HHLT0,https://www.koreabaseball.com/Schedule/GameCenter/Main.aspx?gameDate=20250618&gameId=20250618HHLT0
2025-06-18,2025,KIA,KT,home,5,3,광주,W,completed,20250618KTHT0,https://www.koreabaseball.com/Schedule/GameCenter/Main.aspx?gameDate=20250618&gameId=20250618KTHT0
2025-06-18,2025,KT,KIA,away,3,5,광주,L,completed,20250618KTHT0,https://www.koreabaseball.com/Schedule/GameCenter/Main.aspx?gameDate=20250618&gameId=20250618KTHT0
2025-06-18,2025,LG,NC,home,9,8,잠실,W,completed,20250618NCLG0,https://www.koreabaseball.com/Schedule/GameCenter/Main.aspx?gameDate=20250618&gameId=20250618NCLG0
2025-06-18,2025,NC,LG,away,8,9,잠실,L,completed,20250618NCLG0,https://www.koreabaseball.com/Schedule/GameCenter/Main.aspx?gameDate=20250618&gameId=20250618NCLG0
2025-06-18,2025,두산,삼성,away,3,6,대구,L,completed,20250618OBSS0,https://www.koreabaseball.com/Schedule/GameCenter/Main.aspx?gameDate=20250618&gameId=20250618OBSS0
2025-06-18,2025,삼성,두산,home,6,3,대구,W,completed,20250618OBSS0,https://www.koreabaseball.com/Schedule/GameCenter/Main.aspx?gameDate=20250618&gameId=20250618OBSS0
2025-06-18,2025,SSG,키움,away,2,3,고척,L,completed,20250618SKWO0,https://www.koreabaseball.com/Schedule/GameCenter/Main.aspx?gameDate=20250618&gameId=20250618SKWO0
2025-06-18,2025,키움,SSG,home,3,2,고척,W,completed,20250618SKWO0,https://www.koreabaseball.com/Schedule/GameCenter/Main.aspx?gameDate=20250618&gameId=20250618SKWO0
2025-06-19,2025,롯데,한화,home,4,3,사직,W,completed,20250619HHLT0,https://www.koreabaseball.com/Schedule/GameCenter/Main.aspx?gameDate=20250619&gameId=20250619HHLT0
2025-06-19,2025,한화,롯데,away,3,4,사직,L,completed,20250619HHLT0,https://www.koreabaseball.com/Schedule/GameCenter/Main.aspx?gameDate=20250619&gameId=20250619HHLT0
2025-06-19,2025,KIA,KT,home,5,0,광주,W,completed,20250619KTHT0,https://www.koreabaseball.com/Schedule/GameCenter/Main.aspx?gameDate=20250619&gameId=20250619KTHT0
2025-06-19,2025,KT,KIA,away,0,5,광주,L,completed,20250619KTHT0,https://www.koreabaseball.com/Schedule/GameCenter/Main.aspx?gameDate=20250619&gameId=20250619KTHT0
2025-06-19,2025,LG,NC,home,0,3,잠실,L,completed,20250619NCLG0,https://www.koreabaseball.com/Schedule/GameCenter/Main.aspx?gameDate=20250619&gameId=20250619NCLG0
2025-06-19,2025,NC,LG,away,3,0,잠실,W,completed,20250619NCLG0,https://www.koreabaseball.com/Schedule/GameCenter/Main.aspx?gameDate=20250619&gameId=20250619NCLG0
2025-06-19,2025,두산,삼성,away,9,8,대구,W,completed,20250619OBSS0,https://www.koreabaseball.com/Schedule/GameCenter/Main.aspx?gameDate=20250619&gameId=20250619OBSS0
2025-06-19,2025,삼성,두산,home,8,9,대구,L,completed,20250619OBSS0,https://www.koreabaseball.com/Schedule/GameCenter/Main.aspx?gameDate=20250619&gameId=20250619OBSS0
2025-06-19,2025,SSG,키움,away,4,2,고척,W,completed,20250619SKWO0,https://www.koreabaseball.com/Schedule/GameCenter/Main.aspx?gameDate=20250619&gameId=20250619SKWO0
2025-06-19,2025,키움,SSG,home,2,4,고척,L,completed,20250619SKWO0,https://www.koreabaseball.com/Schedule/GameCenter/Main.aspx?gameDate=20250619&gameId=20250619SKWO0
2025-06-20,2025,롯데,삼성,home,3,1,사직,W,completed,20250620SSLT0,https://www.koreabaseball.com/Schedule/GameCenter/Main.aspx?gameDate=20250620&gameId=20250620SSLT0
2025-06-20,2025,삼성,롯데,away,1,3,사직,L,completed,20250620SSLT0,https://www.koreabaseball.com/Schedule/GameCenter/Main.aspx?gameDate=20250620&gameId=20250620SSLT0
2025-06-21,2025,KIA,SSG,away,5,5,문학,D,completed,20250621HTSK0,https://www.koreabaseball.com/Schedule/GameCenter/Main.aspx?gameDate=20250621&gameId=20250621HTSK0
2025-06-21,2025,SSG,KIA,home,5,5,문학,D,completed,20250621HTSK0,https://www.koreabaseball.com/Schedule/GameCenter/Main.aspx?gameDate=20250621&gameId=20250621HTSK0
2025-06-21,2025,KT,NC,home,7,5,수원,W,completed,20250621NCKT0,https://www.koreabaseball.com/Schedule/GameCenter/Main.aspx?gameDate=20250621&gameId=20250621NCKT0
2025-06-21,2025,NC,KT,away,5,7,수원,L,completed,20250621NCKT0,https://www.koreabaseball.com/Schedule/GameCenter/Main.aspx?gameDate=20250621&gameId=20250621NCKT0
2025-06-21,2025,LG,두산,home,5,6,잠실,L,completed,20250621OBLG0,https://www.koreabaseball.com/Schedule/GameCenter/Main.aspx?gameDate=20250621&gameId=20250621OBLG0
2025-06-21,2025,두산,LG,away,6,5,잠실,W,completed,20250621OBLG0,https://www.koreabaseball.com/Schedule/GameCenter/Main.aspx?gameDate=20250621&gameId=20250621OBLG0
2025-06-22,2025,KIA,SSG,away,5,4,문학,W,completed,20250622HTSK0,https://www.koreabaseball.com/Schedule/GameCenter/Main.aspx?gameDate=20250622&gameId=20250622HTSK0
2025-06-22,2025,SSG,KIA,home,4,5,문학,L,completed,20250622HTSK0,https://www.koreabaseball.com/Schedule/GameCenter/Main.aspx?gameDate=20250622&gameId=20250622HTSK0
2025-06-22,2025,KT,NC,home,0,2,수원,L,completed,20250622NCKT0,https://www.koreabaseball.com/Schedule/GameCenter/Main.aspx?gameDate=20250622&gameId=20250622NCKT0
2025-06-22,2025,NC,KT,away,2,0,수원,W,completed,20250622NCKT0,https://www.koreabaseball.com/Schedule/GameCenter/Main.aspx?gameDate=20250622&gameId=20250622NCKT0
2025-06-22,2025,LG,두산,home,13,5,잠실,W,completed,20250622OBLG0,https://www.koreabaseball.com/Schedule/GameCenter/Main.aspx?gameDate=20250622&gameId=20250622OBLG0
2025-06-22,2025,두산,LG,away,5,13,잠실,L,completed,20250622OBLG0,https://www.koreabaseball.com/Schedule/GameCenter/Main.aspx?gameDate=20250622&gameId=20250622OBLG0
2025-06-22,2025,롯데,삼성,home,9,6,사직,W,completed,20250622SSLT0,https://www.koreabaseball.com/Schedule/GameCenter/Main.aspx?gameDate=20250622&gameId=20250622SSLT0
2025-06-22,2025,삼성,롯데,away,6,9,사직,L,completed,20250622SSLT0,https://www.koreabaseball.com/Schedule/GameCenter/Main.aspx?gameDate=20250622&gameId=20250622SSLT0
2025-06-22,2025,키움,한화,away,4,10,대전,L,completed,20250622WOHH0,https://www.koreabaseball.com/Schedule/GameCenter/Main.aspx?gameDate=20250622&gameId=20250622WOHH0
2025-06-22,2025,한화,키움,home,10,4,대전,W,completed,20250622WOHH0,https://www.koreabaseball.com/Schedule/GameCenter/Main.aspx?gameDate=20250622&gameId=20250622WOHH0
2025-06-24,2025,KIA,키움,away,6,9,고척,L,completed,20250624HTWO0,https://www.koreabaseball.com/Schedule/GameCenter/Main.aspx?gameDate=20250624&gameId=20250624HTWO0
2025-06-24,2025,키움,KIA,home,9,6,고척,W,completed,20250624HTWO0,https://www.koreabaseball.com/Schedule/GameCenter/Main.aspx?gameDate=20250624&gameId=20250624HTWO0
2025-06-24,2025,KT,LG,home,5,0,수원,W,completed,20250624LGKT0,https://www.koreabaseball.com/Schedule/GameCenter/Main.aspx?gameDate=20250624&gameId=20250624LGKT0
2025-06-24,2025,LG,KT,away,0,5,수원,L,completed,20250624LGKT0,https://www.koreabaseball.com/Schedule/GameCenter/Main.aspx?gameDate=20250624&gameId=20250624LGKT0
2025-06-24,2025,SSG,두산,away,0,5,잠실,L,completed,20250624SKOB0,https://www.koreabaseball.com/Schedule/GameCenter/Main.aspx?gameDate=20250624&gameId=20250624SKOB0
2025-06-24,2025,두산,SSG,home,5,0,잠실,W,completed,20250624SKOB0,https://www.koreabaseball.com/Schedule/GameCenter/Main.aspx?gameDate=20250624&gameId=20250624SKOB0
2025-06-25,2025,삼성,한화,home,7,2,대구,W,completed,20250625HHSS0,https://www.koreabaseball.com/Schedule/GameCenter/Main.aspx?gameDate=20250625&gameId=20250625HHSS0
2025-06-25,2025,한화,삼성,away,2,7,대구,L,completed,20250625HHSS0,https://www.koreabaseball.com/Schedule/GameCenter/Main.aspx?gameDate=20250625&gameId=20250625HHSS0
2025-06-25,2025,KIA,키움,away,6,3,고척,W,completed,20250625HTWO0,https://www.koreabaseball.com/Schedule/GameCenter/Main.aspx?gameDate=20250625&gameId=20250625HTWO0
2025-06-25,2025,키움,KIA,home,3,6,고척,L,completed,20250625HTWO0,https://www.koreabaseball.com/Schedule/GameCenter/Main.aspx?gameDate=20250625&gameId=20250625HTWO0
2025-06-25,2025,NC,롯데,home,7,2,창원,W,completed,20250625LTNC0,https://www.koreabaseball.com/Schedule/GameCenter/Main.aspx?gameDate=20250625&gameId=20250625LTNC0
2025-06-25,2025,롯데,NC,away,2,7,창원,L,completed,20250625LTNC0,https://www.koreabaseball.com/Schedule/GameCenter/Main.aspx?gameDate=20250625&gameId=20250625LTNC0
2025-06-26,2025,삼성,한화,home,1,3,대구,L,completed,20250626HHSS0,https://www.koreabaseball.com/Schedule/GameCenter/Main.aspx?gameDate=20250626&gameId=20250626HHSS0
2025-06-26,2025,한화,삼성,away,3,1,대구,W,completed,20250626HHSS0,https://www.koreabaseball.com/Schedule/GameCenter/Main.aspx?gameDate=20250626&gameId=20250626HHSS0
2025-06-26,2025,KIA,키움,away,5,5,고척,D,completed,20250626HTWO0,https://www.koreabaseball.com/Schedule/GameCenter/Main.aspx?gameDate=20250626&gameId=20250626HTWO0
2025-06-26,2025,키움,KIA,home,5,5,고척,D,completed,20250626HTWO0,https://www.koreabaseball.com/Schedule/GameCenter/Main.aspx?gameDate=20250626&gameId=20250626HTWO0
2025-06-26,2025,KT,LG,home,3,4,수원,L,completed,20250626LGKT0,https://www.koreabaseball.com/Schedule/GameCenter/Main.aspx?gameDate=20250626&gameId=20250626LGKT0
2025-06-26,2025,LG,KT,away,4,3,수원,W,completed,20250626LGKT0,https://www.koreabaseball.com/Schedule/GameCenter/Main.aspx?gameDate=20250626&gameId=20250626LGKT0
2025-06-26,2025,NC,롯데,home,6,7,창원,L,completed,20250626LTNC0,https://www.koreabaseball.com/Schedule/GameCenter/Main.aspx?gameDate=20250626&gameId=20250626LTNC0
2025-06-26,2025,롯데,NC,away,7,6,창원,W,completed,20250626LTNC0,https://www.koreabaseball.com/Schedule/GameCenter/Main.aspx?gameDate=20250626&gameId=20250626LTNC0
2025-06-26,2025,SSG,두산,away,4,1,잠실,W,completed,20250626SKOB0,https://www.koreabaseball.com/Schedule/GameCenter/Main.aspx?gameDate=20250626&gameId=20250626SKOB0
2025-06-26,2025,두산,SSG,home,1,4,잠실,L,completed,20250626SKOB0,https://www.koreabaseball.com/Schedule/GameCenter/Main.aspx?gameDate=20250626&gameId=20250626SKOB0
2025-06-27,2025,SSG,한화,home,8,6,문학,W,completed,20250627HHSK0,https://www.koreabaseball.com/Schedule/GameCenter/Main.aspx?gameDate=20250627&gameId=20250627HHSK0
2025-06-27,2025,한화,SSG,away,6,8,문학,L,completed,20250627HHSK0,https://www.koreabaseball.com/Schedule/GameCenter/Main.aspx?gameDate=20250627&gameId=20250627HHSK0
2025-06-27,2025,KIA,LG,away,3,4,잠실,L,completed,20250627HTLG0,https://www.koreabaseball.com/Schedule/GameCenter/Main.aspx?gameDate=20250627&gameId=20250627HTLG0
2025-06-27,2025,LG,KIA,home,4,3,잠실,W,completed,20250627HTLG0,https://www.koreabaseball.com/Schedule/GameCenter/Main.aspx?gameDate=20250627&gameId=20250627HTLG0
2025-06-27,2025,KT,롯데,away,11,8,사직,W,completed,20250627KTLT0,https://www.koreabaseball.com/Schedule/GameCenter/Main.aspx?gameDate=20250627&gameId=20250627KTLT0
2025-06-27,2025,롯데,KT,home,8,11,사직,L,completed,20250627KTLT0,https://www.koreabaseball.com/Schedule/GameCenter/Main.aspx?gameDate=20250627&gameId=20250627KTLT0
2025-06-27,2025,NC,두산,home,10,9,창원,W,completed,20250627OBNC0,https://www.koreabaseball.com/Schedule/GameCenter/Main.aspx?gameDate=20250627&gameId=20250627OBNC0
2025-06-27,2025,두산,NC,away,9,10,창원,L,completed,20250627OBNC0,https://www.koreabaseball.com/Schedule/GameCenter/Main.aspx?gameDate=20250627&gameId=20250627OBNC0
2025-06-27,2025,삼성,키움,away,4,5,고척,L,completed,20250627SSWO0,https://www.koreabaseball.com/Schedule/GameCenter/Main.aspx?gameDate=20250627&gameId=20250627SSWO0
2025-06-27,2025,키움,삼성,home,5,4,고척,W,completed,20250627SSWO0,https://www.koreabaseball.com/Schedule/GameCenter/Main.aspx?gameDate=20250627&gameId=20250627SSWO0
2025-06-28,2025,SSG,한화,home,2,5,문학,L,completed,20250628HHSK0,https://www.koreabaseball.com/Schedule/GameCenter/Main.aspx?gameDate=20250628&gameId=20250628HHSK0
2025-06-28,2025,한화,SSG,away,5,2,문학,W,completed,20250628HHSK0,https://www.koreabaseball.com/Schedule/GameCenter/Main.aspx?gameDate=20250628&gameId=20250628HHSK0
2025-06-28,2025,KIA,LG,away,9,8,잠실,W,completed,20250628HTLG0,https://www.koreabaseball.com/Schedule/GameCenter/Main.aspx?gameDate=20250628&gameId=20250628HTLG0
2025-06-28,2025,LG,KIA,home,8,9,잠실,L,completed,20250628HTLG0,https://www.koreabaseball.com/Schedule/GameCenter/Main.aspx?gameDate=20250628&gameId=20250628HTLG0
2025-06-28,2025,KT,롯데,away,4,0,사직,W,completed,20250628KTLT0,https://www.koreabaseball.com/Schedule/GameCenter/Main.aspx?gameDate=20250628&gameId=20250628KTLT0
2025-06-28,2025,롯데,KT,home,0,4,사직,L,completed,20250628KTLT0,https://www.koreabaseball.com/Schedule/GameCenter/Main.aspx?gameDate=20250628&gameId=20250628KTLT0
2025-06-28,2025,NC,두산,home,3,1,창원,W,completed,20250628OBNC0,https://www.koreabaseball.com/Schedule/GameCenter/Main.aspx?gameDate=20250628&gameId=20250628OBNC0
2025-06-28,2025,두산,NC,away,1,3,창원,L,completed,20250628OBNC0,https://www.koreabaseball.com/Schedule/GameCenter/Main.aspx?gameDate=20250628&gameId=20250628OBNC0
2025-06-28,2025,삼성,키움,away,0,9,고척,L,completed,20250628SSWO0,https://www.koreabaseball.com/Schedule/GameCenter/Main.aspx?gameDate=20250628&gameId=20250628SSWO0
2025-06-28,2025,키움,삼성,home,9,0,고척,W,completed,20250628SSWO0,https://www.koreabaseball.com/Schedule/GameCenter/Main.aspx?gameDate=20250628&gameId=20250628SSWO0
2025-06-29,2025,SSG,한화,home,2,0,문학,W,completed,20250629HHSK0,https://www.koreabaseball.com/Schedule/GameCenter/Main.aspx?gameDate=20250629&gameId=20250629HHSK0
2025-06-29,2025,한화,SSG,away,0,2,문학,L,completed,20250629HHSK0,https://www.koreabaseball.com/Schedule/GameCenter/Main.aspx?gameDate=20250629&gameId=20250629HHSK0
2025-06-29,2025,KIA,LG,away,12,2,잠실,W,completed,20250629HTLG0,https://www.koreabaseball.com/Schedule/GameCenter/Main.aspx?gameDate=20250629&gameId=20250629HTLG0
2025-06-29,2025,LG,KIA,home,2,12,잠실,L,completed,20250629HTLG0,https://www.koreabaseball.com/Schedule/GameCenter/Main.aspx?gameDate=20250629&gameId=20250629HTLG0
2025-06-29,2025,KT,롯데,away,5,10,사직,L,completed,20250629KTLT0,https://www.koreabaseball.com/Schedule/GameCenter/Main.aspx?gameDate=20250629&gameId=20250629KTLT0
2025-06-29,2025,롯데,KT,home,10,5,사직,W,completed,20250629KTLT0,https://www.koreabaseball.com/Schedule/GameCenter/Main.aspx?gameDate=20250629&gameId=20250629KTLT0
2025-06-29,2025,NC,두산,home,3,7,창원,L,completed,20250629OBNC0,https://www.koreabaseball.com/Schedule/GameCenter/Main.aspx?gameDate=20250629&gameId=20250629OBNC0
2025-06-29,2025,두산,NC,away,7,3,창원,W,completed,20250629OBNC0,https://www.koreabaseball.com/Schedule/GameCenter/Main.aspx?gameDate=20250629&gameId=20250629OBNC0
2025-06-29,2025,삼성,키움,away,7,10,고척,L,completed,20250629SSWO0,https://www.koreabaseball.com/Schedule/GameCenter/Main.aspx?gameDate=20250629&gameId=20250629SSWO0
2025-06-29,2025,키움,삼성,home,10,7,고척,W,completed,20250629SSWO0,https://www.koreabaseball.com/Schedule/GameCenter/Main.aspx?gameDate=20250629&gameId=20250629SSWO0
2025-07-01,2025,LG,롯데,away,3,2,사직,W,completed,20250701LGLT0,https://www.koreabaseball.com/Schedule/GameCenter/Main.aspx?gameDate=20250701&gameId=20250701LGLT0
2025-07-01,2025,롯데,LG,home,2,3,사직,L,completed,20250701LGLT0,https://www.koreabaseball.com/Schedule/GameCenter/Main.aspx?gameDate=20250701&gameId=20250701LGLT0
2025-07-01,2025,NC,한화,away,4,8,대전,L,completed,20250701NCHH0,https://www.koreabaseball.com/Schedule/GameCenter/Main.aspx?gameDate=20250701&gameId=20250701NCHH0
2025-07-01,2025,한화,NC,home,8,4,대전,W,completed,20250701NCHH0,https://www.koreabaseball.com/Schedule/GameCenter/Main.aspx?gameDate=20250701&gameId=20250701NCHH0
2025-07-01,2025,KIA,SSG,home,3,2,광주,W,completed,20250701SKHT0,https://www.koreabaseball.com/Schedule/GameCenter/Main.aspx?gameDate=20250701&gameId=20250701SKHT0
2025-07-01,2025,SSG,KIA,away,2,3,광주,L,completed,20250701SKHT0,https://www.koreabaseball.com/Schedule/GameCenter/Main.aspx?gameDate=20250701&gameId=20250701SKHT0
2025-07-01,2025,두산,삼성,home,1,4,잠실,L,completed,20250701SSOB0,https://www.koreabaseball.com/Schedule/GameCenter/Main.aspx?gameDate=20250701&gameId=20250701SSOB0
2025-07-01,2025,삼성,두산,away,4,1,잠실,W,completed,20250701SSOB0,https://www.koreabaseball.com/Schedule/GameCenter/Main.aspx?gameDate=20250701&gameId=20250701SSOB0
2025-07-01,2025,KT,키움,home,3,7,수원,L,completed,20250701WOKT0,https://www.koreabaseball.com/Schedule/GameCenter/Main.aspx?gameDate=20250701&gameId=20250701WOKT0
2025-07-01,2025,키움,KT,away,7,3,수원,W,completed,20250701WOKT0,https://www.koreabaseball.com/Schedule/GameCenter/Main.aspx?gameDate=20250701&gameId=20250701WOKT0
2025-07-02,2025,LG,롯데,away,2,5,사직,L,completed,20250702LGLT0,https://www.koreabaseball.com/Schedule/GameCenter/Main.aspx?gameDate=20250702&gameId=20250702LGLT0
2025-07-02,2025,롯데,LG,home,5,2,사직,W,completed,20250702LGLT0,https://www.koreabaseball.com/Schedule/GameCenter/Main.aspx?gameDate=20250702&gameId=20250702LGLT0
2025-07-02,2025,NC,한화,away,2,0,대전,W,completed,20250702NCHH0,https://www.koreabaseball.com/Schedule/GameCenter/Main.aspx?gameDate=20250702&gameId=20250702NCHH0
2025-07-02,2025,한화,NC,home,0,2,대전,L,completed,20250702NCHH0,https://www.koreabaseball.com/Schedule/GameCenter/Main.aspx?gameDate=20250702&gameId=20250702NCHH0
2025-07-02,2025,KIA,SSG,home,5,8,광주,L,completed,20250702SKHT0,https://www.koreabaseball.com/Schedule/GameCenter/Main.aspx?gameDate=20250702&gameId=20250702SKHT0
2025-07-02,2025,SSG,KIA,away,8,5,광주,W,completed,20250702SKHT0,https://www.koreabaseball.com/Schedule/GameCenter/Main.aspx?gameDate=20250702&gameId=20250702SKHT0
2025-07-02,2025,두산,삼성,home,5,0,잠실,W,completed,20250702SSOB0,https://www.koreabaseball.com/Schedule/GameCenter/Main.aspx?gameDate=20250702&gameId=20250702SSOB0
2025-07-02,2025,삼성,두산,away,0,5,잠실,L,completed,20250702SSOB0,https://www.koreabaseball.com/Schedule/GameCenter/Main.aspx?gameDate=20250702&gameId=20250702SSOB0
2025-07-02,2025,KT,키움,home,4,2,수원,W,completed,20250702WOKT0,https://www.koreabaseball.com/Schedule/GameCenter/Main.aspx?gameDate=20250702&gameId=20250702WOKT0
2025-07-02,2025,키움,KT,away,2,4,수원,L,completed,20250702WOKT0,https://www.koreabaseball.com/Schedule/GameCenter/Main.aspx?gameDate=20250702&gameId=20250702WOKT0
2025-07-03,2025,LG,롯데,away,0,2,사직,L,completed,20250703LGLT0,https://www.koreabaseball.com/Schedule/GameCenter/Main.aspx?gameDate=20250703&gameId=20250703LGLT0
2025-07-03,2025,롯데,LG,home,2,0,사직,W,completed,20250703LGLT0,https://www.koreabaseball.com/Schedule/GameCenter/Main.aspx?gameDate=20250703&gameId=20250703LGLT0
2025-07-03,2025,NC,한화,away,7,7,대전,D,completed,20250703NCHH0,https://www.koreabaseball.com/Schedule/GameCenter/Main.aspx?gameDate=20250703&gameId=20250703NCHH0
2025-07-03,2025,한화,NC,home,7,7,대전,D,completed,20250703NCHH0,https://www.koreabaseball.com/Schedule/GameCenter/Main.aspx?gameDate=20250703&gameId=20250703NCHH0
2025-07-03,2025,KIA,SSG,home,3,2,광주,W,completed,20250703SKHT0,https://www.koreabaseball.com/Schedule/GameCenter/Main.aspx?gameDate=20250703&gameId=20250703SKHT0
2025-07-03,2025,SSG,KIA,away,2,3,광주,L,completed,20250703SKHT0,https://www.koreabaseball.com/Schedule/GameCenter/Main.aspx?gameDate=20250703&gameId=20250703SKHT0
2025-07-03,2025,두산,삼성,home,4,6,잠실,L,completed,20250703SSOB0,https://www.koreabaseball.com/Schedule/GameCenter/Main.aspx?gameDate=20250703&gameId=20250703SSOB0
2025-07-03,2025,삼성,두산,away,6,4,잠실,W,completed,20250703SSOB0,https://www.koreabaseball.com/Schedule/GameCenter/Main.aspx?gameDate=20250703&gameId=20250703SSOB0
2025-07-03,2025,KT,키움,home,6,2,수원,W,completed,20250703WOKT0,https://www.koreabaseball.com/Schedule/GameCenter/Main.aspx?gameDate=20250703&gameId=20250703WOKT0
2025-07-03,2025,키움,KT,away,2,6,수원,L,completed,20250703WOKT0,https://www.koreabaseball.com/Schedule/GameCenter/Main.aspx?gameDate=20250703&gameId=20250703WOKT0
2025-07-04,2025,키움,한화,home,1,2,고척,L,completed,20250704HHWO0,https://www.koreabaseball.com/Schedule/GameCenter/Main.aspx?gameDate=20250704&gameId=20250704HHWO0
2025-07-04,2025,한화,키움,away,2,1,고척,W,completed,20250704HHWO0,https://www.koreabaseball.com/Schedule/GameCenter/Main.aspx?gameDate=20250704&gameId=20250704HHWO0
2025-07-04,2025,KT,두산,away,6,3,잠실,W,completed,20250704KTOB0,https://www.koreabaseball.com/Schedule/GameCenter/Main.aspx?gameDate=20250704&gameId=20250704KTOB0
2025-07-04,2025,두산,KT,home,3,6,잠실,L,completed,20250704KTOB0,https://www.koreabaseball.com/Schedule/GameCenter/Main.aspx?gameDate=20250704&gameId=20250704KTOB0
2025-07-04,2025,LG,삼성,away,1,4,대구,L,completed,20250704LGSS0,https://www.koreabaseball.com/Schedule/GameCenter/Main.aspx?gameDate=20250704&gameId=20250704LGSS0
2025-07-04,2025,삼성,LG,home,4,1,대구,W,completed,20250704LGSS0,https://www.koreabaseball.com/Schedule/GameCenter/Main.aspx?gameDate=20250704&gameId=20250704LGSS0
2025-07-04,2025,KIA,롯데,home,7,5,광주,W,completed,20250704LTHT0,https://www.koreabaseball.com/Schedule/GameCenter/Main.aspx?gameDate=20250704&gameId=20250704LTHT0
2025-07-04,2025,롯데,KIA,away,5,7,광주,L,completed,20250704LTHT0,https://www.koreabaseball.com/Schedule/GameCenter/Main.aspx?gameDate=20250704&gameId=20250704LTHT0
2025-07-04,2025,NC,SSG,home,0,4,창원,L,completed,20250704SKNC0,https://www.koreabaseball.com/Schedule/GameCenter/Main.aspx?gameDate=20250704&gameId=20250704SKNC0
2025-07-04,2025,SSG,NC,away,4,0,창원,W,completed,20250704SKNC0,https://www.koreabaseball.com/Schedule/GameCenter/Main.aspx?gameDate=20250704&gameId=20250704SKNC0
2025-07-05,2025,키움,한화,home,4,6,고척,L,completed,20250705HHWO0,https://www.koreabaseball.com/Schedule/GameCenter/Main.aspx?gameDate=20250705&gameId=20250705HHWO0
2025-07-05,2025,한화,키움,away,6,4,고척,W,completed,20250705HHWO0,https://www.koreabaseball.com/Schedule/GameCenter/Main.aspx?gameDate=20250705&gameId=20250705HHWO0
2025-07-05,2025,KT,두산,away,2,6,잠실,L,completed,20250705KTOB0,https://www.koreabaseball.com/Schedule/GameCenter/Main.aspx?gameDate=20250705&gameId=20250705KTOB0
2025-07-05,2025,두산,KT,home,6,2,잠실,W,completed,20250705KTOB0,https://www.koreabaseball.com/Schedule/GameCenter/Main.aspx?gameDate=20250705&gameId=20250705KTOB0
2025-07-05,2025,LG,삼성,away,6,7,대구,L,completed,20250705LGSS0,https://www.koreabaseball.com/Schedule/GameCenter/Main.aspx?gameDate=20250705&gameId=20250705LGSS0
2025-07-05,2025,삼성,LG,home,7,6,대구,W,completed,20250705LGSS0,https://www.koreabaseball.com/Schedule/GameCenter/Main.aspx?gameDate=20250705&gameId=20250705LGSS0
2025-07-05,2025,KIA,롯데,home,13,0,광주,W,completed,20250705LTHT0,https://www.koreabaseball.com/Schedule/GameCenter/Main.aspx?gameDate=20250705&gameId=20250705LTHT0
2025-07-05,2025,롯데,KIA,away,0,13,광주,L,completed,20250705LTHT0,https://www.koreabaseball.com/Schedule/GameCenter/Main.aspx?gameDate=20250705&gameId=20250705LTHT0
2025-07-05,2025,NC,SSG,home,1,6,창원,L,completed,20250705SKNC0,https://www.koreabaseball.com/Schedule/GameCenter/Main.aspx?gameDate=20250705&gameId=20250705SKNC0
2025-07-05,2025,SSG,NC,away,6,1,창원,W,completed,20250705SKNC0,https://www.koreabaseball.com/Schedule/GameCenter/Main.aspx?gameDate=20250705&gameId=20250705SKNC0
2025-07-06,2025,키움,한화,home,1,10,고척,L,completed,20250706HHWO0,https://www.koreabaseball.com/Schedule/GameCenter/Main.aspx?gameDate=20250706&gameId=20250706HHWO0
2025-07-06,2025,한화,키움,away,10,1,고척,W,completed,20250706HHWO0,https://www.koreabaseball.com/Schedule/GameCenter/Main.aspx?gameDate=20250706&gameId=20250706HHWO0
2025-07-06,2025,KT,두산,away,7,8,잠실,L,completed,20250706KTOB0,https://www.koreabaseball.com/Schedule/GameCenter/Main.aspx?gameDate=20250706&gameId=20250706KTOB0
2025-07-06,2025,두산,KT,home,8,7,잠실,W,completed,20250706KTOB0,https://www.koreabaseball.com/Schedule/GameCenter/Main.aspx?gameDate=20250706&gameId=20250706KTOB0
2025-07-06,2025,LG,삼성,away,4,2,대구,W,completed,20250706LGSS0,https://www.koreabaseball.com/Schedule/GameCenter/Main.aspx?gameDate=20250706&gameId=20250706LGSS0
2025-07-06,2025,삼성,LG,home,2,4,대구,L,completed,20250706LGSS0,https://www.koreabaseball.com/Schedule/GameCenter/Main.aspx?gameDate=20250706&gameId=20250706LGSS0
2025-07-06,2025,KIA,롯데,home,2,5,광주,L,completed,20250706LTHT0,https://www.koreabaseball.com/Schedule/GameCenter/Main.aspx?gameDate=20250706&gameId=20250706LTHT0
2025-07-06,2025,롯데,KIA,away,5,2,광주,W,completed,20250706LTHT0,https://www.koreabaseball.com/Schedule/GameCenter/Main.aspx?gameDate=20250706&gameId=20250706LTHT0
2025-07-06,2025,NC,SSG,home,3,2,창원,W,completed,20250706SKNC0,https://www.koreabaseball.com/Schedule/GameCenter/Main.aspx?gameDate=20250706&gameId=20250706SKNC0
2025-07-06,2025,SSG,NC,away,2,3,창원,L,completed,20250706SKNC0,https://www.koreabaseball.com/Schedule/GameCenter/Main.aspx?gameDate=20250706&gameId=20250706SKNC0
2025-07-08,2025,KIA,한화,away,8,14,대전,L,completed,20250708HTHH0,https://www.koreabaseball.com/Schedule/GameCenter/Main.aspx?gameDate=20250708&gameId=20250708HTHH0
2025-07-08,2025,한화,KIA,home,14,8,대전,W,completed,20250708HTHH0,https://www.koreabaseball.com/Schedule/GameCenter/Main.aspx?gameDate=20250708&gameId=20250708HTHH0
2025-07-08,2025,KT,SSG,away,1,7,문학,L,completed,20250708KTSK0,https://www.koreabaseball.com/Schedule/GameCenter/Main.aspx?gameDate=20250708&gameId=20250708KTSK0
2025-07-08,2025,SSG,KT,home,7,1,문학,W,completed,20250708KTSK0,https://www.koreabaseball.com/Schedule/GameCenter/Main.aspx?gameDate=20250708&gameId=20250708KTSK0
2025-07-08,2025,두산,롯데,away,8,5,사직,W,completed,20250708OBLT0,https://www.koreabaseball.com/Schedule/GameCenter/Main.aspx?gameDate=20250708&gameId=20250708OBLT0
2025-07-08,2025,롯데,두산,home,5,8,사직,L,completed,20250708OBLT0,https://www.koreabaseball.com/Schedule/GameCenter/Main.aspx?gameDate=20250708&gameId=20250708OBLT0
2025-07-08,2025,NC,삼성,home,10,9,창원,W,completed,20250708SSNC0,https://www.koreabaseball.com/Schedule/GameCenter/Main.aspx?gameDate=20250708&gameId=20250708SSNC0
2025-07-08,2025,삼성,NC,away,9,10,창원,L,completed,20250708SSNC0,https://www.koreabaseball.com/Schedule/GameCenter/Main.aspx?gameDate=20250708&gameId=20250708SSNC0
2025-07-08,2025,LG,키움,home,4,3,잠실,W,completed,20250708WOLG0,https://www.koreabaseball.com/Schedule/GameCenter/Main.aspx?gameDate=20250708&gameId=20250708WOLG0
2025-07-08,2025,키움,LG,away,3,4,잠실,L,completed,20250708WOLG0,https://www.koreabaseball.com/Schedule/GameCenter/Main.aspx?gameDate=20250708&gameId=20250708WOLG0
2025-07-09,2025,KIA,한화,away,4,7,대전,L,completed,20250709HTHH0,https://www.koreabaseball.com/Schedule/GameCenter/Main.aspx?gameDate=20250709&gameId=20250709HTHH0
2025-07-09,2025,한화,KIA,home,7,4,대전,W,completed,20250709HTHH0,https://www.koreabaseball.com/Schedule/GameCenter/Main.aspx?gameDate=20250709&gameId=20250709HTHH0
2025-07-09,2025,KT,SSG,away,10,3,문학,W,completed,20250709KTSK0,https://www.koreabaseball.com/Schedule/GameCenter/Main.aspx?gameDate=20250709&gameId=20250709KTSK0
2025-07-09,2025,SSG,KT,home,3,10,문학,L,completed,20250709KTSK0,https://www.koreabaseball.com/Schedule/GameCenter/Main.aspx?gameDate=20250709&gameId=20250709KTSK0
2025-07-09,2025,두산,롯데,away,4,5,사직,L,completed,20250709OBLT0,https://www.koreabaseball.com/Schedule/GameCenter/Main.aspx?gameDate=20250709&gameId=20250709OBLT0
2025-07-09,2025,롯데,두산,home,5,4,사직,W,completed,20250709OBLT0,https://www.koreabaseball.com/Schedule/GameCenter/Main.aspx?gameDate=20250709&gameId=20250709OBLT0
2025-07-09,2025,NC,삼성,home,3,0,창원,W,completed,20250709SSNC0,https://www.koreabaseball.com/Schedule/GameCenter/Main.aspx?gameDate=20250709&gameId=20250709SSNC0
2025-07-09,2025,삼성,NC,away,0,3,창원,L,completed,20250709SSNC0,https://www.koreabaseball.com/Schedule/GameCenter/Main.aspx?gameDate=20250709&gameId=20250709SSNC0
2025-07-09,2025,LG,키움,home,12,6,잠실,W,completed,20250709WOLG0,https://www.koreabaseball.com/Schedule/GameCenter/Main.aspx?gameDate=20250709&gameId=20250709WOLG0
2025-07-09,2025,키움,LG,away,6,12,잠실,L,completed,20250709WOLG0,https://www.koreabaseball.com/Schedule/GameCenter/Main.aspx?gameDate=20250709&gameId=20250709WOLG0
2025-07-10,2025,KIA,한화,away,2,3,대전,L,completed,20250710HTHH0,https://www.koreabaseball.com/Schedule/GameCenter/Main.aspx?gameDate=20250710&gameId=20250710HTHH0
2025-07-10,2025,한화,KIA,home,3,2,대전,W,completed,20250710HTHH0,https://www.koreabaseball.com/Schedule/GameCenter/Main.aspx?gameDate=20250710&gameId=20250710HTHH0
2025-07-10,2025,KT,SSG,away,4,2,문학,W,completed,20250710KTSK0,https://www.koreabaseball.com/Schedule/GameCenter/Main.aspx?gameDate=20250710&gameId=20250710KTSK0
2025-07-10,2025,SSG,KT,home,2,4,문학,L,completed,20250710KTSK0,https://www.koreabaseball.com/Schedule/GameCenter/Main.aspx?gameDate=20250710&gameId=20250710KTSK0
2025-07-10,2025,두산,롯데,away,9,0,사직,W,completed,20250710OBLT0,https://www.koreabaseball.com/Schedule/GameCenter/Main.aspx?gameDate=20250710&gameId=20250710OBLT0
2025-07-10,2025,롯데,두산,home,0,9,사직,L,completed,20250710OBLT0,https://www.koreabaseball.com/Schedule/GameCenter/Main.aspx?gameDate=20250710&gameId=20250710OBLT0
2025-07-10,2025,NC,삼성,home,7,5,창원,W,completed,20250710SSNC0,https://www.koreabaseball.com/Schedule/GameCenter/Main.aspx?gameDate=20250710&gameId=20250710SSNC0
2025-07-10,2025,삼성,NC,away,5,7,창원,L,completed,20250710SSNC0,https://www.koreabaseball.com/Schedule/GameCenter/Main.aspx?gameDate=20250710&gameId=20250710SSNC0
2025-07-10,2025,LG,키움,home,3,4,잠실,L,completed,20250710WOLG0,https://www.koreabaseball.com/Schedule/GameCenter/Main.aspx?gameDate=20250710&gameId=20250710WOLG0
2025-07-10,2025,키움,LG,away,4,3,잠실,W,completed,20250710WOLG0,https://www.koreabaseball.com/Schedule/GameCenter/Main.aspx?gameDate=20250710&gameId=20250710WOLG0
2025-07-18,2025,KT,한화,home,0,5,수원,L,completed,20250718HHKT0,https://www.koreabaseball.com/Schedule/GameCenter/Main.aspx?gameDate=20250718&gameId=20250718HHKT0
2025-07-18,2025,한화,KT,away,5,0,수원,W,completed,20250718HHKT0,https://www.koreabaseball.com/Schedule/GameCenter/Main.aspx?gameDate=20250718&gameId=20250718HHKT0
2025-07-18,2025,LG,롯데,home,2,1,잠실,W,completed,20250718LTLG0,https://www.koreabaseball.com/Schedule/GameCenter/Main.aspx?gameDate=20250718&gameId=20250718LTLG0
2025-07-18,2025,롯데,LG,away,1,2,잠실,L,completed,20250718LTLG0,https://www.koreabaseball.com/Schedule/GameCenter/Main.aspx?gameDate=20250718&gameId=20250718LTLG0
2025-07-19,2025,KT,한화,home,5,6,수원,L,completed,20250719HHKT0,https://www.koreabaseball.com/Schedule/GameCenter/Main.aspx?gameDate=20250719&gameId=20250719HHKT0
2025-07-19,2025,한화,KT,away,6,5,수원,W,completed,20250719HHKT0,https://www.koreabaseball.com/Schedule/GameCenter/Main.aspx?gameDate=20250719&gameId=20250719HHKT0
2025-07-19,2025,LG,롯데,home,1,6,잠실,L,completed,20250719LTLG0,https://www.koreabaseball.com/Schedule/GameCenter/Main.aspx?gameDate=20250719&gameId=20250719LTLG0
2025-07-19,2025,롯데,LG,away,6,1,잠실,W,completed,20250719LTLG0,https://www.koreabaseball.com/Schedule/GameCenter/Main.aspx?gameDate=20250719&gameId=20250719LTLG0
2025-07-19,2025,SSG,두산,home,0,5,문학,L,completed,20250719OBSK0,https://www.koreabaseball.com/Schedule/GameCenter/Main.aspx?gameDate=20250719&gameId=20250719OBSK0
2025-07-19,2025,두산,SSG,away,5,0,문학,W,completed,20250719OBSK0,https://www.koreabaseball.com/Schedule/GameCenter/Main.aspx?gameDate=20250719&gameId=20250719OBSK0
2025-07-20,2025,KT,한화,home,0,10,수원,L,completed,20250720HHKT0,https://www.koreabaseball.com/Schedule/GameCenter/Main.aspx?gameDate=20250720&gameId=20250720HHKT0
2025-07-20,2025,한화,KT,away,10,0,수원,W,completed,20250720HHKT0,https://www.koreabaseball.com/Schedule/GameCenter/Main.aspx?gameDate=20250720&gameId=20250720HHKT0
2025-07-20,2025,LG,롯데,home,3,2,잠실,W,completed,20250720LTLG0,https://www.koreabaseball.com/Schedule/GameCenter/Main.aspx?gameDate=20250720&gameId=20250720LTLG0
2025-07-20,2025,롯데,LG,away,2,3,잠실,L,completed,20250720LTLG0,https://www.koreabaseball.com/Schedule/GameCenter/Main.aspx?gameDate=20250720&gameId=20250720LTLG0
2025-07-20,2025,KIA,NC,home,3,2,광주,W,completed,20250720NCHT0,https://www.koreabaseball.com/Schedule/GameCenter/Main.aspx?gameDate=20250720&gameId=20250720NCHT0
2025-07-20,2025,NC,KIA,away,2,3,광주,L,completed,20250720NCHT0,https://www.koreabaseball.com/Schedule/GameCenter/Main.aspx?gameDate=20250720&gameId=20250720NCHT0
2025-07-20,2025,SSG,두산,home,1,2,문학,L,completed,20250720OBSK0,https://www.koreabaseball.com/Schedule/GameCenter/Main.aspx?gameDate=20250720&gameId=20250720OBSK0
2025-07-20,2025,두산,SSG,away,2,1,문학,W,completed,20250720OBSK0,https://www.koreabaseball.com/Schedule/GameCenter/Main.aspx?gameDate=20250720&gameId=20250720OBSK0
2025-07-20,2025,삼성,키움,home,15,10,대구,W,completed,20250720WOSS0,https://www.koreabaseball.com/Schedule/GameCenter/Main.aspx?gameDate=20250720&gameId=20250720WOSS0
2025-07-20,2025,키움,삼성,away,10,15,대구,L,completed,20250720WOSS0,https://www.koreabaseball.com/Schedule/GameCenter/Main.aspx?gameDate=20250720&gameId=20250720WOSS0
2025-07-22,2025,두산,한화,home,1,2,잠실,L,completed,20250722HHOB0,https://www.koreabaseball.com/Schedule/GameCenter/Main.aspx?gameDate=20250722&gameId=20250722HHOB0
2025-07-22,2025,한화,두산,away,2,1,잠실,W,completed,20250722HHOB0,https://www.koreabaseball.com/Schedule/GameCenter/Main.aspx?gameDate=20250722&gameId=20250722HHOB0
2025-07-22,2025,KT,NC,away,7,0,창원,W,completed,20250722KTNC0,https://www.koreabaseball.com/Schedule/GameCenter/Main.aspx?gameDate=20250722&gameId=20250722KTNC0
2025-07-22,2025,NC,KT,home,0,7,창원,L,completed,20250722KTNC0,https://www.koreabaseball.com/Schedule/GameCenter/Main.aspx?gameDate=20250722&gameId=20250722KTNC0
2025-07-22,2025,KIA,LG,home,7,9,광주,L,completed,20250722LGHT0,https://www.koreabaseball.com/Schedule/GameCenter/Main.aspx?gameDate=20250722&gameId=20250722LGHT0
2025-07-22,2025,LG,KIA,away,9,7,광주,W,completed,20250722LGHT0,https://www.koreabaseball.com/Schedule/GameCenter/Main.aspx?gameDate=20250722&gameId=20250722LGHT0
2025-07-22,2025,롯데,키움,away,3,6,고척,L,completed,20250722LTWO0,https://www.koreabaseball.com/Schedule/GameCenter/Main.aspx?gameDate=20250722&gameId=20250722LTWO0
2025-07-22,2025,키움,롯데,home,6,3,고척,W,completed,20250722LTWO0,https://www.koreabaseball.com/Schedule/GameCenter/Main.aspx?gameDate=20250722&gameId=20250722LTWO0
2025-07-22,2025,SSG,삼성,away,5,7,대구,L,completed,20250722SKSS0,https://www.koreabaseball.com/Schedule/GameCenter/Main.aspx?gameDate=20250722&gameId=20250722SKSS0
2025-07-22,2025,삼성,SSG,home,7,5,대구,W,completed,20250722SKSS0,https://www.koreabaseball.com/Schedule/GameCenter/Main.aspx?gameDate=20250722&gameId=20250722SKSS0
2025-07-23,2025,두산,한화,home,13,2,잠실,W,completed,20250723HHOB0,https://www.koreabaseball.com/Schedule/GameCenter/Main.aspx?gameDate=20250723&gameId=20250723HHOB0
2025-07-23,2025,한화,두산,away,2,13,잠실,L,completed,20250723HHOB0,https://www.koreabaseball.com/Schedule/GameCenter/Main.aspx?gameDate=20250723&gameId=20250723HHOB0
2025-07-23,2025,KT,NC,away,9,2,창원,W,completed,20250723KTNC0,https://www.koreabaseball.com/Schedule/GameCenter/Main.aspx?gameDate=20250723&gameId=20250723KTNC0
2025-07-23,2025,NC,KT,home,2,9,창원,L,completed,20250723KTNC0,https://www.koreabaseball.com/Schedule/GameCenter/Main.aspx?gameDate=20250723&gameId=20250723KTNC0
2025-07-23,2025,KIA,LG,home,5,6,광주,L,completed,20250723LGHT0,https://www.koreabaseball.com/Schedule/GameCenter/Main.aspx?gameDate=20250723&gameId=20250723LGHT0
2025-07-23,2025,LG,KIA,away,6,5,광주,W,completed,20250723LGHT0,https://www.koreabaseball.com/Schedule/GameCenter/Main.aspx?gameDate=20250723&gameId=20250723LGHT0
2025-07-23,2025,롯데,키움,away,4,1,고척,W,completed,20250723LTWO0,https://www.koreabaseball.com/Schedule/GameCenter/Main.aspx?gameDate=20250723&gameId=20250723LTWO0
2025-07-23,2025,키움,롯데,home,1,4,고척,L,completed,20250723LTWO0,https://www.koreabaseball.com/Schedule/GameCenter/Main.aspx?gameDate=20250723&gameId=20250723LTWO0
2025-07-23,2025,SSG,삼성,away,0,9,대구,L,completed,20250723SKSS0,https://www.koreabaseball.com/Schedule/GameCenter/Main.aspx?gameDate=20250723&gameId=20250723SKSS0
2025-07-23,2025,삼성,SSG,home,9,0,대구,W,completed,20250723SKSS0,https://www.koreabaseball.com/Schedule/GameCenter/Main.aspx?gameDate=20250723&gameId=20250723SKSS0
2025-07-24,2025,두산,한화,home,4,4,잠실,D,completed,20250724HHOB0,https://www.koreabaseball.com/Schedule/GameCenter/Main.aspx?gameDate=20250724&gameId=20250724HHOB0
2025-07-24,2025,한화,두산,away,4,4,잠실,D,completed,20250724HHOB0,https://www.koreabaseball.com/Schedule/GameCenter/Main.aspx?gameDate=20250724&gameId=20250724HHOB0
2025-07-24,2025,KT,NC,away,5,4,창원,W,completed,20250724KTNC0,https://www.koreabaseball.com/Schedule/GameCenter/Main.aspx?gameDate=20250724&gameId=20250724KTNC0
2025-07-24,2025,NC,KT,home,4,5,창원,L,completed,20250724KTNC0,https://www.koreabaseball.com/Schedule/GameCenter/Main.aspx?gameDate=20250724&gameId=20250724KTNC0
2025-07-24,2025,KIA,LG,home,0,8,광주,L,completed,20250724LGHT0,https://www.koreabaseball.com/Schedule/GameCenter/Main.aspx?gameDate=20250724&gameId=20250724LGHT0
2025-07-24,2025,LG,KIA,away,8,0,광주,W,completed,20250724LGHT0,https://www.koreabaseball.com/Schedule/GameCenter/Main.aspx?gameDate=20250724&gameId=20250724LGHT0
2025-07-24,2025,롯데,키움,away,4,0,고척,W,completed,20250724LTWO0,https://www.koreabaseball.com/Schedule/GameCenter/Main.aspx?gameDate=20250724&gameId=20250724LTWO0
2025-07-24,2025,키움,롯데,home,0,4,고척,L,completed,20250724LTWO0,https://www.koreabaseball.com/Schedule/GameCenter/Main.aspx?gameDate=20250724&gameId=20250724LTWO0
2025-07-24,2025,SSG,삼성,away,3,1,대구,W,completed,20250724SKSS0,https://www.koreabaseball.com/Schedule/GameCenter/Main.aspx?gameDate=20250724&gameId=20250724SKSS0
2025-07-24,2025,삼성,SSG,home,1,3,대구,L,completed,20250724SKSS0,https://www.koreabaseball.com/Schedule/GameCenter/Main.aspx?gameDate=20250724&gameId=20250724SKSS0
2025-07-25,2025,KIA,롯데,away,4,7,사직,L,completed,20250725HTLT0,https://www.koreabaseball.com/Schedule/GameCenter/Main.aspx?gameDate=20250725&gameId=20250725HTLT0
2025-07-25,2025,롯데,KIA,home,7,4,사직,W,completed,20250725HTLT0,https://www.koreabaseball.com/Schedule/GameCenter/Main.aspx?gameDate=20250725&gameId=20250725HTLT0
2025-07-25,2025,LG,두산,away,6,5,잠실,W,completed,20250725LGOB0,https://www.koreabaseball.com/Schedule/GameCenter/Main.aspx?gameDate=20250725&gameId=20250725LGOB0
2025-07-25,2025,두산,LG,home,5,6,잠실,L,completed,20250725LGOB0,https://www.koreabaseball.com/Schedule/GameCenter/Main.aspx?gameDate=20250725&gameId=20250725LGOB0
2025-07-25,2025,SSG,한화,away,0,4,대전,L,completed,20250725SKHH0,https://www.koreabaseball.com/Schedule/GameCenter/Main.aspx?gameDate=20250725&gameId=20250725SKHH0
2025-07-25,2025,한화,SSG,home,4,0,대전,W,completed,20250725SKHH0,https://www.koreabaseball.com/Schedule/GameCenter/Main.aspx?gameDate=20250725&gameId=20250725SKHH0
2025-07-25,2025,KT,삼성,home,8,5,수원,W,completed,20250725SSKT0,https://www.koreabaseball.com/Schedule/GameCenter/Main.aspx?gameDate=20250725&gameId=20250725SSKT0
2025-07-25,2025,삼성,KT,away,5,8,수원,L,completed,20250725SSKT0,https://www.koreabaseball.com/Schedule/GameCenter/Main.aspx?gameDate=20250725&gameId=20250725SSKT0
2025-07-25,2025,NC,키움,home,16,7,창원,W,completed,20250725WONC0,https://www.koreabaseball.com/Schedule/GameCenter/Main.aspx?gameDate=20250725&gameId=20250725WONC0
2025-07-25,2025,키움,NC,away,7,16,창원,L,completed,20250725WONC0,https://www.koreabaseball.com/Schedule/GameCenter/Main.aspx?gameDate=20250725&gameId=20250725WONC0
2025-07-26,2025,KIA,롯데,away,4,9,사직,L,completed,20250726HTLT0,https://www.koreabaseball.com/Schedule/GameCenter/Main.aspx?gameDate=20250726&gameId=20250726HTLT0
2025-07-26,2025,롯데,KIA,home,9,4,사직,W,completed,20250726HTLT0,https://www.koreabaseball.com/Schedule/GameCenter/Main.aspx?gameDate=20250726&gameId=20250726HTLT0
2025-07-26,2025,LG,두산,away,4,3,잠실,W,completed,20250726LGOB0,https://www.koreabaseball.com/Schedule/GameCenter/Main.aspx?gameDate=20250726&gameId=20250726LGOB0
2025-07-26,2025,두산,LG,home,3,4,잠실,L,completed,20250726LGOB0,https://www.koreabaseball.com/Schedule/GameCenter/Main.aspx?gameDate=20250726&gameId=20250726LGOB0
2025-07-26,2025,SSG,한화,away,9,3,대전,W,completed,20250726SKHH0,https://www.koreabaseball.com/Schedule/GameCenter/Main.aspx?gameDate=20250726&gameId=20250726SKHH0
2025-07-26,2025,한화,SSG,home,3,9,대전,L,completed,20250726SKHH0,https://www.koreabaseball.com/Schedule/GameCenter/Main.aspx?gameDate=20250726&gameId=20250726SKHH0
2025-07-26,2025,KT,삼성,home,0,11,수원,L,completed,20250726SSKT0,https://www.koreabaseball.com/Schedule/GameCenter/Main.aspx?gameDate=20250726&gameId=20250726SSKT0
2025-07-26,2025,삼성,KT,away,11,0,수원,W,completed,20250726SSKT0,https://www.koreabaseball.com/Schedule/GameCenter/Main.aspx?gameDate=20250726&gameId=20250726SSKT0
2025-07-26,2025,NC,키움,home,8,6,창원,W,completed,20250726WONC0,https://www.koreabaseball.com/Schedule/GameCenter/Main.aspx?gameDate=20250726&gameId=20250726WONC0
2025-07-26,2025,키움,NC,away,6,8,창원,L,completed,20250726WONC0,https://www.koreabaseball.com/Schedule/GameCenter/Main.aspx?gameDate=20250726&gameId=20250726WONC0
2025-07-27,2025,KIA,롯데,away,3,5,사직,L,completed,20250727HTLT0,https://www.koreabaseball.com/Schedule/GameCenter/Main.aspx?gameDate=20250727&gameId=20250727HTLT0
2025-07-27,2025,롯데,KIA,home,5,3,사직,W,completed,20250727HTLT0,https://www.koreabaseball.com/Schedule/GameCenter/Main.aspx?gameDate=20250727&gameId=20250727HTLT0
2025-07-27,2025,LG,두산,away,6,9,잠실,L,completed,20250727LGOB0,https://www.koreabaseball.com/Schedule/GameCenter/Main.aspx?gameDate=20250727&gameId=20250727LGOB0
2025-07-27,2025,두산,LG,home,9,6,잠실,W,completed,20250727LGOB0,https://www.koreabaseball.com/Schedule/GameCenter/Main.aspx?gameDate=20250727&gameId=20250727LGOB0
2025-07-27,2025,SSG,한화,away,3,2,대전,W,completed,20250727SKHH0,https://www.koreabaseball.com/Schedule/GameCenter/Main.aspx?gameDate=20250727&gameId=20250727SKHH0
2025-07-27,2025,한화,SSG,home,2,3,대전,L,completed,20250727SKHH0,https://www.koreabaseball.com/Schedule/GameCenter/Main.aspx?gameDate=20250727&gameId=20250727SKHH0
2025-07-27,2025,KT,삼성,home,4,3,수원,W,completed,20250727SSKT0,https://www.koreabaseball.com/Schedule/GameCenter/Main.aspx?gameDate=20250727&gameId=20250727SSKT0
2025-07-27,2025,삼성,KT,away,3,4,수원,L,completed,20250727SSKT0,https://www.koreabaseball.com/Schedule/GameCenter/Main.aspx?gameDate=20250727&gameId=20250727SSKT0
2025-07-27,2025,NC,키움,home,12,4,창원,W,completed,20250727WONC0,https://www.koreabaseball.com/Schedule/GameCenter/Main.aspx?gameDate=20250727&gameId=20250727WONC0
2025-07-27,2025,키움,NC,away,4,12,창원,L,completed,20250727WONC0,https://www.koreabaseball.com/Schedule/GameCenter/Main.aspx?gameDate=20250727&gameId=20250727WONC0
2025-07-29,2025,KT,LG,away,2,8,잠실,L,completed,20250729KTLG0,https://www.koreabaseball.com/Schedule/GameCenter/Main.aspx?gameDate=20250729&gameId=20250729KTLG0
2025-07-29,2025,LG,KT,home,8,2,잠실,W,completed,20250729KTLG0,https://www.koreabaseball.com/Schedule/GameCenter/Main.aspx?gameDate=20250729&gameId=20250729KTLG0
2025-07-29,2025,NC,롯데,away,4,6,사직,L,completed,20250729NCLT0,https://www.koreabaseball.com/Schedule/GameCenter/Main.aspx?gameDate=20250729&gameId=20250729NCLT0
2025-07-29,2025,롯데,NC,home,6,4,사직,W,completed,20250729NCLT0,https://www.koreabaseball.com/Schedule/GameCenter/Main.aspx?gameDate=20250729&gameId=20250729NCLT0
2025-07-29,2025,KIA,두산,home,6,9,광주,L,completed,20250729OBHT0,https://www.koreabaseball.com/Schedule/GameCenter/Main.aspx?gameDate=20250729&gameId=20250729OBHT0
2025-07-29,2025,두산,KIA,away,9,6,광주,W,completed,20250729OBHT0,https://www.koreabaseball.com/Schedule/GameCenter/Main.aspx?gameDate=20250729&gameId=20250729OBHT0
2025-07-29,2025,삼성,한화,away,9,2,대전,W,completed,20250729SSHH0,https://www.koreabaseball.com/Schedule/GameCenter/Main.aspx?gameDate=20250729&gameId=20250729SSHH0
2025-07-29,2025,한화,삼성,home,2,9,대전,L,completed,20250729SSHH0,https://www.koreabaseball.com/Schedule/GameCenter/Main.aspx?gameDate=20250729&gameId=20250729SSHH0
2025-07-29,2025,SSG,키움,home,9,3,문학,W,completed,20250729WOSK0,https://www.koreabaseball.com/Schedule/GameCenter/Main.aspx?gameDate=20250729&gameId=20250729WOSK0
2025-07-29,2025,키움,SSG,away,3,9,문학,L,completed,20250729WOSK0,https://www.koreabaseball.com/Schedule/GameCenter/Main.aspx?gameDate=20250729&gameId=20250729WOSK0
2025-07-30,2025,KT,LG,away,0,5,잠실,L,completed,20250730KTLG0,https://www.koreabaseball.com/Schedule/GameCenter/Main.aspx?gameDate=20250730&gameId=20250730KTLG0
2025-07-30,2025,LG,KT,home,5,0,잠실,W,completed,20250730KTLG0,https://www.koreabaseball.com/Schedule/GameCenter/Main.aspx?gameDate=20250730&gameId=20250730KTLG0
2025-07-30,2025,NC,롯데,away,9,4,사직,W,completed,20250730NCLT0,https://www.koreabaseball.com/Schedule/GameCenter/Main.aspx?gameDate=20250730&gameId=20250730NCLT0
2025-07-30,2025,롯데,NC,home,4,9,사직,L,completed,20250730NCLT0,https://www.koreabaseball.com/Schedule/GameCenter/Main.aspx?gameDate=20250730&gameId=20250730NCLT0
2025-07-30,2025,KIA,두산,home,2,2,광주,D,completed,20250730OBHT0,https://www.koreabaseball.com/Schedule/GameCenter/Main.aspx?gameDate=20250730&gameId=20250730OBHT0
2025-07-30,2025,두산,KIA,away,2,2,광주,D,completed,20250730OBHT0,https://www.koreabaseball.com/Schedule/GameCenter/Main.aspx?gameDate=20250730&gameId=20250730OBHT0
2025-07-30,2025,삼성,한화,away,0,5,대전,L,completed,20250730SSHH0,https://www.koreabaseball.com/Schedule/GameCenter/Main.aspx?gameDate=20250730&gameId=20250730SSHH0
2025-07-30,2025,한화,삼성,home,5,0,대전,W,completed,20250730SSHH0,https://www.koreabaseball.com/Schedule/GameCenter/Main.aspx?gameDate=20250730&gameId=20250730SSHH0
2025-07-30,2025,SSG,키움,home,5,5,문학,D,completed,20250730WOSK0,https://www.koreabaseball.com/Schedule/GameCenter/Main.aspx?gameDate=20250730&gameId=20250730WOSK0
2025-07-30,2025,키움,SSG,away,5,5,문학,D,completed,20250730WOSK0,https://www.koreabaseball.com/Schedule/GameCenter/Main.aspx?gameDate=20250730&gameId=20250730WOSK0
2025-07-31,2025,KT,LG,away,0,18,잠실,L,completed,20250731KTLG0,https://www.koreabaseball.com/Schedule/GameCenter/Main.aspx?gameDate=20250731&gameId=20250731KTLG0
2025-07-31,2025,LG,KT,home,18,0,잠실,W,completed,20250731KTLG0,https://www.koreabaseball.com/Schedule/GameCenter/Main.aspx?gameDate=20250731&gameId=20250731KTLG0
2025-07-31,2025,NC,롯데,away,5,11,사직,L,completed,20250731NCLT0,https://www.koreabaseball.com/Schedule/GameCenter/Main.aspx?gameDate=20250731&gameId=20250731NCLT0
2025-07-31,2025,롯데,NC,home,11,5,사직,W,completed,20250731NCLT0,https://www.koreabaseball.com/Schedule/GameCenter/Main.aspx?gameDate=20250731&gameId=20250731NCLT0
2025-07-31,2025,KIA,두산,home,3,2,광주,W,completed,20250731OBHT0,https://www.koreabaseball.com/Schedule/GameCenter/Main.aspx?gameDate=20250731&gameId=20250731OBHT0
2025-07-31,2025,두산,KIA,away,2,3,광주,L,completed,20250731OBHT0,https://www.koreabaseball.com/Schedule/GameCenter/Main.aspx?gameDate=20250731&gameId=20250731OBHT0
2025-07-31,2025,삼성,한화,away,1,7,대전,L,completed,20250731SSHH0,https://www.koreabaseball.com/Schedule/GameCenter/Main.aspx?gameDate=20250731&gameId=20250731SSHH0
2025-07-31,2025,한화,삼성,home,7,1,대전,W,completed,20250731SSHH0,https://www.koreabaseball.com/Schedule/GameCenter/Main.aspx?gameDate=20250731&gameId=20250731SSHH0
2025-07-31,2025,SSG,키움,home,4,2,문학,W,completed,20250731WOSK0,https://www.koreabaseball.com/Schedule/GameCenter/Main.aspx?gameDate=20250731&gameId=20250731WOSK0
2025-07-31,2025,키움,SSG,away,2,4,문학,L,completed,20250731WOSK0,https://www.koreabaseball.com/Schedule/GameCenter/Main.aspx?gameDate=20250731&gameId=20250731WOSK0
2025-08-01,2025,KIA,한화,home,3,2,광주,W,completed,20250801HHHT0,https://www.koreabaseball.com/Schedule/GameCenter/Main.aspx?gameDate=20250801&gameId=20250801HHHT0
2025-08-01,2025,한화,KIA,away,2,3,광주,L,completed,20250801HHHT0,https://www.koreabaseball.com/Schedule/GameCenter/Main.aspx?gameDate=20250801&gameId=20250801HHHT0
2025-08-01,2025,KT,NC,away,3,5,창원,L,completed,20250801KTNC0,https://www.koreabaseball.com/Schedule/GameCenter/Main.aspx?gameDate=20250801&gameId=20250801KTNC0
2025-08-01,2025,NC,KT,home,5,3,창원,W,completed,20250801KTNC0,https://www.koreabaseball.com/Schedule/GameCenter/Main.aspx?gameDate=20250801&gameId=20250801KTNC0
2025-08-01,2025,LG,삼성,away,4,2,대구,W,completed,20250801LGSS0,https://www.koreabaseball.com/Schedule/GameCenter/Main.aspx?gameDate=20250801&gameId=20250801LGSS0
2025-08-01,2025,삼성,LG,home,2,4,대구,L,completed,20250801LGSS0,https://www.koreabaseball.com/Schedule/GameCenter/Main.aspx?gameDate=20250801&gameId=20250801LGSS0
2025-08-01,2025,롯데,키움,away,0,2,고척,L,completed,20250801LTWO0,https://www.koreabaseball.com/Schedule/GameCenter/Main.aspx?gameDate=20250801&gameId=20250801LTWO0
2025-08-01,2025,키움,롯데,home,2,0,고척,W,completed,20250801LTWO0,https://www.koreabaseball.com/Schedule/GameCenter/Main.aspx?gameDate=20250801&gameId=20250801LTWO0
2025-08-01,2025,SSG,두산,away,7,2,잠실,W,completed,20250801SKOB0,https://www.koreabaseball.com/Schedule/GameCenter/Main.aspx?gameDate=20250801&gameId=20250801SKOB0
2025-08-01,2025,두산,SSG,home,2,7,잠실,L,completed,20250801SKOB0,https://www.koreabaseball.com/Schedule/GameCenter/Main.aspx?gameDate=20250801&gameId=20250801SKOB0
2025-08-02,2025,KT,NC,away,6,7,창원,L,completed,20250802KTNC0,https://www.koreabaseball.com/Schedule/GameCenter/Main.aspx?gameDate=20250802&gameId=20250802KTNC0
2025-08-02,2025,NC,KT,home,7,6,창원,W,completed,20250802KTNC0,https://www.koreabaseball.com/Schedule/GameCenter/Main.aspx?gameDate=20250802&gameId=20250802KTNC0
2025-08-02,2025,LG,삼성,away,3,2,대구,W,completed,20250802LGSS0,https://www.koreabaseball.com/Schedule/GameCenter/Main.aspx?gameDate=20250802&gameId=20250802LGSS0
2025-08-02,2025,삼성,LG,home,2,3,대구,L,completed,20250802LGSS0,https://www.koreabaseball.com/Schedule/GameCenter/Main.aspx?gameDate=20250802&gameId=20250802LGSS0
2025-08-02,2025,롯데,키움,away,3,2,고척,W,completed,20250802LTWO0,https://www.koreabaseball.com/Schedule/GameCenter/Main.aspx?gameDate=20250802&gameId=20250802LTWO0
2025-08-02,2025,키움,롯데,home,2,3,고척,L,completed,20250802LTWO0,https://www.koreabaseball.com/Schedule/GameCenter/Main.aspx?gameDate=20250802&gameId=20250802LTWO0
2025-08-02,2025,SSG,두산,away,4,5,잠실,L,completed,20250802SKOB0,https://www.koreabaseball.com/Schedule/GameCenter/Main.aspx?gameDate=20250802&gameId=20250802SKOB0
2025-08-02,2025,두산,SSG,home,5,4,잠실,W,completed,20250802SKOB0,https://www.koreabaseball.com/Schedule/GameCenter/Main.aspx?gameDate=20250802&gameId=20250802SKOB0
2025-08-03,2025,KT,NC,away,1,1,창원,D,completed,20250803KTNC0,https://www.koreabaseball.com/Schedule/GameCenter/Main.aspx?gameDate=20250803&gameId=20250803KTNC0
2025-08-03,2025,NC,KT,home,1,1,창원,D,completed,20250803KTNC0,https://www.koreabaseball.com/Schedule/GameCenter/Main.aspx?gameDate=20250803&gameId=20250803KTNC0
2025-08-03,2025,LG,삼성,away,6,3,대구,W,completed,20250803LGSS0,https://www.koreabaseball.com/Schedule/GameCenter/Main.aspx?gameDate=20250803&gameId=20250803LGSS0
2025-08-03,2025,삼성,LG,home,3,6,대구,L,completed,20250803LGSS0,https://www.koreabaseball.com/Schedule/GameCenter/Main.aspx?gameDate=20250803&gameId=20250803LGSS0
2025-08-03,2025,롯데,키움,away,9,3,고척,W,completed,20250803LTWO0,https://www.koreabaseball.com/Schedule/GameCenter/Main.aspx?gameDate=20250803&gameId=20250803LTWO0
2025-08-03,2025,키움,롯데,home,3,9,고척,L,completed,20250803LTWO0,https://www.koreabaseball.com/Schedule/GameCenter/Main.aspx?gameDate=20250803&gameId=20250803LTWO0
2025-08-03,2025,SSG,두산,away,3,2,잠실,W,completed,20250803SKOB0,https://www.koreabaseball.com/Schedule/GameCenter/Main.aspx?gameDate=20250803&gameId=20250803SKOB0
2025-08-03,2025,두산,SSG,home,2,3,잠실,L,completed,20250803SKOB0,https://www.koreabaseball.com/Schedule/GameCenter/Main.aspx?gameDate=20250803&gameId=20250803SKOB0
2025-08-05,2025,KIA,롯데,away,2,0,사직,W,completed,20250805HTLT0,https://www.koreabaseball.com/Schedule/GameCenter/Main.aspx?gameDate=20250805&gameId=20250805HTLT0
2025-08-05,2025,롯데,KIA,home,0,2,사직,L,completed,20250805HTLT0,https://www.koreabaseball.com/Schedule/GameCenter/Main.aspx?gameDate=20250805&gameId=20250805HTLT0
2025-08-05,2025,KT,한화,away,5,2,대전,W,completed,20250805KTHH0,https://www.koreabaseball.com/Schedule/GameCenter/Main.aspx?gameDate=20250805&gameId=20250805KTHH0
2025-08-05,2025,한화,KT,home,2,5,대전,L,completed,20250805KTHH0,https://www.koreabaseball.com/Schedule/GameCenter/Main.aspx?gameDate=20250805&gameId=20250805KTHH0
2025-08-05,2025,LG,두산,home,4,2,잠실,W,completed,20250805OBLG0,https://www.koreabaseball.com/Schedule/GameCenter/Main.aspx?gameDate=20250805&gameId=20250805OBLG0
2025-08-05,2025,두산,LG,away,2,4,잠실,L,completed,20250805OBLG0,https://www.koreabaseball.com/Schedule/GameCenter/Main.aspx?gameDate=20250805&gameId=20250805OBLG0
2025-08-05,2025,SSG,삼성,home,2,6,문학,L,completed,20250805SSSK0,https://www.koreabaseball.com/Schedule/GameCenter/Main.aspx?gameDate=20250805&gameId=20250805SSSK0
2025-08-05,2025,삼성,SSG,away,6,2,문학,W,completed,20250805SSSK0,https://www.koreabaseball.com/Schedule/GameCenter/Main.aspx?gameDate=20250805&gameId=20250805SSSK0
2025-08-05,2025,NC,키움,home,5,8,창원,L,completed,20250805WONC0,https://www.koreabaseball.com/Schedule/GameCenter/Main.aspx?gameDate=20250805&gameId=20250805WONC0
2025-08-05,2025,키움,NC,away,8,5,창원,W,completed,20250805WONC0,https://www.koreabaseball.com/Schedule/GameCenter/Main.aspx?gameDate=20250805&gameId=20250805WONC0
2025-08-06,2025,KIA,롯데,away,1,7,사직,L,completed,20250806HTLT0,https://www.koreabaseball.com/Schedule/GameCenter/Main.aspx?gameDate=20250806&gameId=20250806HTLT0
2025-08-06,2025,롯데,KIA,home,7,1,사직,W,completed,20250806HTLT0,https://www.koreabaseball.com/Schedule/GameCenter/Main.aspx?gameDate=20250806&gameId=20250806HTLT0
2025-08-06,2025,KT,한화,away,4,5,대전,L,completed,20250806KTHH0,https://www.koreabaseball.com/Schedule/GameCenter/Main.aspx?gameDate=20250806&gameId=20250806KTHH0
2025-08-06,2025,한화,KT,home,5,4,대전,W,completed,20250806KTHH0,https://www.koreabaseball.com/Schedule/GameCenter/Main.aspx?gameDate=20250806&gameId=20250806KTHH0
2025-08-06,2025,LG,두산,home,8,10,잠실,L,completed,20250806OBLG0,https://www.koreabaseball.com/Schedule/GameCenter/Main.aspx?gameDate=20250806&gameId=20250806OBLG0
2025-08-06,2025,두산,LG,away,10,8,잠실,W,completed,20250806OBLG0,https://www.koreabaseball.com/Schedule/GameCenter/Main.aspx?gameDate=20250806&gameId=20250806OBLG0
2025-08-06,2025,SSG,삼성,home,5,4,문학,W,completed,20250806SSSK0,https://www.koreabaseball.com/Schedule/GameCenter/Main.aspx?gameDate=20250806&gameId=20250806SSSK0
2025-08-06,2025,삼성,SSG,away,4,5,문학,L,completed,20250806SSSK0,https://www.koreabaseball.com/Schedule/GameCenter/Main.aspx?gameDate=20250806&gameId=20250806SSSK0
2025-08-06,2025,NC,키움,home,5,9,창원,L,completed,20250806WONC0,https://www.koreabaseball.com/Schedule/GameCenter/Main.aspx?gameDate=20250806&gameId=20250806WONC0
2025-08-06,2025,키움,NC,away,9,5,창원,W,completed,20250806WONC0,https://www.koreabaseball.com/Schedule/GameCenter/Main.aspx?gameDate=20250806&gameId=20250806WONC0
2025-08-07,2025,KIA,롯데,away,6,5,사직,W,completed,20250807HTLT0,https://www.koreabaseball.com/Schedule/GameCenter/Main.aspx?gameDate=20250807&gameId=20250807HTLT0
2025-08-07,2025,롯데,KIA,home,5,6,사직,L,completed,20250807HTLT0,https://www.koreabaseball.com/Schedule/GameCenter/Main.aspx?gameDate=20250807&gameId=20250807HTLT0
2025-08-07,2025,KT,한화,away,5,4,대전,W,completed,20250807KTHH0,https://www.koreabaseball.com/Schedule/GameCenter/Main.aspx?gameDate=20250807&gameId=20250807KTHH0
2025-08-07,2025,한화,KT,home,4,5,대전,L,completed,20250807KTHH0,https://www.koreabaseball.com/Schedule/GameCenter/Main.aspx?gameDate=20250807&gameId=20250807KTHH0
2025-08-07,2025,LG,두산,home,4,3,잠실,W,completed,20250807OBLG0,https://www.koreabaseball.com/Schedule/GameCenter/Main.aspx?gameDate=20250807&gameId=20250807OBLG0
2025-08-07,2025,두산,LG,away,3,4,잠실,L,completed,20250807OBLG0,https://www.koreabaseball.com/Schedule/GameCenter/Main.aspx?gameDate=20250807&gameId=20250807OBLG0
2025-08-07,2025,SSG,삼성,home,1,6,문학,L,completed,20250807SSSK0,https://www.koreabaseball.com/Schedule/GameCenter/Main.aspx?gameDate=20250807&gameId=20250807SSSK0
2025-08-07,2025,삼성,SSG,away,6,1,문학,W,completed,20250807SSSK0,https://www.koreabaseball.com/Schedule/GameCenter/Main.aspx?gameDate=20250807&gameId=20250807SSSK0
2025-08-07,2025,NC,키움,home,12,13,창원,L,completed,20250807WONC0,https://www.koreabaseball.com/Schedule/GameCenter/Main.aspx?gameDate=20250807&gameId=20250807WONC0
2025-08-07,2025,키움,NC,away,13,12,창원,W,completed,20250807WONC0,https://www.koreabaseball.com/Schedule/GameCenter/Main.aspx?gameDate=20250807&gameId=20250807WONC0
2025-08-08,2025,LG,한화,home,2,1,잠실,W,completed,20250808HHLG0,https://www.koreabaseball.com/Schedule/GameCenter/Main.aspx?gameDate=20250808&gameId=20250808HHLG0
2025-08-08,2025,한화,LG,away,1,2,잠실,L,completed,20250808HHLG0,https://www.koreabaseball.com/Schedule/GameCenter/Main.aspx?gameDate=20250808&gameId=20250808HHLG0
2025-08-08,2025,KIA,NC,away,4,5,창원,L,completed,20250808HTNC0,https://www.koreabaseball.com/Schedule/GameCenter/Main.aspx?gameDate=20250808&gameId=20250808HTNC0
2025-08-08,2025,NC,KIA,home,5,4,창원,W,completed,20250808HTNC0,https://www.koreabaseball.com/Schedule/GameCenter/Main.aspx?gameDate=20250808&gameId=20250808HTNC0
2025-08-08,2025,두산,키움,away,9,2,고척,W,completed,20250808OBWO0,https://www.koreabaseball.com/Schedule/GameCenter/Main.aspx?gameDate=20250808&gameId=20250808OBWO0
2025-08-08,2025,키움,두산,home,2,9,고척,L,completed,20250808OBWO0,https://www.koreabaseball.com/Schedule/GameCenter/Main.aspx?gameDate=20250808&gameId=20250808OBWO0
2025-08-08,2025,SSG,롯데,away,1,0,사직,W,completed,20250808SKLT0,https://www.koreabaseball.com/Schedule/GameCenter/Main.aspx?gameDate=20250808&gameId=20250808SKLT0
2025-08-08,2025,롯데,SSG,home,0,1,사직,L,completed,20250808SKLT0,https://www.koreabaseball.com/Schedule/GameCenter/Main.aspx?gameDate=20250808&gameId=20250808SKLT0
2025-08-08,2025,KT,삼성,home,4,8,수원,L,completed,20250808SSKT0,https://www.koreabaseball.com/Schedule/GameCenter/Main.aspx?gameDate=20250808&gameId=20250808SSKT0
2025-08-08,2025,삼성,KT,away,8,4,수원,W,completed,20250808SSKT0,https://www.koreabaseball.com/Schedule/GameCenter/Main.aspx?gameDate=20250808&gameId=20250808SSKT0
2025-08-09,2025,LG,한화,home,8,1,잠실,W,completed,20250809HHLG0,https://www.koreabaseball.com/Schedule/GameCenter/Main.aspx?gameDate=20250809&gameId=20250809HHLG0
2025-08-09,2025,한화,LG,away,1,8,잠실,L,completed,20250809HHLG0,https://www.koreabaseball.com/Schedule/GameCenter/Main.aspx?gameDate=20250809&gameId=20250809HHLG0
2025-08-09,2025,두산,키움,away,6,4,고척,W,completed,20250809OBWO0,https://www.koreabaseball.com/Schedule/GameCenter/Main.aspx?gameDate=20250809&gameId=20250809OBWO0
2025-08-09,2025,키움,두산,home,4,6,고척,L,completed,20250809OBWO0,https://www.koreabaseball.com/Schedule/GameCenter/Main.aspx?gameDate=20250809&gameId=20250809OBWO0
2025-08-09,2025,KT,삼성,home,3,1,수원,W,completed,20250809SSKT0,https://www.koreabaseball.com/Schedule/GameCenter/Main.aspx?gameDate=20250809&gameId=20250809SSKT0
2025-08-09,2025,삼성,KT,away,1,3,수원,L,completed,20250809SSKT0,https://www.koreabaseball.com/Schedule/GameCenter/Main.aspx?gameDate=20250809&gameId=20250809SSKT0
2025-08-10,2025,LG,한화,home,4,5,잠실,L,completed,20250810HHLG0,https://www.koreabaseball.com/Schedule/GameCenter/Main.aspx?gameDate=20250810&gameId=20250810HHLG0
2025-08-10,2025,한화,LG,away,5,4,잠실,W,completed,20250810HHLG0,https://www.koreabaseball.com/Schedule/GameCenter/Main.aspx?gameDate=20250810&gameId=20250810HHLG0
2025-08-10,2025,KIA,NC,away,12,16,창원,L,completed,20250810HTNC0,https://www.koreabaseball.com/Schedule/GameCenter/Main.aspx?gameDate=20250810&gameId=20250810HTNC0
2025-08-10,2025,NC,KIA,home,16,12,창원,W,completed,20250810HTNC0,https://www.koreabaseball.com/Schedule/GameCenter/Main.aspx?gameDate=20250810&gameId=20250810HTNC0
2025-08-10,2025,두산,키움,away,3,4,고척,L,completed,20250810OBWO0,https://www.koreabaseball.com/Schedule/GameCenter/Main.aspx?gameDate=20250810&gameId=20250810OBWO0
2025-08-10,2025,키움,두산,home,4,3,고척,W,completed,20250810OBWO0,https://www.koreabaseball.com/Schedule/GameCenter/Main.aspx?gameDate=20250810&gameId=20250810OBWO0
2025-08-10,2025,SSG,롯데,away,10,1,사직,W,completed,20250810SKLT0,https://www.koreabaseball.com/Schedule/GameCenter/Main.aspx?gameDate=20250810&gameId=20250810SKLT0
2025-08-10,2025,롯데,SSG,home,1,10,사직,L,completed,20250810SKLT0,https://www.koreabaseball.com/Schedule/GameCenter/Main.aspx?gameDate=20250810&gameId=20250810SKLT0
2025-08-10,2025,KT,삼성,home,9,2,수원,W,completed,20250810SSKT0,https://www.koreabaseball.com/Schedule/GameCenter/Main.aspx?gameDate=20250810&gameId=20250810SSKT0
2025-08-10,2025,삼성,KT,away,2,9,수원,L,completed,20250810SSKT0,https://www.koreabaseball.com/Schedule/GameCenter/Main.aspx?gameDate=20250810&gameId=20250810SSKT0
2025-08-12,2025,KIA,삼성,away,5,1,대구,W,completed,20250812HTSS0,https://www.koreabaseball.com/Schedule/GameCenter/Main.aspx?gameDate=20250812&gameId=20250812HTSS0
2025-08-12,2025,삼성,KIA,home,1,5,대구,L,completed,20250812HTSS0,https://www.koreabaseball.com/Schedule/GameCenter/Main.aspx?gameDate=20250812&gameId=20250812HTSS0
2025-08-12,2025,KT,LG,home,2,11,수원,L,completed,20250812LGKT0,https://www.koreabaseball.com/Schedule/GameCenter/Main.aspx?gameDate=20250812&gameId=20250812LGKT0
2025-08-12,2025,LG,KT,away,11,2,수원,W,completed,20250812LGKT0,https://www.koreabaseball.com/Schedule/GameCenter/Main.aspx?gameDate=20250812&gameId=20250812LGKT0
2025-08-12,2025,롯데,한화,away,0,2,대전,L,completed,20250812LTHH0,https://www.koreabaseball.com/Schedule/GameCenter/Main.aspx?gameDate=20250812&gameId=20250812LTHH0
2025-08-12,2025,한화,롯데,home,2,0,대전,W,completed,20250812LTHH0,https://www.koreabaseball.com/Schedule/GameCenter/Main.aspx?gameDate=20250812&gameId=20250812LTHH0
2025-08-12,2025,NC,두산,away,3,2,잠실,W,completed,20250812NCOB0,https://www.koreabaseball.com/Schedule/GameCenter/Main.aspx?gameDate=20250812&gameId=20250812NCOB0
2025-08-12,2025,두산,NC,home,2,3,잠실,L,completed,20250812NCOB0,https://www.koreabaseball.com/Schedule/GameCenter/Main.aspx?gameDate=20250812&gameId=20250812NCOB0
2025-08-12,2025,SSG,키움,home,3,1,문학,W,completed,20250812WOSK0,https://www.koreabaseball.com/Schedule/GameCenter/Main.aspx?gameDate=20250812&gameId=20250812WOSK0
2025-08-12,2025,키움,SSG,away,1,3,문학,L,completed,20250812WOSK0,https://www.koreabaseball.com/Schedule/GameCenter/Main.aspx?gameDate=20250812&gameId=20250812WOSK0
2025-08-13,2025,KIA,삼성,away,9,1,대구,W,completed,20250813HTSS0,https://www.koreabaseball.com/Schedule/GameCenter/Main.aspx?gameDate=20250813&gameId=20250813HTSS0
2025-08-13,2025,삼성,KIA,home,1,9,대구,L,completed,20250813HTSS0,https://www.koreabaseball.com/Schedule/GameCenter/Main.aspx?gameDate=20250813&gameId=20250813HTSS0
2025-08-13,2025,롯데,한화,away,0,6,대전,L,completed,20250813LTHH0,https://www.koreabaseball.com/Schedule/GameCenter/Main.aspx?gameDate=20250813&gameId=20250813LTHH0
2025-08-13,2025,한화,롯데,home,6,0,대전,W,completed,20250813LTHH0,https://www.koreabaseball.com/Schedule/GameCenter/Main.aspx?gameDate=20250813&gameId=20250813LTHH0
2025-08-14,2025,KIA,삼성,away,10,4,대구,W,completed,20250814HTSS0,https://www.koreabaseball.com/Schedule/GameCenter/Main.aspx?gameDate=20250814&gameId=20250814HTSS0
2025-08-14,2025,삼성,KIA,home,4,10,대구,L,completed,20250814HTSS0,https://www.koreabaseball.com/Schedule/GameCenter/Main.aspx?gameDate=20250814&gameId=20250814HTSS0
2025-08-14,2025,롯데,한화,away,4,5,대전,L,completed,20250814LTHH0,https://www.koreabaseball.com/Schedule/GameCenter/Main.aspx?gameDate=20250814&gameId=20250814LTHH0
2025-08-14,2025,한화,롯데,home,5,4,대전,W,completed,20250814LTHH0,https://www.koreabaseball.com/Schedule/GameCenter/Main.aspx?gameDate=20250814&gameId=20250814LTHH0
2025-08-14,2025,NC,두산,away,5,6,잠실,L,completed,20250814NCOB0,https://www.koreabaseball.com/Schedule/GameCenter/Main.aspx?gameDate=20250814&gameId=20250814NCOB0
2025-08-14,2025,두산,NC,home,6,5,잠실,W,completed,20250814NCOB0,https://www.koreabaseball.com/Schedule/GameCenter/Main.aspx?gameDate=20250814&gameId=20250814NCOB0
2025-08-14,2025,SSG,키움,home,0,2,문학,L,completed,20250814WOSK0,https://www.koreabaseball.com/Schedule/GameCenter/Main.aspx?gameDate=20250814&gameId=20250814WOSK0
2025-08-14,2025,키움,SSG,away,2,0,문학,W,completed,20250814WOSK0,https://www.koreabaseball.com/Schedule/GameCenter/Main.aspx?gameDate=20250814&gameId=20250814WOSK0
2025-08-15,2025,NC,한화,home,2,9,창원,L,completed,20250815HHNC0,https://www.koreabaseball.com/Schedule/GameCenter/Main.aspx?gameDate=20250815&gameId=20250815HHNC0
2025-08-15,2025,한화,NC,away,9,2,창원,W,completed,20250815HHNC0,https://www.koreabaseball.com/Schedule/GameCenter/Main.aspx?gameDate=20250815&gameId=20250815HHNC0
2025-08-15,2025,KIA,두산,away,5,6,잠실,L,completed,20250815HTOB0,https://www.koreabaseball.com/Schedule/GameCenter/Main.aspx?gameDate=20250815&gameId=20250815HTOB0
2025-08-15,2025,두산,KIA,home,6,5,잠실,W,completed,20250815HTOB0,https://www.koreabaseball.com/Schedule/GameCenter/Main.aspx?gameDate=20250815&gameId=20250815HTOB0
2025-08-15,2025,KT,키움,away,3,7,고척,L,completed,20250815KTWO0,https://www.koreabaseball.com/Schedule/GameCenter/Main.aspx?gameDate=20250815&gameId=20250815KTWO0
2025-08-15,2025,키움,KT,home,7,3,고척,W,completed,20250815KTWO0,https://www.koreabaseball.com/Schedule/GameCenter/Main.aspx?gameDate=20250815&gameId=20250815KTWO0
2025-08-15,2025,LG,SSG,away,5,3,문학,W,completed,20250815LGSK0,https://www.koreabaseball.com/Schedule/GameCenter/Main.aspx?gameDate=20250815&gameId=20250815LGSK0
2025-08-15,2025,SSG,LG,home,3,5,문학,L,completed,20250815LGSK0,https://www.koreabaseball.com/Schedule/GameCenter/Main.aspx?gameDate=20250815&gameId=20250815LGSK0
2025-08-15,2025,롯데,삼성,home,4,10,사직,L,completed,20250815SSLT0,https://www.koreabaseball.com/Schedule/GameCenter/Main.aspx?gameDate=20250815&gameId=20250815SSLT0
2025-08-15,2025,삼성,롯데,away,10,4,사직,W,completed,20250815SSLT0,https://www.koreabaseball.com/Schedule/GameCenter/Main.aspx?gameDate=20250815&gameId=20250815SSLT0
2025-08-16,2025,NC,한화,home,9,6,창원,W,completed,20250816HHNC0,https://www.koreabaseball.com/Schedule/GameCenter/Main.aspx?gameDate=20250816&gameId=20250816HHNC0
2025-08-16,2025,한화,NC,away,6,9,창원,L,completed,20250816HHNC0,https://www.koreabaseball.com/Schedule/GameCenter/Main.aspx?gameDate=20250816&gameId=20250816HHNC0
2025-08-16,2025,KIA,두산,away,3,4,잠실,L,completed,20250816HTOB0,https://www.koreabaseball.com/Schedule/GameCenter/Main.aspx?gameDate=20250816&gameId=20250816HTOB0
2025-08-16,2025,두산,KIA,home,4,3,잠실,W,completed,20250816HTOB0,https://www.koreabaseball.com/Schedule/GameCenter/Main.aspx?gameDate=20250816&gameId=20250816HTOB0
2025-08-16,2025,KT,키움,away,3,4,고척,L,completed,20250816KTWO0,https://www.koreabaseball.com/Schedule/GameCenter/Main.aspx?gameDate=20250816&gameId=20250816KTWO0
2025-08-16,2025,키움,KT,home,4,3,고척,W,completed,20250816KTWO0,https://www.koreabaseball.com/Schedule/GameCenter/Main.aspx?gameDate=20250816&gameId=20250816KTWO0
2025-08-16,2025,LG,SSG,away,7,10,문학,L,completed,20250816LGSK0,https://www.koreabaseball.com/Schedule/GameCenter/Main.aspx?gameDate=20250816&gameId=20250816LGSK0
2025-08-16,2025,SSG,LG,home,10,7,문학,W,completed,20250816LGSK0,https://www.koreabaseball.com/Schedule/GameCenter/Main.aspx?gameDate=20250816&gameId=20250816LGSK0
2025-08-16,2025,롯데,삼성,home,1,4,사직,L,completed,20250816SSLT0,https://www.koreabaseball.com/Schedule/GameCenter/Main.aspx?gameDate=20250816&gameId=20250816SSLT0
2025-08-16,2025,삼성,롯데,away,4,1,사직,W,completed,20250816SSLT0,https://www.koreabaseball.com/Schedule/GameCenter/Main.aspx?gameDate=20250816&gameId=20250816SSLT0
2025-08-17,2025,NC,한화,home,9,4,창원,W,completed,20250817HHNC0,https://www.koreabaseball.com/Schedule/GameCenter/Main.aspx?gameDate=20250817&gameId=20250817HHNC0
2025-08-17,2025,한화,NC,away,4,9,창원,L,completed,20250817HHNC0,https://www.koreabaseball.com/Schedule/GameCenter/Main.aspx?gameDate=20250817&gameId=20250817HHNC0
2025-08-17,2025,KIA,두산,away,2,4,잠실,L,completed,20250817HTOB0,https://www.koreabaseball.com/Schedule/GameCenter/Main.aspx?gameDate=20250817&gameId=20250817HTOB0
2025-08-17,2025,두산,KIA,home,4,2,잠실,W,completed,20250817HTOB0,https://www.koreabaseball.com/Schedule/GameCenter/Main.aspx?gameDate=20250817&gameId=20250817HTOB0
2025-08-17,2025,KT,키움,away,5,3,고척,W,completed,20250817KTWO0,https://www.koreabaseball.com/Schedule/GameCenter/Main.aspx?gameDate=20250817&gameId=20250817KTWO0
2025-08-17,2025,키움,KT,home,3,5,고척,L,completed,20250817KTWO0,https://www.koreabaseball.com/Schedule/GameCenter/Main.aspx?gameDate=20250817&gameId=20250817KTWO0
2025-08-17,2025,LG,SSG,away,6,1,문학,W,completed,20250817LGSK0,https://www.koreabaseball.com/Schedule/GameCenter/Main.aspx?gameDate=20250817&gameId=20250817LGSK0
2025-08-17,2025,SSG,LG,home,1,6,문학,L,completed,20250817LGSK0,https://www.koreabaseball.com/Schedule/GameCenter/Main.aspx?gameDate=20250817&gameId=20250817LGSK0
2025-08-17,2025,롯데,삼성,home,8,8,사직,D,completed,20250817SSLT0,https://www.koreabaseball.com/Schedule/GameCenter/Main.aspx?gameDate=20250817&gameId=20250817SSLT0
2025-08-17,2025,삼성,롯데,away,8,8,사직,D,completed,20250817SSLT0,https://www.koreabaseball.com/Schedule/GameCenter/Main.aspx?gameDate=20250817&gameId=20250817SSLT0
2025-08-19,2025,LG,롯데,home,5,2,잠실,W,completed,20250819LTLG0,https://www.koreabaseball.com/Schedule/GameCenter/Main.aspx?gameDate=20250819&gameId=20250819LTLG0
2025-08-19,2025,롯데,LG,away,2,5,잠실,L,completed,20250819LTLG0,https://www.koreabaseball.com/Schedule/GameCenter/Main.aspx?gameDate=20250819&gameId=20250819LTLG0
2025-08-19,2025,두산,한화,away,6,5,대전,W,completed,20250819OBHH0,https://www.koreabaseball.com/Schedule/GameCenter/Main.aspx?gameDate=20250819&gameId=20250819OBHH0
2025-08-19,2025,한화,두산,home,5,6,대전,L,completed,20250819OBHH0,https://www.koreabaseball.com/Schedule/GameCenter/Main.aspx?gameDate=20250819&gameId=20250819OBHH0
2025-08-19,2025,KT,SSG,home,5,4,수원,W,completed,20250819SKKT0,https://www.koreabaseball.com/Schedule/GameCenter/Main.aspx?gameDate=20250819&gameId=20250819SKKT0
2025-08-19,2025,SSG,KT,away,4,5,수원,L,completed,20250819SKKT0,https://www.koreabaseball.com/Schedule/GameCenter/Main.aspx?gameDate=20250819&gameId=20250819SKKT0
2025-08-19,2025,NC,삼성,home,2,6,창원,L,completed,20250819SSNC0,https://www.koreabaseball.com/Schedule/GameCenter/Main.aspx?gameDate=20250819&gameId=20250819SSNC0
2025-08-19,2025,삼성,NC,away,6,2,창원,W,completed,20250819SSNC0,https://www.koreabaseball.com/Schedule/GameCenter/Main.aspx?gameDate=20250819&gameId=20250819SSNC0
2025-08-19,2025,KIA,키움,home,12,9,광주,W,completed,20250819WOHT0,https://www.koreabaseball.com/Schedule/GameCenter/Main.aspx?gameDate=20250819&gameId=20250819WOHT0
2025-08-19,2025,키움,KIA,away,9,12,광주,L,completed,20250819WOHT0,https://www.koreabaseball.com/Schedule/GameCenter/Main.aspx?gameDate=20250819&gameId=20250819WOHT0
2025-08-20,2025,LG,롯데,home,5,3,잠실,W,completed,20250820LTLG0,https://www.koreabaseball.com/Schedule/GameCenter/Main.aspx?gameDate=20250820&gameId=20250820LTLG0
2025-08-20,2025,롯데,LG,away,3,5,잠실,L,completed,20250820LTLG0,https://www.koreabaseball.com/Schedule/GameCenter/Main.aspx?gameDate=20250820&gameId=20250820LTLG0
2025-08-20,2025,두산,한화,away,13,9,대전,W,completed,20250820OBHH0,https://www.koreabaseball.com/Schedule/GameCenter/Main.aspx?gameDate=20250820&gameId=20250820OBHH0
2025-08-20,2025,한화,두산,home,9,13,대전,L,completed,20250820OBHH0,https://www.koreabaseball.com/Schedule/GameCenter/Main.aspx?gameDate=20250820&gameId=20250820OBHH0
2025-08-20,2025,KT,SSG,home,3,5,수원,L,completed,20250820SKKT0,https://www.koreabaseball.com/Schedule/GameCenter/Main.aspx?gameDate=20250820&gameId=20250820SKKT0
2025-08-20,2025,SSG,KT,away,5,3,수원,W,completed,20250820SKKT0,https://www.koreabaseball.com/Schedule/GameCenter/Main.aspx?gameDate=20250820&gameId=20250820SKKT0
2025-08-20,2025,NC,삼성,home,3,4,창원,L,completed,20250820SSNC0,https://www.koreabaseball.com/Schedule/GameCenter/Main.aspx?gameDate=20250820&gameId=20250820SSNC0
2025-08-20,2025,삼성,NC,away,4,3,창원,W,completed,20250820SSNC0,https://www.koreabaseball.com/Schedule/GameCenter/Main.aspx?gameDate=20250820&gameId=20250820SSNC0
2025-08-20,2025,KIA,키움,home,1,6,광주,L,completed,20250820WOHT0,https://www.koreabaseball.com/Schedule/GameCenter/Main.aspx?gameDate=20250820&gameId=20250820WOHT0
2025-08-20,2025,키움,KIA,away,6,1,광주,W,completed,20250820WOHT0,https://www.koreabaseball.com/Schedule/GameCenter/Main.aspx?gameDate=20250820&gameId=20250820WOHT0
2025-08-21,2025,LG,롯데,home,6,6,잠실,D,completed,20250821LTLG0,https://www.koreabaseball.com/Schedule/GameCenter/Main.aspx?gameDate=20250821&gameId=20250821LTLG0
2025-08-21,2025,롯데,LG,away,6,6,잠실,D,completed,20250821LTLG0,https://www.koreabaseball.com/Schedule/GameCenter/Main.aspx?gameDate=20250821&gameId=20250821LTLG0
2025-08-21,2025,두산,한화,away,6,3,대전,W,completed,20250821OBHH0,https://www.koreabaseball.com/Schedule/GameCenter/Main.aspx?gameDate=20250821&gameId=20250821OBHH0
2025-08-21,2025,한화,두산,home,3,6,대전,L,completed,20250821OBHH0,https://www.koreabaseball.com/Schedule/GameCenter/Main.aspx?gameDate=20250821&gameId=20250821OBHH0
2025-08-21,2025,KT,SSG,home,1,7,수원,L,completed,20250821SKKT0,https://www.koreabaseball.com/Schedule/GameCenter/Main.aspx?gameDate=20250821&gameId=20250821SKKT0
2025-08-21,2025,SSG,KT,away,7,1,수원,W,completed,20250821SKKT0,https://www.koreabaseball.com/Schedule/GameCenter/Main.aspx?gameDate=20250821&gameId=20250821SKKT0
2025-08-21,2025,NC,삼성,home,7,5,창원,W,completed,20250821SSNC0,https://www.koreabaseball.com/Schedule/GameCenter/Main.aspx?gameDate=20250821&gameId=20250821SSNC0
2025-08-21,2025,삼성,NC,away,5,7,창원,L,completed,20250821SSNC0,https://www.koreabaseball.com/Schedule/GameCenter/Main.aspx?gameDate=20250821&gameId=20250821SSNC0
2025-08-21,2025,KIA,키움,home,10,11,광주,L,completed,20250821WOHT0,https://www.koreabaseball.com/Schedule/GameCenter/Main.aspx?gameDate=20250821&gameId=20250821WOHT0
2025-08-21,2025,키움,KIA,away,11,10,광주,W,completed,20250821WOHT0,https://www.koreabaseball.com/Schedule/GameCenter/Main.aspx?gameDate=20250821&gameId=20250821WOHT0
2025-08-22,2025,KT,두산,away,13,8,잠실,W,completed,20250822KTOB0,https://www.koreabaseball.com/Schedule/GameCenter/Main.aspx?gameDate=20250822&gameId=20250822KTOB0
2025-08-22,2025,두산,KT,home,8,13,잠실,L,completed,20250822KTOB0,https://www.koreabaseball.com/Schedule/GameCenter/Main.aspx?gameDate=20250822&gameId=20250822KTOB0
2025-08-22,2025,KIA,LG,home,2,14,광주,L,completed,20250822LGHT0,https://www.koreabaseball.com/Schedule/GameCenter/Main.aspx?gameDate=20250822&gameId=20250822LGHT0
2025-08-22,2025,LG,KIA,away,14,2,광주,W,completed,20250822LGHT0,https://www.koreabaseball.com/Schedule/GameCenter/Main.aspx?gameDate=20250822&gameId=20250822LGHT0
2025-08-22,2025,NC,롯데,home,7,6,창원,W,completed,20250822LTNC0,https://www.koreabaseball.com/Schedule/GameCenter/Main.aspx?gameDate=20250822&gameId=20250822LTNC0
2025-08-22,2025,롯데,NC,away,6,7,창원,L,completed,20250822LTNC0,https://www.koreabaseball.com/Schedule/GameCenter/Main.aspx?gameDate=20250822&gameId=20250822LTNC0
2025-08-22,2025,SSG,한화,away,1,0,대전,W,completed,20250822SKHH0,https://www.koreabaseball.com/Schedule/GameCenter/Main.aspx?gameDate=20250822&gameId=20250822SKHH0
2025-08-22,2025,한화,SSG,home,0,1,대전,L,completed,20250822SKHH0,https://www.koreabaseball.com/Schedule/GameCenter/Main.aspx?gameDate=20250822&gameId=20250822SKHH0
2025-08-22,2025,삼성,키움,home,8,2,대구,W,completed,20250822WOSS0,https://www.koreabaseball.com/Schedule/GameCenter/Main.aspx?gameDate=20250822&gameId=20250822WOSS0
2025-08-22,2025,키움,삼성,away,2,8,대구,L,completed,20250822WOSS0,https://www.koreabaseball.com/Schedule/GameCenter/Main.aspx?gameDate=20250822&gameId=20250822WOSS0
2025-08-23,2025,KT,두산,away,6,2,잠실,W,completed,20250823KTOB0,https://www.koreabaseball.com/Schedule/GameCenter/Main.aspx?gameDate=20250823&gameId=20250823KTOB0
2025-08-23,2025,두산,KT,home,2,6,잠실,L,completed,20250823KTOB0,https://www.koreabaseball.com/Schedule/GameCenter/Main.aspx?gameDate=20250823&gameId=20250823KTOB0
2025-08-23,2025,KIA,LG,home,2,6,광주,L,completed,20250823LGHT0,https://www.koreabaseball.com/Schedule/GameCenter/Main.aspx?gameDate=20250823&gameId=20250823LGHT0
2025-08-23,2025,LG,KIA,away,6,2,광주,W,completed,20250823LGHT0,https://www.koreabaseball.com/Schedule/GameCenter/Main.aspx?gameDate=20250823&gameId=20250823LGHT0
2025-08-23,2025,NC,롯데,home,4,1,창원,W,completed,20250823LTNC0,https://www.koreabaseball.com/Schedule/GameCenter/Main.aspx?gameDate=20250823&gameId=20250823LTNC0
2025-08-23,2025,롯데,NC,away,1,4,창원,L,completed,20250823LTNC0,https://www.koreabaseball.com/Schedule/GameCenter/Main.aspx?gameDate=20250823&gameId=20250823LTNC0
2025-08-23,2025,SSG,한화,away,0,5,대전,L,completed,20250823SKHH0,https://www.koreabaseball.com/Schedule/GameCenter/Main.aspx?gameDate=20250823&gameId=20250823SKHH0
2025-08-23,2025,한화,SSG,home,5,0,대전,W,completed,20250823SKHH0,https://www.koreabaseball.com/Schedule/GameCenter/Main.aspx?gameDate=20250823&gameId=20250823SKHH0
2025-08-23,2025,삼성,키움,home,12,8,대구,W,completed,20250823WOSS0,https://www.koreabaseball.com/Schedule/GameCenter/Main.aspx?gameDate=20250823&gameId=20250823WOSS0
2025-08-23,2025,키움,삼성,away,8,12,대구,L,completed,20250823WOSS0,https://www.koreabaseball.com/Schedule/GameCenter/Main.aspx?gameDate=20250823&gameId=20250823WOSS0
2025-08-24,2025,KT,두산,away,3,2,잠실,W,completed,20250824KTOB0,https://www.koreabaseball.com/Schedule/GameCenter/Main.aspx?gameDate=20250824&gameId=20250824KTOB0
2025-08-24,2025,두산,KT,home,2,3,잠실,L,completed,20250824KTOB0,https://www.koreabaseball.com/Schedule/GameCenter/Main.aspx?gameDate=20250824&gameId=20250824KTOB0
2025-08-24,2025,KIA,LG,home,1,2,광주,L,completed,20250824LGHT0,https://www.koreabaseball.com/Schedule/GameCenter/Main.aspx?gameDate=20250824&gameId=20250824LGHT0
2025-08-24,2025,LG,KIA,away,2,1,광주,W,completed,20250824LGHT0,https://www.koreabaseball.com/Schedule/GameCenter/Main.aspx?gameDate=20250824&gameId=20250824LGHT0
2025-08-24,2025,NC,롯데,home,5,17,창원,L,completed,20250824LTNC0,https://www.koreabaseball.com/Schedule/GameCenter/Main.aspx?gameDate=20250824&gameId=20250824LTNC0
2025-08-24,2025,롯데,NC,away,17,5,창원,W,completed,20250824LTNC0,https://www.koreabaseball.com/Schedule/GameCenter/Main.aspx?gameDate=20250824&gameId=20250824LTNC0
2025-08-24,2025,SSG,한화,away,2,5,대전,L,completed,20250824SKHH0,https://www.koreabaseball.com/Schedule/GameCenter/Main.aspx?gameDate=20250824&gameId=20250824SKHH0
2025-08-24,2025,한화,SSG,home,5,2,대전,W,completed,20250824SKHH0,https://www.koreabaseball.com/Schedule/GameCenter/Main.aspx?gameDate=20250824&gameId=20250824SKHH0
2025-08-24,2025,삼성,키움,home,7,4,대구,W,completed,20250824WOSS0,https://www.koreabaseball.com/Schedule/GameCenter/Main.aspx?gameDate=20250824&gameId=20250824WOSS0
2025-08-24,2025,키움,삼성,away,4,7,대구,L,completed,20250824WOSS0,https://www.koreabaseball.com/Schedule/GameCenter/Main.aspx?gameDate=20250824&gameId=20250824WOSS0
2025-08-26,2025,키움,한화,home,1,3,고척,L,completed,20250826HHWO0,https://www.koreabaseball.com/Schedule/GameCenter/Main.aspx?gameDate=20250826&gameId=20250826HHWO0
2025-08-26,2025,한화,키움,away,3,1,고척,W,completed,20250826HHWO0,https://www.koreabaseball.com/Schedule/GameCenter/Main.aspx?gameDate=20250826&gameId=20250826HHWO0
2025-08-26,2025,KIA,SSG,away,5,9,문학,L,completed,20250826HTSK0,https://www.koreabaseball.com/Schedule/GameCenter/Main.aspx?gameDate=20250826&gameId=20250826HTSK0
2025-08-26,2025,SSG,KIA,home,9,5,문학,W,completed,20250826HTSK0,https://www.koreabaseball.com/Schedule/GameCenter/Main.aspx?gameDate=20250826&gameId=20250826HTSK0
2025-08-26,2025,KT,롯데,away,3,4,사직,L,completed,20250826KTLT0,https://www.koreabaseball.com/Schedule/GameCenter/Main.aspx?gameDate=20250826&gameId=20250826KTLT0
2025-08-26,2025,롯데,KT,home,4,3,사직,W,completed,20250826KTLT0,https://www.koreabaseball.com/Schedule/GameCenter/Main.aspx?gameDate=20250826&gameId=20250826KTLT0
2025-08-26,2025,LG,NC,away,7,9,창원,L,completed,20250826LGNC0,https://www.koreabaseball.com/Schedule/GameCenter/Main.aspx?gameDate=20250826&gameId=20250826LGNC0
2025-08-26,2025,NC,LG,home,9,7,창원,W,completed,20250826LGNC0,https://www.koreabaseball.com/Schedule/GameCenter/Main.aspx?gameDate=20250826&gameId=20250826LGNC0
2025-08-26,2025,두산,삼성,home,2,6,잠실,L,completed,20250826SSOB0,https://www.koreabaseball.com/Schedule/GameCenter/Main.aspx?gameDate=20250826&gameId=20250826SSOB0
2025-08-26,2025,삼성,두산,away,6,2,잠실,W,completed,20250826SSOB0,https://www.koreabaseball.com/Schedule/GameCenter/Main.aspx?gameDate=20250826&gameId=20250826SSOB0
2025-08-27,2025,키움,한화,home,1,3,고척,L,completed,20250827HHWO0,https://www.koreabaseball.com/Schedule/GameCenter/Main.aspx?gameDate=20250827&gameId=20250827HHWO0
2025-08-27,2025,한화,키움,away,3,1,고척,W,completed,20250827HHWO0,https://www.koreabaseball.com/Schedule/GameCenter/Main.aspx?gameDate=20250827&gameId=20250827HHWO0
2025-08-27,2025,KIA,SSG,away,4,2,문학,W,completed,20250827HTSK0,https://www.koreabaseball.com/Schedule/GameCenter/Main.aspx?gameDate=20250827&gameId=20250827HTSK0
2025-08-27,2025,SSG,KIA,home,2,4,문학,L,completed,20250827HTSK0,https://www.koreabaseball.com/Schedule/GameCenter/Main.aspx?gameDate=20250827&gameId=20250827HTSK0
2025-08-27,2025,KT,롯데,away,7,2,사직,W,completed,20250827KTLT0,https://www.koreabaseball.com/Schedule/GameCenter/Main.aspx?gameDate=20250827&gameId=20250827KTLT0
2025-08-27,2025,롯데,KT,home,2,7,사직,L,completed,20250827KTLT0,https://www.koreabaseball.com/Schedule/GameCenter/Main.aspx?gameDate=20250827&gameId=20250827KTLT0
2025-08-27,2025,LG,NC,away,10,1,창원,W,completed,20250827LGNC0,https://www.koreabaseball.com/Schedule/GameCenter/Main.aspx?gameDate=20250827&gameId=20250827LGNC0
2025-08-27,2025,NC,LG,home,1,10,창원,L,completed,20250827LGNC0,https://www.koreabaseball.com/Schedule/GameCenter/Main.aspx?gameDate=20250827&gameId=20250827LGNC0
2025-08-27,2025,두산,삼성,home,1,14,잠실,L,completed,20250827SSOB0,https://www.koreabaseball.com/Schedule/GameCenter/Main.aspx?gameDate=20250827&gameId=20250827SSOB0
2025-08-27,2025,삼성,두산,away,14,1,잠실,W,completed,20250827SSOB0,https://www.koreabaseball.com/Schedule/GameCenter/Main.aspx?gameDate=20250827&gameId=20250827SSOB0
2025-08-28,2025,키움,한화,home,3,9,고척,L,completed,20250828HHWO0,https://www.koreabaseball.com/Schedule/GameCenter/Main.aspx?gameDate=20250828&gameId=20250828HHWO0
2025-08-28,2025,한화,키움,away,9,3,고척,W,completed,20250828HHWO0,https://www.koreabaseball.com/Schedule/GameCenter/Main.aspx?gameDate=20250828&gameId=20250828HHWO0
2025-08-28,2025,KIA,SSG,away,10,6,문학,W,completed,20250828HTSK0,https://www.koreabaseball.com/Schedule/GameCenter/Main.aspx?gameDate=20250828&gameId=20250828HTSK0
2025-08-28,2025,SSG,KIA,home,6,10,문학,L,completed,20250828HTSK0,https://www.koreabaseball.com/Schedule/GameCenter/Main.aspx?gameDate=20250828&gameId=20250828HTSK0
2025-08-28,2025,KT,롯데,away,2,3,사직,L,completed,20250828KTLT0,https://www.koreabaseball.com/Schedule/GameCenter/Main.aspx?gameDate=20250828&gameId=20250828KTLT0
2025-08-28,2025,롯데,KT,home,3,2,사직,W,completed,20250828KTLT0,https://www.koreabaseball.com/Schedule/GameCenter/Main.aspx?gameDate=20250828&gameId=20250828KTLT0
2025-08-28,2025,LG,NC,away,4,3,창원,W,completed,20250828LGNC0,https://www.koreabaseball.com/Schedule/GameCenter/Main.aspx?gameDate=20250828&gameId=20250828LGNC0
2025-08-28,2025,NC,LG,home,3,4,창원,L,completed,20250828LGNC0,https://www.koreabaseball.com/Schedule/GameCenter/Main.aspx?gameDate=20250828&gameId=20250828LGNC0
2025-08-28,2025,두산,삼성,home,7,6,잠실,W,completed,20250828SSOB0,https://www.koreabaseball.com/Schedule/GameCenter/Main.aspx?gameDate=20250828&gameId=20250828SSOB0
2025-08-28,2025,삼성,두산,away,6,7,잠실,L,completed,20250828SSOB0,https://www.koreabaseball.com/Schedule/GameCenter/Main.aspx?gameDate=20250828&gameId=20250828SSOB0
2025-08-29,2025,KIA,KT,away,10,1,수원,W,completed,20250829HTKT0,https://www.koreabaseball.com/Schedule/GameCenter/Main.aspx?gameDate=20250829&gameId=20250829HTKT0
2025-08-29,2025,KT,KIA,home,1,10,수원,L,completed,20250829HTKT0,https://www.koreabaseball.com/Schedule/GameCenter/Main.aspx?gameDate=20250829&gameId=20250829HTKT0
2025-08-29,2025,NC,SSG,away,0,8,문학,L,completed,20250829NCSK0,https://www.koreabaseball.com/Schedule/GameCenter/Main.aspx?gameDate=20250829&gameId=20250829NCSK0
2025-08-29,2025,SSG,NC,home,8,0,문학,W,completed,20250829NCSK0,https://www.koreabaseball.com/Schedule/GameCenter/Main.aspx?gameDate=20250829&gameId=20250829NCSK0
2025-08-29,2025,두산,롯데,away,7,1,사직,W,completed,20250829OBLT0,https://www.koreabaseball.com/Schedule/GameCenter/Main.aspx?gameDate=20250829&gameId=20250829OBLT0
2025-08-29,2025,롯데,두산,home,1,7,사직,L,completed,20250829OBLT0,https://www.koreabaseball.com/Schedule/GameCenter/Main.aspx?gameDate=20250829&gameId=20250829OBLT0
2025-08-29,2025,삼성,한화,away,5,3,대전,W,completed,20250829SSHH0,https://www.koreabaseball.com/Schedule/GameCenter/Main.aspx?gameDate=20250829&gameId=20250829SSHH0
2025-08-29,2025,한화,삼성,home,3,5,대전,L,completed,20250829SSHH0,https://www.koreabaseball.com/Schedule/GameCenter/Main.aspx?gameDate=20250829&gameId=20250829SSHH0
2025-08-29,2025,LG,키움,home,2,3,잠실,L,completed,20250829WOLG0,https://www.koreabaseball.com/Schedule/GameCenter/Main.aspx?gameDate=20250829&gameId=20250829WOLG0
2025-08-29,2025,키움,LG,away,3,2,잠실,W,completed,20250829WOLG0,https://www.koreabaseball.com/Schedule/GameCenter/Main.aspx?gameDate=20250829&gameId=20250829WOLG0
2025-08-30,2025,KIA,KT,away,2,8,수원,L,completed,20250830HTKT0,https://www.koreabaseball.com/Schedule/GameCenter/Main.aspx?gameDate=20250830&gameId=20250830HTKT0
2025-08-30,2025,KT,KIA,home,8,2,수원,W,completed,20250830HTKT0,https://www.koreabaseball.com/Schedule/GameCenter/Main.aspx?gameDate=20250830&gameId=20250830HTKT0
2025-08-30,2025,NC,SSG,away,12,2,문학,W,completed,20250830NCSK0,https://www.koreabaseball.com/Schedule/GameCenter/Main.aspx?gameDate=20250830&gameId=20250830NCSK0
2025-08-30,2025,SSG,NC,home,2,12,문학,L,completed,20250830NCSK0,https://www.koreabaseball.com/Schedule/GameCenter/Main.aspx?gameDate=20250830&gameId=20250830NCSK0
2025-08-30,2025,두산,롯데,away,8,8,사직,D,completed,20250830OBLT0,https://www.koreabaseball.com/Schedule/GameCenter/Main.aspx?gameDate=20250830&gameId=20250830OBLT0
2025-08-30,2025,롯데,두산,home,8,8,사직,D,completed,20250830OBLT0,https://www.koreabaseball.com/Schedule/GameCenter/Main.aspx?gameDate=20250830&gameId=20250830OBLT0
2025-08-30,2025,삼성,한화,away,4,0,대전,W,completed,20250830SSHH0,https://www.koreabaseball.com/Schedule/GameCenter/Main.aspx?gameDate=20250830&gameId=20250830SSHH0
2025-08-30,2025,한화,삼성,home,0,4,대전,L,completed,20250830SSHH0,https://www.koreabaseball.com/Schedule/GameCenter/Main.aspx?gameDate=20250830&gameId=20250830SSHH0
2025-08-30,2025,LG,키움,home,6,5,잠실,W,completed,20250830WOLG0,https://www.koreabaseball.com/Schedule/GameCenter/Main.aspx?gameDate=20250830&gameId=20250830WOLG0
2025-08-30,2025,키움,LG,away,5,6,잠실,L,completed,20250830WOLG0,https://www.koreabaseball.com/Schedule/GameCenter/Main.aspx?gameDate=20250830&gameId=20250830WOLG0
2025-08-31,2025,KIA,KT,away,6,7,수원,L,completed,20250831HTKT0,https://www.koreabaseball.com/Schedule/GameCenter/Main.aspx?gameDate=20250831&gameId=20250831HTKT0
2025-08-31,2025,KT,KIA,home,7,6,수원,W,completed,20250831HTKT0,https://www.koreabaseball.com/Schedule/GameCenter/Main.aspx?gameDate=20250831&gameId=20250831HTKT0
2025-08-31,2025,NC,SSG,away,8,10,문학,L,completed,20250831NCSK0,https://www.koreabaseball.com/Schedule/GameCenter/Main.aspx?gameDate=20250831&gameId=20250831NCSK0
2025-08-31,2025,SSG,NC,home,10,8,문학,W,completed,20250831NCSK0,https://www.koreabaseball.com/Schedule/GameCenter/Main.aspx?gameDate=20250831&gameId=20250831NCSK0
2025-08-31,2025,두산,롯데,away,1,5,사직,L,completed,20250831OBLT0,https://www.koreabaseball.com/Schedule/GameCenter/Main.aspx?gameDate=20250831&gameId=20250831OBLT0
2025-08-31,2025,롯데,두산,home,5,1,사직,W,completed,20250831OBLT0,https://www.koreabaseball.com/Schedule/GameCenter/Main.aspx?gameDate=20250831&gameId=20250831OBLT0
2025-08-31,2025,삼성,한화,away,5,3,대전,W,completed,20250831SSHH0,https://www.koreabaseball.com/Schedule/GameCenter/Main.aspx?gameDate=20250831&gameId=20250831SSHH0
2025-08-31,2025,한화,삼성,home,3,5,대전,L,completed,20250831SSHH0,https://www.koreabaseball.com/Schedule/GameCenter/Main.aspx?gameDate=20250831&gameId=20250831SSHH0
2025-08-31,2025,LG,키움,home,5,6,잠실,L,completed,20250831WOLG0,https://www.koreabaseball.com/Schedule/GameCenter/Main.aspx?gameDate=20250831&gameId=20250831WOLG0
2025-08-31,2025,키움,LG,away,6,5,잠실,W,completed,20250831WOLG0,https://www.koreabaseball.com/Schedule/GameCenter/Main.aspx?gameDate=20250831&gameId=20250831WOLG0
2025-09-02,2025,KIA,한화,away,3,21,대전,L,completed,20250902HTHH0,https://www.koreabaseball.com/Schedule/GameCenter/Main.aspx?gameDate=20250902&gameId=20250902HTHH0
2025-09-02,2025,한화,KIA,home,21,3,대전,W,completed,20250902HTHH0,https://www.koreabaseball.com/Schedule/GameCenter/Main.aspx?gameDate=20250902&gameId=20250902HTHH0
2025-09-02,2025,LG,롯데,home,3,2,잠실,W,completed,20250902LTLG0,https://www.koreabaseball.com/Schedule/GameCenter/Main.aspx?gameDate=20250902&gameId=20250902LTLG0
2025-09-02,2025,롯데,LG,away,2,3,잠실,L,completed,20250902LTLG0,https://www.koreabaseball.com/Schedule/GameCenter/Main.aspx?gameDate=20250902&gameId=20250902LTLG0
2025-09-02,2025,KT,NC,home,4,9,수원,L,completed,20250902NCKT0,https://www.koreabaseball.com/Schedule/GameCenter/Main.aspx?gameDate=20250902&gameId=20250902NCKT0
2025-09-02,2025,NC,KT,away,9,4,수원,W,completed,20250902NCKT0,https://www.koreabaseball.com/Schedule/GameCenter/Main.aspx?gameDate=20250902&gameId=20250902NCKT0
2025-09-02,2025,SSG,키움,home,6,1,문학,W,completed,20250902WOSK0,https://www.koreabaseball.com/Schedule/GameCenter/Main.aspx?gameDate=20250902&gameId=20250902WOSK0
2025-09-02,2025,키움,SSG,away,1,6,문학,L,completed,20250902WOSK0,https://www.koreabaseball.com/Schedule/GameCenter/Main.aspx?gameDate=20250902&gameId=20250902WOSK0
2025-09-03,2025,KT,롯데,home,9,8,수원,W,completed,20250903LTKT0,https://www.koreabaseball.com/Schedule/GameCenter/Main.aspx?gameDate=20250903&gameId=20250903LTKT0
2025-09-03,2025,롯데,KT,away,8,9,수원,L,completed,20250903LTKT0,https://www.koreabaseball.com/Schedule/GameCenter/Main.aspx?gameDate=20250903&gameId=20250903LTKT0
2025-09-03,2025,NC,한화,away,5,6,대전,L,completed,20250903NCHH0,https://www.koreabaseball.com/Schedule/GameCenter/Main.aspx?gameDate=20250903&gameId=20250903NCHH0
2025-09-03,2025,한화,NC,home,6,5,대전,W,completed,20250903NCHH0,https://www.koreabaseball.com/Schedule/GameCenter/Main.aspx?gameDate=20250903&gameId=20250903NCHH0
2025-09-03,2025,KIA,SSG,home,1,2,광주,L,completed,20250903SKHT0,https://www.koreabaseball.com/Schedule/GameCenter/Main.aspx?gameDate=20250903&gameId=20250903SKHT0
2025-09-03,2025,SSG,KIA,away,2,1,광주,W,completed,20250903SKHT0,https://www.koreabaseball.com/Schedule/GameCenter/Main.aspx?gameDate=20250903&gameId=20250903SKHT0
2025-09-03,2025,삼성,키움,home,3,4,대구,L,completed,20250903WOSS0,https://www.koreabaseball.com/Schedule/GameCenter/Main.aspx?gameDate=20250903&gameId=20250903WOSS0
2025-09-03,2025,키움,삼성,away,4,3,대구,W,completed,20250903WOSS0,https://www.koreabaseball.com/Schedule/GameCenter/Main.aspx?gameDate=20250903&gameId=20250903WOSS0
2025-09-04,2025,KT,LG,home,8,10,수원,L,completed,20250904LGKT0,https://www.koreabaseball.com/Schedule/GameCenter/Main.aspx?gameDate=20250904&gameId=20250904LGKT0
2025-09-04,2025,LG,KT,away,10,8,수원,W,completed,20250904LGKT0,https://www.koreabaseball.com/Schedule/GameCenter/Main.aspx?gameDate=20250904&gameId=20250904LGKT0
2025-09-04,2025,NC,두산,home,3,12,창원,L,completed,20250904OBNC0,https://www.koreabaseball.com/Schedule/GameCenter/Main.aspx?gameDate=20250904&gameId=20250904OBNC0
2025-09-04,2025,두산,NC,away,12,3,창원,W,completed,20250904OBNC0,https://www.koreabaseball.com/Schedule/GameCenter/Main.aspx?gameDate=20250904&gameId=20250904OBNC0
2025-09-05,2025,SSG,롯데,home,7,5,문학,W,completed,20250905LTSK0,https://www.koreabaseball.com/Schedule/GameCenter/Main.aspx?gameDate=20250905&gameId=20250905LTSK0
2025-09-05,2025,롯데,SSG,away,5,7,문학,L,completed,20250905LTSK0,https://www.koreabaseball.com/Schedule/GameCenter/Main.aspx?gameDate=20250905&gameId=20250905LTSK0
2025-09-05,2025,NC,두산,home,3,9,창원,L,completed,20250905OBNC0,https://www.koreabaseball.com/Schedule/GameCenter/Main.aspx?gameDate=20250905&gameId=20250905OBNC0
2025-09-05,2025,두산,NC,away,9,3,창원,W,completed,20250905OBNC0,https://www.koreabaseball.com/Schedule/GameCenter/Main.aspx?gameDate=20250905&gameId=20250905OBNC0
2025-09-05,2025,삼성,키움,home,8,3,대구,W,completed,20250905WOSS0,https://www.koreabaseball.com/Schedule/GameCenter/Main.aspx?gameDate=20250905&gameId=20250905WOSS0
2025-09-05,2025,키움,삼성,away,3,8,대구,L,completed,20250905WOSS0,https://www.koreabaseball.com/Schedule/GameCenter/Main.aspx?gameDate=20250905&gameId=20250905WOSS0
2025-09-06,2025,삼성,한화,home,4,7,대구,L,completed,20250906HHSS0,https://www.koreabaseball.com/Schedule/GameCenter/Main.aspx?gameDate=20250906&gameId=20250906HHSS0
2025-09-06,2025,한화,삼성,away,7,4,대구,W,completed,20250906HHSS0,https://www.koreabaseball.com/Schedule/GameCenter/Main.aspx?gameDate=20250906&gameId=20250906HHSS0
2025-09-06,2025,KIA,NC,away,8,4,창원,W,completed,20250906HTNC0,https://www.koreabaseball.com/Schedule/GameCenter/Main.aspx?gameDate=20250906&gameId=20250906HTNC0
2025-09-06,2025,NC,KIA,home,4,8,창원,L,completed,20250906HTNC0,https://www.koreabaseball.com/Schedule/GameCenter/Main.aspx?gameDate=20250906&gameId=20250906HTNC0
2025-09-07,2025,삼성,한화,home,4,3,대구,W,completed,20250907HHSS0,https://www.koreabaseball.com/Schedule/GameCenter/Main.aspx?gameDate=20250907&gameId=20250907HHSS0
2025-09-07,2025,한화,삼성,away,3,4,대구,L,completed,20250907HHSS0,https://www.koreabaseball.com/Schedule/GameCenter/Main.aspx?gameDate=20250907&gameId=20250907HHSS0
2025-09-07,2025,KIA,NC,away,1,2,창원,L,completed,20250907HTNC0,https://www.koreabaseball.com/Schedule/GameCenter/Main.aspx?gameDate=20250907&gameId=20250907HTNC0
2025-09-07,2025,NC,KIA,home,2,1,창원,W,completed,20250907HTNC0,https://www.koreabaseball.com/Schedule/GameCenter/Main.aspx?gameDate=20250907&gameId=20250907HTNC0
2025-09-07,2025,LG,SSG,home,3,7,잠실,L,completed,20250907SKLG0,https://www.koreabaseball.com/Schedule/GameCenter/Main.aspx?gameDate=20250907&gameId=20250907SKLG0
2025-09-07,2025,SSG,LG,away,7,3,잠실,W,completed,20250907SKLG0,https://www.koreabaseball.com/Schedule/GameCenter/Main.aspx?gameDate=20250907&gameId=20250907SKLG0
2025-09-09,2025,롯데,한화,home,1,9,사직,L,completed,20250909HHLT0,https://www.koreabaseball.com/Schedule/GameCenter/Main.aspx?gameDate=20250909&gameId=20250909HHLT0
2025-09-09,2025,한화,롯데,away,9,1,사직,W,completed,20250909HHLT0,https://www.koreabaseball.com/Schedule/GameCenter/Main.aspx?gameDate=20250909&gameId=20250909HHLT0
2025-09-09,2025,LG,키움,away,2,11,고척,L,completed,20250909LGWO0,https://www.koreabaseball.com/Schedule/GameCenter/Main.aspx?gameDate=20250909&gameId=20250909LGWO0
2025-09-09,2025,키움,LG,home,11,2,고척,W,completed,20250909LGWO0,https://www.koreabaseball.com/Schedule/GameCenter/Main.aspx?gameDate=20250909&gameId=20250909LGWO0
2025-09-09,2025,KT,두산,home,8,1,수원,W,completed,20250909OBKT0,https://www.koreabaseball.com/Schedule/GameCenter/Main.aspx?gameDate=20250909&gameId=20250909OBKT0
2025-09-09,2025,두산,KT,away,1,8,수원,L,completed,20250909OBKT0,https://www.koreabaseball.com/Schedule/GameCenter/Main.aspx?gameDate=20250909&gameId=20250909OBKT0
2025-09-10,2025,롯데,한화,home,0,13,사직,L,completed,20250910HHLT0,https://www.koreabaseball.com/Schedule/GameCenter/Main.aspx?gameDate=20250910&gameId=20250910HHLT0
2025-09-10,2025,한화,롯데,away,13,0,사직,W,completed,20250910HHLT0,https://www.koreabaseball.com/Schedule/GameCenter/Main.aspx?gameDate=20250910&gameId=20250910HHLT0
2025-09-10,2025,LG,두산,away,8,4,잠실,W,completed,20250910LGOB0,https://www.koreabaseball.com/Schedule/GameCenter/Main.aspx?gameDate=20250910&gameId=20250910LGOB0
2025-09-10,2025,두산,LG,home,4,8,잠실,L,completed,20250910LGOB0,https://www.koreabaseball.com/Schedule/GameCenter/Main.aspx?gameDate=20250910&gameId=20250910LGOB0
2025-09-10,2025,NC,SSG,home,5,4,창원,W,completed,20250910SKNC0,https://www.koreabaseball.com/Schedule/GameCenter/Main.aspx?gameDate=20250910&gameId=20250910SKNC0
2025-09-10,2025,SSG,NC,away,4,5,창원,L,completed,20250910SKNC0,https://www.koreabaseball.com/Schedule/GameCenter/Main.aspx?gameDate=20250910&gameId=20250910SKNC0
2025-09-10,2025,KIA,삼성,home,4,0,광주,W,completed,20250910SSHT0,https://www.koreabaseball.com/Schedule/GameCenter/Main.aspx?gameDate=20250910&gameId=20250910SSHT0
2025-09-10,2025,삼성,KIA,away,0,4,광주,L,completed,20250910SSHT0,https://www.koreabaseball.com/Schedule/GameCenter/Main.aspx?gameDate=20250910&gameId=20250910SSHT0
2025-09-11,2025,KT,LG,away,6,4,잠실,W,completed,20250911KTLG0,https://www.koreabaseball.com/Schedule/GameCenter/Main.aspx?gameDate=20250911&gameId=20250911KTLG0
2025-09-11,2025,LG,KT,home,4,6,잠실,L,completed,20250911KTLG0,https://www.koreabaseball.com/Schedule/GameCenter/Main.aspx?gameDate=20250911&gameId=20250911KTLG0
2025-09-11,2025,KIA,롯데,home,3,4,광주,L,completed,20250911LTHT0,https://www.koreabaseball.com/Schedule/GameCenter/Main.aspx?gameDate=20250911&gameId=20250911LTHT0
2025-09-11,2025,롯데,KIA,away,4,3,광주,W,completed,20250911LTHT0,https://www.koreabaseball.com/Schedule/GameCenter/Main.aspx?gameDate=20250911&gameId=20250911LTHT0
2025-09-11,2025,NC,키움,away,1,4,고척,L,completed,20250911NCWO0,https://www.koreabaseball.com/Schedule/GameCenter/Main.aspx?gameDate=20250911&gameId=20250911NCWO0
2025-09-11,2025,키움,NC,home,4,1,고척,W,completed,20250911NCWO0,https://www.koreabaseball.com/Schedule/GameCenter/Main.aspx?gameDate=20250911&gameId=20250911NCWO0
2025-09-11,2025,SSG,삼성,away,8,4,대구,W,completed,20250911SKSS0,https://www.koreabaseball.com/Schedule/GameCenter/Main.aspx?gameDate=20250911&gameId=20250911SKSS0
2025-09-11,2025,삼성,SSG,home,4,8,대구,L,completed,20250911SKSS0,https://www.koreabaseball.com/Schedule/GameCenter/Main.aspx?gameDate=20250911&gameId=20250911SKSS0
2025-09-12,2025,KIA,두산,home,5,4,광주,W,completed,20250912OBHT0,https://www.koreabaseball.com/Schedule/GameCenter/Main.aspx?gameDate=20250912&gameId=20250912OBHT0
2025-09-12,2025,두산,KIA,away,4,5,광주,L,completed,20250912OBHT0,https://www.koreabaseball.com/Schedule/GameCenter/Main.aspx?gameDate=20250912&gameId=20250912OBHT0
2025-09-13,2025,KIA,LG,away,6,3,잠실,W,completed,20250913HTLG0,https://www.koreabaseball.com/Schedule/GameCenter/Main.aspx?gameDate=20250913&gameId=20250913HTLG0
2025-09-13,2025,LG,KIA,home,3,6,잠실,L,completed,20250913HTLG0,https://www.koreabaseball.com/Schedule/GameCenter/Main.aspx?gameDate=20250913&gameId=20250913HTLG0
2025-09-13,2025,KT,삼성,away,5,3,대구,W,completed,20250913KTSS0,https://www.koreabaseball.com/Schedule/GameCenter/Main.aspx?gameDate=20250913&gameId=20250913KTSS0
2025-09-13,2025,삼성,KT,home,3,5,대구,L,completed,20250913KTSS0,https://www.koreabaseball.com/Schedule/GameCenter/Main.aspx?gameDate=20250913&gameId=20250913KTSS0
2025-09-13,2025,NC,두산,home,6,4,창원,W,completed,20250913OBNC0,https://www.koreabaseball.com/Schedule/GameCenter/Main.aspx?gameDate=20250913&gameId=20250913OBNC0
2025-09-13,2025,두산,NC,away,4,6,창원,L,completed,20250913OBNC0,https://www.koreabaseball.com/Schedule/GameCenter/Main.aspx?gameDate=20250913&gameId=20250913OBNC0
2025-09-13,2025,SSG,롯데,away,11,12,사직,L,completed,20250913SKLT0,https://www.koreabaseball.com/Schedule/GameCenter/Main.aspx?gameDate=20250913&gameId=20250913SKLT0
2025-09-13,2025,롯데,SSG,home,12,11,사직,W,completed,20250913SKLT0,https://www.koreabaseball.com/Schedule/GameCenter/Main.aspx?gameDate=20250913&gameId=20250913SKLT0
2025-09-13,2025,키움,한화,away,5,10,대전,L,completed,20250913WOHH0,https://www.koreabaseball.com/Schedule/GameCenter/Main.aspx?gameDate=20250913&gameId=20250913WOHH0
2025-09-13,2025,한화,키움,home,10,5,대전,W,completed,20250913WOHH0,https://www.koreabaseball.com/Schedule/GameCenter/Main.aspx?gameDate=20250913&gameId=20250913WOHH0
2025-09-14,2025,KIA,LG,away,0,14,잠실,L,completed,20250914HTLG0,https://www.koreabaseball.com/Schedule/GameCenter/Main.aspx?gameDate=20250914&gameId=20250914HTLG0
2025-09-14,2025,LG,KIA,home,14,0,잠실,W,completed,20250914HTLG0,https://www.koreabaseball.com/Schedule/GameCenter/Main.aspx?gameDate=20250914&gameId=20250914HTLG0
2025-09-14,2025,KT,삼성,away,2,6,대구,L,completed,20250914KTSS0,https://www.koreabaseball.com/Schedule/GameCenter/Main.aspx?gameDate=20250914&gameId=20250914KTSS0
2025-09-14,2025,삼성,KT,home,6,2,대구,W,completed,20250914KTSS0,https://www.koreabaseball.com/Schedule/GameCenter/Main.aspx?gameDate=20250914&gameId=20250914KTSS0
2025-09-14,2025,NC,두산,home,6,0,창원,W,completed,20250914OBNC0,https://www.koreabaseball.com/Schedule/GameCenter/Main.aspx?gameDate=20250914&gameId=20250914OBNC0
2025-09-14,2025,두산,NC,away,0,6,창원,L,completed,20250914OBNC0,https://www.koreabaseball.com/Schedule/GameCenter/Main.aspx?gameDate=20250914&gameId=20250914OBNC0
2025-09-14,2025,키움,한화,away,13,10,대전,W,completed,20250914WOHH0,https://www.koreabaseball.com/Schedule/GameCenter/Main.aspx?gameDate=20250914&gameId=20250914WOHH0
2025-09-14,2025,한화,키움,home,10,13,대전,L,completed,20250914WOHH0,https://www.koreabaseball.com/Schedule/GameCenter/Main.aspx?gameDate=20250914&gameId=20250914WOHH0
2025-09-15,2025,키움,한화,away,6,7,대전,L,completed,20250915WOHH0,https://www.koreabaseball.com/Schedule/GameCenter/Main.aspx?gameDate=20250915&gameId=20250915WOHH0
2025-09-15,2025,한화,키움,home,7,6,대전,W,completed,20250915WOHH0,https://www.koreabaseball.com/Schedule/GameCenter/Main.aspx?gameDate=20250915&gameId=20250915WOHH0
2025-09-16,2025,KIA,한화,home,1,11,광주,L,completed,20250916HHHT0,https://www.koreabaseball.com/Schedule/GameCenter/Main.aspx?gameDate=20250916&gameId=20250916HHHT0
2025-09-16,2025,한화,KIA,away,11,1,광주,W,completed,20250916HHHT0,https://www.koreabaseball.com/Schedule/GameCenter/Main.aspx?gameDate=20250916&gameId=20250916HHHT0
2025-09-16,2025,KT,LG,home,6,10,수원,L,completed,20250916LGKT0,https://www.koreabaseball.com/Schedule/GameCenter/Main.aspx?gameDate=20250916&gameId=20250916LGKT0
2025-09-16,2025,LG,KT,away,10,6,수원,W,completed,20250916LGKT0,https://www.koreabaseball.com/Schedule/GameCenter/Main.aspx?gameDate=20250916&gameId=20250916LGKT0
2025-09-16,2025,롯데,삼성,away,5,7,대구,L,completed,20250916LTSS0,https://www.koreabaseball.com/Schedule/GameCenter/Main.aspx?gameDate=20250916&gameId=20250916LTSS0
2025-09-16,2025,삼성,롯데,home,7,5,대구,W,completed,20250916LTSS0,https://www.koreabaseball.com/Schedule/GameCenter/Main.aspx?gameDate=20250916&gameId=20250916LTSS0
2025-09-16,2025,NC,SSG,home,3,7,창원,L,completed,20250916SKNC0,https://www.koreabaseball.com/Schedule/GameCenter/Main.aspx?gameDate=20250916&gameId=20250916SKNC0
2025-09-16,2025,SSG,NC,away,7,3,창원,W,completed,20250916SKNC0,https://www.koreabaseball.com/Schedule/GameCenter/Main.aspx?gameDate=20250916&gameId=20250916SKNC0
2025-09-16,2025,두산,키움,home,1,4,잠실,L,completed,20250916WOOB0,https://www.koreabaseball.com/Schedule/GameCenter/Main.aspx?gameDate=20250916&gameId=20250916WOOB0
2025-09-16,2025,키움,두산,away,4,1,잠실,W,completed,20250916WOOB0,https://www.koreabaseball.com/Schedule/GameCenter/Main.aspx?gameDate=20250916&gameId=20250916WOOB0
2025-09-17,2025,KIA,한화,home,2,6,광주,L,completed,20250917HHHT0,https://www.koreabaseball.com/Schedule/GameCenter/Main.aspx?gameDate=20250917&gameId=20250917HHHT0
2025-09-17,2025,한화,KIA,away,6,2,광주,W,completed,20250917HHHT0,https://www.koreabaseball.com/Schedule/GameCenter/Main.aspx?gameDate=20250917&gameId=20250917HHHT0
2025-09-17,2025,NC,SSG,home,4,0,창원,W,completed,20250917SKNC0,https://www.koreabaseball.com/Schedule/GameCenter/Main.aspx?gameDate=20250917&gameId=20250917SKNC0
2025-09-17,2025,SSG,NC,away,0,4,창원,L,completed,20250917SKNC0,https://www.koreabaseball.com/Schedule/GameCenter/Main.aspx?gameDate=20250917&gameId=20250917SKNC0
2025-09-17,2025,두산,키움,home,2,4,잠실,L,completed,20250917WOOB0,https://www.koreabaseball.com/Schedule/GameCenter/Main.aspx?gameDate=20250917&gameId=20250917WOOB0
2025-09-17,2025,키움,두산,away,4,2,잠실,W,completed,20250917WOOB0,https://www.koreabaseball.com/Schedule/GameCenter/Main.aspx?gameDate=20250917&gameId=20250917WOOB0
2025-09-18,2025,KIA,한화,home,3,4,광주,L,completed,20250918HHHT0,https://www.koreabaseball.com/Schedule/GameCenter/Main.aspx?gameDate=20250918&gameId=20250918HHHT0
2025-09-18,2025,한화,KIA,away,4,3,광주,W,completed,20250918HHHT0,https://www.koreabaseball.com/Schedule/GameCenter/Main.aspx?gameDate=20250918&gameId=20250918HHHT0
2025-09-18,2025,KT,LG,home,2,6,수원,L,completed,20250918LGKT1,https://www.koreabaseball.com/Schedule/GameCenter/Main.aspx?gameDate=20250918&gameId=20250918LGKT1
2025-09-18,2025,LG,KT,away,6,2,수원,W,completed,20250918LGKT1,https://www.koreabaseball.com/Schedule/GameCenter/Main.aspx?gameDate=20250918&gameId=20250918LGKT1
2025-09-18,2025,KT,LG,home,1,14,수원,L,completed,20250918LGKT2,https://www.koreabaseball.com/Schedule/GameCenter/Main.aspx?gameDate=20250918&gameId=20250918LGKT2
2025-09-18,2025,LG,KT,away,14,1,수원,W,completed,20250918LGKT2,https://www.koreabaseball.com/Schedule/GameCenter/Main.aspx?gameDate=20250918&gameId=20250918LGKT2
2025-09-18,2025,NC,삼성,home,5,9,창원,L,completed,20250918SSNC0,https://www.koreabaseball.com/Schedule/GameCenter/Main.aspx?gameDate=20250918&gameId=20250918SSNC0
2025-09-18,2025,삼성,NC,away,9,5,창원,W,completed,20250918SSNC0,https://www.koreabaseball.com/Schedule/GameCenter/Main.aspx?gameDate=20250918&gameId=20250918SSNC0
2025-09-18,2025,두산,키움,home,3,2,잠실,W,completed,20250918WOOB0,https://www.koreabaseball.com/Schedule/GameCenter/Main.aspx?gameDate=20250918&gameId=20250918WOOB0
2025-09-18,2025,키움,두산,away,2,3,잠실,L,completed,20250918WOOB0,https://www.koreabaseball.com/Schedule/GameCenter/Main.aspx?gameDate=20250918&gameId=20250918WOOB0
2025-09-19,2025,NC,롯데,home,2,18,창원,L,completed,20250919LTNC0,https://www.koreabaseball.com/Schedule/GameCenter/Main.aspx?gameDate=20250919&gameId=20250919LTNC0
2025-09-19,2025,롯데,NC,away,18,2,창원,W,completed,20250919LTNC0,https://www.koreabaseball.com/Schedule/GameCenter/Main.aspx?gameDate=20250919&gameId=20250919LTNC0
2025-09-20,2025,KT,한화,home,4,2,수원,W,completed,20250920HHKT0,https://www.koreabaseball.com/Schedule/GameCenter/Main.aspx?gameDate=20250920&gameId=20250920HHKT0
2025-09-20,2025,한화,KT,away,2,4,수원,L,completed,20250920HHKT0,https://www.koreabaseball.com/Schedule/GameCenter/Main.aspx?gameDate=20250920&gameId=20250920HHKT0
2025-09-20,2025,KIA,NC,home,5,4,광주,W,completed,20250920NCHT0,https://www.koreabaseball.com/Schedule/GameCenter/Main.aspx?gameDate=20250920&gameId=20250920NCHT0
2025-09-20,2025,NC,KIA,away,4,5,광주,L,completed,20250920NCHT0,https://www.koreabaseball.com/Schedule/GameCenter/Main.aspx?gameDate=20250920&gameId=20250920NCHT0
2025-09-20,2025,SSG,두산,home,15,2,문학,W,completed,20250920OBSK0,https://www.koreabaseball.com/Schedule/GameCenter/Main.aspx?gameDate=20250920&gameId=20250920OBSK0
2025-09-20,2025,두산,SSG,away,2,15,문학,L,completed,20250920OBSK0,https://www.koreabaseball.com/Schedule/GameCenter/Main.aspx?gameDate=20250920&gameId=20250920OBSK0
2025-09-20,2025,LG,삼성,home,4,14,잠실,L,completed,20250920SSLG0,https://www.koreabaseball.com/Schedule/GameCenter/Main.aspx?gameDate=20250920&gameId=20250920SSLG0
2025-09-20,2025,삼성,LG,away,14,4,잠실,W,completed,20250920SSLG0,https://www.koreabaseball.com/Schedule/GameCenter/Main.aspx?gameDate=20250920&gameId=20250920SSLG0
2025-09-20,2025,롯데,키움,home,5,15,사직,L,completed,20250920WOLT0,https://www.koreabaseball.com/Schedule/GameCenter/Main.aspx?gameDate=20250920&gameId=20250920WOLT0
2025-09-20,2025,키움,롯데,away,15,5,사직,W,completed,20250920WOLT0,https://www.koreabaseball.com/Schedule/GameCenter/Main.aspx?gameDate=20250920&gameId=20250920WOLT0
2025-09-21,2025,KIA,NC,home,6,7,광주,L,completed,20250921NCHT0,https://www.koreabaseball.com/Schedule/GameCenter/Main.aspx?gameDate=20250921&gameId=20250921NCHT0
2025-09-21,2025,NC,KIA,away,7,6,광주,W,completed,20250921NCHT0,https://www.koreabaseball.com/Schedule/GameCenter/Main.aspx?gameDate=20250921&gameId=20250921NCHT0
2025-09-21,2025,SSG,두산,home,7,3,문학,W,completed,20250921OBSK0,https://www.koreabaseball.com/Schedule/GameCenter/Main.aspx?gameDate=20250921&gameId=20250921OBSK0
2025-09-21,2025,두산,SSG,away,3,7,문학,L,completed,20250921OBSK0,https://www.koreabaseball.com/Schedule/GameCenter/Main.aspx?gameDate=20250921&gameId=20250921OBSK0
2025-09-21,2025,KT,삼성,home,6,3,수원,W,completed,20250921SSKT0,https://www.koreabaseball.com/Schedule/GameCenter/Main.aspx?gameDate=20250921&gameId=20250921SSKT0
2025-09-21,2025,삼성,KT,away,3,6,수원,L,completed,20250921SSKT0,https://www.koreabaseball.com/Schedule/GameCenter/Main.aspx?gameDate=20250921&gameId=20250921SSKT0
2025-09-22,2025,SSG,두산,home,2,9,문학,L,completed,20250922OBSK0,https://www.koreabaseball.com/Schedule/GameCenter/Main.aspx?gameDate=20250922&gameId=20250922OBSK0
2025-09-22,2025,두산,SSG,away,9,2,문학,W,completed,20250922OBSK0,https://www.koreabaseball.com/Schedule/GameCenter/Main.aspx?gameDate=20250922&gameId=20250922OBSK0
2025-09-23,2025,KIA,SSG,away,0,5,문학,L,completed,20250923HTSK0,https://www.koreabaseball.com/Schedule/GameCenter/Main.aspx?gameDate=20250923&gameId=20250923HTSK0
2025-09-23,2025,SSG,KIA,home,5,0,문학,W,completed,20250923HTSK0,https://www.koreabaseball.com/Schedule/GameCenter/Main.aspx?gameDate=20250923&gameId=20250923HTSK0
2025-09-23,2025,NC,롯데,away,4,2,울산,W,completed,20250923NCLT0,https://www.koreabaseball.com/Schedule/GameCenter/Main.aspx?gameDate=20250923&gameId=20250923NCLT0
2025-09-23,2025,롯데,NC,home,2,4,울산,L,completed,20250923NCLT0,https://www.koreabaseball.com/Schedule/GameCenter/Main.aspx?gameDate=20250923&gameId=20250923NCLT0
2025-09-23,2025,두산,삼성,away,5,7,대구,L,completed,20250923OBSS0,https://www.koreabaseball.com/Schedule/GameCenter/Main.aspx?gameDate=20250923&gameId=20250923OBSS0
2025-09-23,2025,삼성,두산,home,7,5,대구,W,completed,20250923OBSS0,https://www.koreabaseball.com/Schedule/GameCenter/Main.aspx?gameDate=20250923&gameId=20250923OBSS0
2025-09-23,2025,KT,키움,home,7,0,수원,W,completed,20250923WOKT0,https://www.koreabaseball.com/Schedule/GameCenter/Main.aspx?gameDate=20250923&gameId=20250923WOKT0
2025-09-23,2025,키움,KT,away,0,7,수원,L,completed,20250923WOKT0,https://www.koreabaseball.com/Schedule/GameCenter/Main.aspx?gameDate=20250923&gameId=20250923WOKT0
2025-09-24,2025,KIA,키움,away,2,0,고척,W,completed,20250924HTWO0,https://www.koreabaseball.com/Schedule/GameCenter/Main.aspx?gameDate=20250924&gameId=20250924HTWO0
2025-09-24,2025,키움,KIA,home,0,2,고척,L,completed,20250924HTWO0,https://www.koreabaseball.com/Schedule/GameCenter/Main.aspx?gameDate=20250924&gameId=20250924HTWO0
2025-09-24,2025,LG,NC,away,5,10,창원,L,completed,20250924LGNC0,https://www.koreabaseball.com/Schedule/GameCenter/Main.aspx?gameDate=20250924&gameId=20250924LGNC0
2025-09-24,2025,NC,LG,home,10,5,창원,W,completed,20250924LGNC0,https://www.koreabaseball.com/Schedule/GameCenter/Main.aspx?gameDate=20250924&gameId=20250924LGNC0
2025-09-24,2025,롯데,삼성,away,4,9,대구,L,completed,20250924LTSS0,https://www.koreabaseball.com/Schedule/GameCenter/Main.aspx?gameDate=20250924&gameId=20250924LTSS0
2025-09-24,2025,삼성,롯데,home,9,4,대구,W,completed,20250924LTSS0,https://www.koreabaseball.com/Schedule/GameCenter/Main.aspx?gameDate=20250924&gameId=20250924LTSS0
2025-09-25,2025,두산,한화,home,7,0,잠실,W,completed,20250925HHOB0,https://www.koreabaseball.com/Schedule/GameCenter/Main.aspx?gameDate=20250925&gameId=20250925HHOB0
2025-09-25,2025,한화,두산,away,0,7,잠실,L,completed,20250925HHOB0,https://www.koreabaseball.com/Schedule/GameCenter/Main.aspx?gameDate=20250925&gameId=20250925HHOB0
2025-09-25,2025,KT,SSG,away,10,1,문학,W,completed,20250925KTSK0,https://www.koreabaseball.com/Schedule/GameCenter/Main.aspx?gameDate=20250925&gameId=20250925KTSK0
2025-09-25,2025,SSG,KT,home,1,10,문학,L,completed,20250925KTSK0,https://www.koreabaseball.com/Schedule/GameCenter/Main.aspx?gameDate=20250925&gameId=20250925KTSK0
2025-09-25,2025,LG,롯데,away,11,1,울산,W,completed,20250925LGLT0,https://www.koreabaseball.com/Schedule/GameCenter/Main.aspx?gameDate=20250925&gameId=20250925LGLT0
2025-09-25,2025,롯데,LG,home,1,11,울산,L,completed,20250925LGLT0,https://www.koreabaseball.com/Schedule/GameCenter/Main.aspx?gameDate=20250925&gameId=20250925LGLT0
2025-09-25,2025,삼성,키움,home,12,3,대구,W,completed,20250925WOSS0,https://www.koreabaseball.com/Schedule/GameCenter/Main.aspx?gameDate=20250925&gameId=20250925WOSS0
2025-09-25,2025,키움,삼성,away,3,12,대구,L,completed,20250925WOSS0,https://www.koreabaseball.com/Schedule/GameCenter/Main.aspx?gameDate=20250925&gameId=20250925WOSS0
2025-09-26,2025,KT,SSG,away,2,5,문학,L,completed,20250926KTSK0,https://www.koreabaseball.com/Schedule/GameCenter/Main.aspx?gameDate=20250926&gameId=20250926KTSK0
2025-09-26,2025,SSG,KT,home,5,2,문학,W,completed,20250926KTSK0,https://www.koreabaseball.com/Schedule/GameCenter/Main.aspx?gameDate=20250926&gameId=20250926KTSK0
2025-09-26,2025,LG,한화,away,1,4,대전,L,completed,20250926LGHH0,https://www.koreabaseball.com/Schedule/GameCenter/Main.aspx?gameDate=20250926&gameId=20250926LGHH0
2025-09-26,2025,한화,LG,home,4,1,대전,W,completed,20250926LGHH0,https://www.koreabaseball.com/Schedule/GameCenter/Main.aspx?gameDate=20250926&gameId=20250926LGHH0
2025-09-26,2025,NC,두산,away,3,0,잠실,W,completed,20250926NCOB0,https://www.koreabaseball.com/Schedule/GameCenter/Main.aspx?gameDate=20250926&gameId=20250926NCOB0
2025-09-26,2025,두산,NC,home,0,3,잠실,L,completed,20250926NCOB0,https://www.koreabaseball.com/Schedule/GameCenter/Main.aspx?gameDate=20250926&gameId=20250926NCOB0
2025-09-26,2025,롯데,삼성,home,10,9,사직,W,completed,20250926SSLT0,https://www.koreabaseball.com/Schedule/GameCenter/Main.aspx?gameDate=20250926&gameId=20250926SSLT0
2025-09-26,2025,삼성,롯데,away,9,10,사직,L,completed,20250926SSLT0,https://www.koreabaseball.com/Schedule/GameCenter/Main.aspx?gameDate=20250926&gameId=20250926SSLT0
2025-09-27,2025,LG,한화,away,9,2,대전,W,completed,20250927LGHH0,https://www.koreabaseball.com/Schedule/GameCenter/Main.aspx?gameDate=20250927&gameId=20250927LGHH0
2025-09-27,2025,한화,LG,home,2,9,대전,L,completed,20250927LGHH0,https://www.koreabaseball.com/Schedule/GameCenter/Main.aspx?gameDate=20250927&gameId=20250927LGHH0
2025-09-27,2025,KIA,NC,home,1,2,광주,L,completed,20250927NCHT0,https://www.koreabaseball.com/Schedule/GameCenter/Main.aspx?gameDate=20250927&gameId=20250927NCHT0
2025-09-27,2025,NC,KIA,away,2,1,광주,W,completed,20250927NCHT0,https://www.koreabaseball.com/Schedule/GameCenter/Main.aspx?gameDate=20250927&gameId=20250927NCHT0
2025-09-27,2025,SSG,두산,away,6,2,잠실,W,completed,20250927SKOB0,https://www.koreabaseball.com/Schedule/GameCenter/Main.aspx?gameDate=20250927&gameId=20250927SKOB0
2025-09-27,2025,두산,SSG,home,2,6,잠실,L,completed,20250927SKOB0,https://www.koreabaseball.com/Schedule/GameCenter/Main.aspx?gameDate=20250927&gameId=20250927SKOB0
2025-09-28,2025,두산,롯데,home,7,2,잠실,W,completed,20250928LTOB0,https://www.koreabaseball.com/Schedule/GameCenter/Main.aspx?gameDate=20250928&gameId=20250928LTOB0
2025-09-28,2025,롯데,두산,away,2,7,잠실,L,completed,20250928LTOB0,https://www.koreabaseball.com/Schedule/GameCenter/Main.aspx?gameDate=20250928&gameId=20250928LTOB0
2025-09-28,2025,삼성,키움,away,4,2,고척,W,completed,20250928SSWO0,https://www.koreabaseball.com/Schedule/GameCenter/Main.aspx?gameDate=20250928&gameId=20250928SSWO0
2025-09-28,2025,키움,삼성,home,2,4,고척,L,completed,20250928SSWO0,https://www.koreabaseball.com/Schedule/GameCenter/Main.aspx?gameDate=20250928&gameId=20250928SSWO0
2025-09-29,2025,LG,한화,away,3,7,대전,L,completed,20250929LGHH0,https://www.koreabaseball.com/Schedule/GameCenter/Main.aspx?gameDate=20250929&gameId=20250929LGHH0
2025-09-29,2025,한화,LG,home,7,3,대전,W,completed,20250929LGHH0,https://www.koreabaseball.com/Schedule/GameCenter/Main.aspx?gameDate=20250929&gameId=20250929LGHH0
2025-09-29,2025,SSG,롯데,home,4,2,문학,W,completed,20250929LTSK0,https://www.koreabaseball.com/Schedule/GameCenter/Main.aspx?gameDate=20250929&gameId=20250929LTSK0
2025-09-29,2025,롯데,SSG,away,2,4,문학,L,completed,20250929LTSK0,https://www.koreabaseball.com/Schedule/GameCenter/Main.aspx?gameDate=20250929&gameId=20250929LTSK0
2025-09-29,2025,KIA,NC,home,4,13,광주,L,completed,20250929NCHT0,https://www.koreabaseball.com/Schedule/GameCenter/Main.aspx?gameDate=20250929&gameId=20250929NCHT0
2025-09-29,2025,NC,KIA,away,13,4,광주,W,completed,20250929NCHT0,https://www.koreabaseball.com/Schedule/GameCenter/Main.aspx?gameDate=20250929&gameId=20250929NCHT0
2025-09-30,2025,KIA,삼성,away,0,5,대구,L,completed,20250930HTSS0,https://www.koreabaseball.com/Schedule/GameCenter/Main.aspx?gameDate=20250930&gameId=20250930HTSS0
2025-09-30,2025,삼성,KIA,home,5,0,대구,W,completed,20250930HTSS0,https://www.koreabaseball.com/Schedule/GameCenter/Main.aspx?gameDate=20250930&gameId=20250930HTSS0
2025-09-30,2025,KT,NC,away,4,9,창원,L,completed,20250930KTNC0,https://www.koreabaseball.com/Schedule/GameCenter/Main.aspx?gameDate=20250930&gameId=20250930KTNC0
2025-09-30,2025,NC,KT,home,9,4,창원,W,completed,20250930KTNC0,https://www.koreabaseball.com/Schedule/GameCenter/Main.aspx?gameDate=20250930&gameId=20250930KTNC0
2025-09-30,2025,롯데,한화,away,0,1,대전,L,completed,20250930LTHH0,https://www.koreabaseball.com/Schedule/GameCenter/Main.aspx?gameDate=20250930&gameId=20250930LTHH0
2025-09-30,2025,한화,롯데,home,1,0,대전,W,completed,20250930LTHH0,https://www.koreabaseball.com/Schedule/GameCenter/Main.aspx?gameDate=20250930&gameId=20250930LTHH0
2025-09-30,2025,LG,두산,home,0,6,잠실,L,completed,20250930OBLG0,https://www.koreabaseball.com/Schedule/GameCenter/Main.aspx?gameDate=20250930&gameId=20250930OBLG0
2025-09-30,2025,두산,LG,away,6,0,잠실,W,completed,20250930OBLG0,https://www.koreabaseball.com/Schedule/GameCenter/Main.aspx?gameDate=20250930&gameId=20250930OBLG0
2025-09-30,2025,SSG,키움,away,4,3,고척,W,completed,20250930SKWO0,https://www.koreabaseball.com/Schedule/GameCenter/Main.aspx?gameDate=20250930&gameId=20250930SKWO0
2025-09-30,2025,키움,SSG,home,3,4,고척,L,completed,20250930SKWO0,https://www.koreabaseball.com/Schedule/GameCenter/Main.aspx?gameDate=20250930&gameId=20250930SKWO0
2025-10-01,2025,SSG,한화,home,6,5,문학,W,completed,20251001HHSK0,https://www.koreabaseball.com/Schedule/GameCenter/Main.aspx?gameDate=20251001&gameId=20251001HHSK0
2025-10-01,2025,한화,SSG,away,5,6,문학,L,completed,20251001HHSK0,https://www.koreabaseball.com/Schedule/GameCenter/Main.aspx?gameDate=20251001&gameId=20251001HHSK0
2025-10-01,2025,KIA,KT,home,3,9,광주,L,completed,20251001KTHT0,https://www.koreabaseball.com/Schedule/GameCenter/Main.aspx?gameDate=20251001&gameId=20251001KTHT0
2025-10-01,2025,KT,KIA,away,9,3,광주,W,completed,20251001KTHT0,https://www.koreabaseball.com/Schedule/GameCenter/Main.aspx?gameDate=20251001&gameId=20251001KTHT0
2025-10-01,2025,LG,NC,home,3,7,잠실,L,completed,20251001NCLG0,https://www.koreabaseball.com/Schedule/GameCenter/Main.aspx?gameDate=20251001&gameId=20251001NCLG0
2025-10-01,2025,NC,LG,away,7,3,잠실,W,completed,20251001NCLG0,https://www.koreabaseball.com/Schedule/GameCenter/Main.aspx?gameDate=20251001&gameId=20251001NCLG0
2025-10-02,2025,KIA,SSG,home,7,2,광주,W,completed,20251002SKHT0,https://www.koreabaseball.com/Schedule/GameCenter/Main.aspx?gameDate=20251002&gameId=20251002SKHT0
2025-10-02,2025,SSG,KIA,away,2,7,광주,L,completed,20251002SKHT0,https://www.koreabaseball.com/Schedule/GameCenter/Main.aspx?gameDate=20251002&gameId=20251002SKHT0
2025-10-03,2025,KT,한화,home,6,6,수원,D,completed,20251003HHKT0,https://www.koreabaseball.com/Schedule/GameCenter/Main.aspx?gameDate=20251003&gameId=20251003HHKT0
2025-10-03,2025,한화,KT,away,6,6,수원,D,completed,20251003HHKT0,https://www.koreabaseball.com/Schedule/GameCenter/Main.aspx?gameDate=20251003&gameId=20251003HHKT0
2025-10-04,2025,NC,SSG,home,7,1,창원,W,completed,20251004SKNC0,https://www.koreabaseball.com/Schedule/GameCenter/Main.aspx?gameDate=20251004&gameId=20251004SKNC0
2025-10-04,2025,SSG,NC,away,1,7,창원,L,completed,20251004SKNC0,https://www.koreabaseball.com/Schedule/GameCenter/Main.aspx?gameDate=20251004&gameId=20251004SKNC0
2025-10-04,2025,KIA,삼성,home,9,8,광주,W,completed,20251004SSHT0,https://www.koreabaseball.com/Schedule/GameCenter/Main.aspx?gameDate=20251004&gameId=20251004SSHT0
2025-10-04,2025,삼성,KIA,away,8,9,광주,L,completed,20251004SSHT0,https://www.koreabaseball.com/Schedule/GameCenter/Main.aspx?gameDate=20251004&gameId=20251004SSHT0
