date,season,month,team,opponent,home_away,runs_for,runs_against,result,win,loss,draw,run_diff,stadium,game_id,source_url
2023-04-01,2023,4,KIA,SSG,away,1,4,L,0,1,0,-3,문학,20230401HTSK0,https://www.koreabaseball.com/Schedule/GameCenter/Main.aspx?gameDate=20230401&gameId=20230401HTSK0
2023-04-01,2023,4,삼성,NC,home,0,8,L,0,1,0,-8,대구,20230401NCSS0,https://www.koreabaseball.com/Schedule/GameCenter/Main.aspx?gameDate=20230401&gameId=20230401NCSS0
2023-04-02,2023,4,KIA,SSG,away,9,5,W,1,0,0,4,문학,20230402HTSK0,https://www.koreabaseball.com/Schedule/GameCenter/Main.aspx?gameDate=20230402&gameId=20230402HTSK0
2023-04-02,2023,4,삼성,NC,home,8,6,W,1,0,0,2,대구,20230402NCSS0,https://www.koreabaseball.com/Schedule/GameCenter/Main.aspx?gameDate=20230402&gameId=20230402NCSS0
2023-04-04,2023,4,삼성,한화,home,7,6,W,1,0,0,1,대구,20230404HHSS0,https://www.koreabaseball.com/Schedule/GameCenter/Main.aspx?gameDate=20230404&gameId=20230404HHSS0
2023-04-06,2023,4,삼성,한화,home,1,8,L,0,1,0,-7,대구,20230406HHSS0,https://www.koreabaseball.com/Schedule/GameCenter/Main.aspx?gameDate=20230406&gameId=20230406HHSS0
2023-04-07,2023,4,KIA,두산,home,1,4,L,0,1,0,-3,광주,20230407OBHT0,https://www.koreabaseball.com/Schedule/GameCenter/Main.aspx?gameDate=20230407&gameId=20230407OBHT0
2023-04-07,2023,4,삼성,LG,away,2,7,L,0,1,0,-5,잠실,20230407SSLG0,https://www.koreabaseball.com/Schedule/GameCenter/Main.aspx?gameDate=20230407&gameId=20230407SSLG0
2023-04-08,2023,4,KIA,두산,home,7,6,W,1,0,0,1,광주,20230408OBHT0,https://www.koreabaseball.com/Schedule/GameCenter/Main.aspx?gameDate=20230408&gameId=20230408OBHT0
2023-04-08,2023,4,삼성,LG,away,1,2,L,0,1,0,-1,잠실,20230408SSLG0,https://www.koreabaseball.com/Schedule/GameCenter/Main.aspx?gameDate=20230408&gameId=20230408SSLG0
2023-04-09,2023,4,KIA,두산,home,2,3,L,0,1,0,-1,광주,20230409OBHT0,https://www.koreabaseball.com/Schedule/GameCenter/Main.aspx?gameDate=20230409&gameId=20230409OBHT0
2023-04-09,2023,4,삼성,LG,away,2,3,L,0,1,0,-1,잠실,20230409SSLG0,https://www.koreabaseball.com/Schedule/GameCenter/Main.aspx?gameDate=20230409&gameId=20230409SSLG0
2023-04-11,2023,4,KIA,한화,home,4,5,L,0,1,0,-1,광주,20230411HHHT0,https://www.koreabaseball.com/Schedule/GameCenter/Main.aspx?gameDate=20230411&gameId=20230411HHHT0
2023-04-11,2023,4,삼성,SSG,home,4,5,L,0,1,0,-1,대구,20230411SKSS0,https://www.koreabaseball.com/Schedule/GameCenter/Main.aspx?gameDate=20230411&gameId=20230411SKSS0
2023-04-12,2023,4,KIA,한화,home,2,0,W,1,0,0,2,광주,20230412HHHT0,https://www.koreabaseball.com/Schedule/GameCenter/Main.aspx?gameDate=20230412&gameId=20230412HHHT0
2023-04-12,2023,4,삼성,SSG,home,0,3,L,0,1,0,-3,대구,20230412SKSS0,https://www.koreabaseball.com/Schedule/GameCenter/Main.aspx?gameDate=20230412&gameId=20230412SKSS0
2023-04-13,2023,4,KIA,한화,home,1,5,L,0,1,0,-4,광주,20230413HHHT0,https://www.koreabaseball.com/Schedule/GameCenter/Main.aspx?gameDate=20230413&gameId=20230413HHHT0
2023-04-13,2023,4,삼성,SSG,home,11,9,W,1,0,0,2,대구,20230413SKSS0,https://www.koreabaseball.com/Schedule/GameCenter/Main.aspx?gameDate=20230413&gameId=20230413SKSS0
2023-04-14,2023,4,KIA,키움,away,2,9,L,0,1,0,-7,고척,20230414HTWO0,https://www.koreabaseball.com/Schedule/GameCenter/Main.aspx?gameDate=20230414&gameId=20230414HTWO0
2023-04-14,2023,4,삼성,롯데,home,9,7,W,1,0,0,2,대구,20230414LTSS0,https://www.koreabaseball.com/Schedule/GameCenter/Main.aspx?gameDate=20230414&gameId=20230414LTSS0
2023-04-15,2023,4,KIA,키움,away,1,6,L,0,1,0,-5,고척,20230415HTWO0,https://www.koreabaseball.com/Schedule/GameCenter/Main.aspx?gameDate=20230415&gameId=20230415HTWO0
2023-04-15,2023,4,삼성,롯데,home,5,9,L,0,1,0,-4,대구,20230415LTSS0,https://www.koreabaseball.com/Schedule/GameCenter/Main.aspx?gameDate=20230415&gameId=20230415LTSS0
2023-04-16,2023,4,KIA,키움,away,0,2,L,0,1,0,-2,고척,20230416HTWO0,https://www.koreabaseball.com/Schedule/GameCenter/Main.aspx?gameDate=20230416&gameId=20230416HTWO0
2023-04-16,2023,4,삼성,롯데,home,9,1,W,1,0,0,8,대구,20230416LTSS0,https://www.koreabaseball.com/Schedule/GameCenter/Main.aspx?gameDate=20230416&gameId=20230416LTSS0
2023-04-18,2023,4,KIA,롯데,away,5,7,L,0,1,0,-2,사직,20230418HTLT0,https://www.koreabaseball.com/Schedule/GameCenter/Main.aspx?gameDate=20230418&gameId=20230418HTLT0
2023-04-18,2023,4,삼성,키움,away,6,4,W,1,0,0,2,고척,20230418SSWO0,https://www.koreabaseball.com/Schedule/GameCenter/Main.aspx?gameDate=20230418&gameId=20230418SSWO0
2023-04-19,2023,4,KIA,롯데,away,6,0,W,1,0,0,6,사직,20230419HTLT0,https://www.koreabaseball.com/Schedule/GameCenter/Main.aspx?gameDate=20230419&gameId=20230419HTLT0
2023-04-19,2023,4,삼성,키움,away,9,5,W,1,0,0,4,고척,20230419SSWO0,https://www.koreabaseball.com/Schedule/GameCenter/Main.aspx?gameDate=20230419&gameId=20230419SSWO0
2023-04-20,2023,4,KIA,롯데,away,3,5,L,0,1,0,-2,사직,20230420HTLT0,https://www.koreabaseball.com/Schedule/GameCenter/Main.aspx?gameDate=20230420&gameId=20230420HTLT0
2023-04-20,2023,4,삼성,키움,away,1,6,L,0,1,0,-5,고척,20230420SSWO0,https://www.koreabaseball.com/Schedule/GameCenter/Main.aspx?gameDate=20230420&gameId=20230420SSWO0
2023-04-21,2023,4,KIA,삼성,home,5,4,W,1,0,0,1,광주,20230421SSHT0,https://www.koreabaseball.com/Schedule/GameCenter/Main.aspx?gameDate=20230421&gameId=20230421SSHT0
2023-04-21,2023,4,삼성,KIA,away,4,5,L,0,1,0,-1,광주,20230421SSHT0,https://www.koreabaseball.com/Schedule/GameCenter/Main.aspx?gameDate=20230421&gameId=20230421SSHT0
2023-04-22,2023,4,KIA,삼성,home,6,2,W,1,0,0,4,광주,20230422SSHT0,https://www.koreabaseball.com/Schedule/GameCenter/Main.aspx?gameDate=20230422&gameId=20230422SSHT0
2023-04-22,2023,4,삼성,KIA,away,2,6,L,0,1,0,-4,광주,20230422SSHT0,https://www.koreabaseball.com/Schedule/GameCenter/Main.aspx?gameDate=20230422&gameId=20230422SSHT0
2023-04-23,2023,4,KIA,삼성,home,5,3,W,1,0,0,2,광주,20230423SSHT0,https://www.koreabaseball.com/Schedule/GameCenter/Main.aspx?gameDate=20230423&gameId=20230423SSHT0
2023-04-23,2023,4,삼성,KIA,away,3,5,L,0,1,0,-2,광주,20230423SSHT0,https://www.koreabaseball.com/Schedule/GameCenter/Main.aspx?gameDate=20230423&gameId=20230423SSHT0
2023-04-25,2023,4,KIA,NC,home,0,6,L,0,1,0,-6,광주,20230425NCHT0,https://www.koreabaseball.com/Schedule/GameCenter/Main.aspx?gameDate=20230425&gameId=20230425NCHT0
2023-04-26,2023,4,KIA,NC,home,6,0,W,1,0,0,6,광주,20230426NCHT0,https://www.koreabaseball.com/Schedule/GameCenter/Main.aspx?gameDate=20230426&gameId=20230426NCHT0
2023-04-26,2023,4,삼성,두산,home,1,0,W,1,0,0,1,대구,20230426OBSS0,https://www.koreabaseball.com/Schedule/GameCenter/Main.aspx?gameDate=20230426&gameId=20230426OBSS0
2023-04-27,2023,4,KIA,NC,home,5,0,W,1,0,0,5,광주,20230427NCHT0,https://www.koreabaseball.com/Schedule/GameCenter/Main.aspx?gameDate=20230427&gameId=20230427NCHT0
2023-04-27,2023,4,삼성,두산,home,7,6,W,1,0,0,1,대구,20230427OBSS0,https://www.koreabaseball.com/Schedule/GameCenter/Main.aspx?gameDate=20230427&gameId=20230427OBSS0
2023-04-28,2023,4,KIA,LG,away,4,3,W,1,0,0,1,잠실,20230428HTLG0,https://www.koreabaseball.com/Schedule/GameCenter/Main.aspx?gameDate=20230428&gameId=20230428HTLG0
2023-04-28,2023,4,삼성,KT,away,10,9,W,1,0,0,1,수원,20230428SSKT0,https://www.koreabaseball.com/Schedule/GameCenter/Main.aspx?gameDate=20230428&gameId=20230428SSKT0
2023-04-29,2023,4,KIA,LG,away,6,3,W,1,0,0,3,잠실,20230429HTLG0,https://www.koreabaseball.com/Schedule/GameCenter/Main.aspx?gameDate=20230429&gameId=20230429HTLG0
2023-04-29,2023,4,삼성,KT,away,3,2,W,1,0,0,1,수원,20230429SSKT0,https://www.koreabaseball.com/Schedule/GameCenter/Main.aspx?gameDate=20230429&gameId=20230429SSKT0
2023-04-30,2023,4,KIA,LG,away,12,8,W,1,0,0,4,잠실,20230430HTLG0,https://www.koreabaseball.com/Schedule/GameCenter/Main.aspx?gameDate=20230430&gameId=20230430HTLG0
2023-04-30,2023,4,삼성,KT,away,1,0,W,1,0,0,1,수원,20230430SSKT0,https://www.koreabaseball.com/Schedule/GameCenter/Main.aspx?gameDate=20230430&gameId=20230430SSKT0
2023-05-02,2023,5,KIA,롯데,home,4,7,L,0,1,0,-3,광주,20230502LTHT0,https://www.koreabaseball.com/Schedule/GameCenter/Main.aspx?gameDate=20230502&gameId=20230502LTHT0
2023-05-02,2023,5,삼성,키움,home,0,4,L,0,1,0,-4,대구,20230502WOSS0,https://www.koreabaseball.com/Schedule/GameCenter/Main.aspx?gameDate=20230502&gameId=20230502WOSS0
2023-05-03,2023,5,KIA,롯데,home,10,2,W,1,0,0,8,광주,20230503LTHT0,https://www.koreabaseball.com/Schedule/GameCenter/Main.aspx?gameDate=20230503&gameId=20230503LTHT0
2023-05-03,2023,5,삼성,키움,home,1,4,L,0,1,0,-3,대구,20230503WOSS0,https://www.koreabaseball.com/Schedule/GameCenter/Main.aspx?gameDate=20230503&gameId=20230503WOSS0
2023-05-04,2023,5,삼성,키움,home,14,1,W,1,0,0,13,대구,20230504WOSS0,https://www.koreabaseball.com/Schedule/GameCenter/Main.aspx?gameDate=20230504&gameId=20230504WOSS0
2023-05-09,2023,5,KIA,SSG,home,3,0,W,1,0,0,3,광주,20230509SKHT0,https://www.koreabaseball.com/Schedule/GameCenter/Main.aspx?gameDate=20230509&gameId=20230509SKHT0
2023-05-09,2023,5,삼성,한화,away,9,1,W,1,0,0,8,한밭,20230509SSHH0,https://www.koreabaseball.com/Schedule/GameCenter/Main.aspx?gameDate=20230509&gameId=20230509SSHH0
2023-05-10,2023,5,KIA,SSG,home,3,5,L,0,1,0,-2,광주,20230510SKHT0,https://www.koreabaseball.com/Schedule/GameCenter/Main.aspx?gameDate=20230510&gameId=20230510SKHT0
2023-05-10,2023,5,삼성,한화,away,1,5,L,0,1,0,-4,한밭,20230510SSHH0,https://www.koreabaseball.com/Schedule/GameCenter/Main.aspx?gameDate=20230510&gameId=20230510SSHH0
2023-05-11,2023,5,KIA,SSG,home,3,5,L,0,1,0,-2,광주,20230511SKHT0,https://www.koreabaseball.com/Schedule/GameCenter/Main.aspx?gameDate=20230511&gameId=20230511SKHT0
2023-05-11,2023,5,삼성,한화,away,0,4,L,0,1,0,-4,한밭,20230511SSHH0,https://www.koreabaseball.com/Schedule/GameCenter/Main.aspx?gameDate=20230511&gameId=20230511SSHH0
2023-05-12,2023,5,KIA,두산,away,1,6,L,0,1,0,-5,잠실,20230512HTOB0,https://www.koreabaseball.com/Schedule/GameCenter/Main.aspx?gameDate=20230512&gameId=20230512HTOB0
2023-05-12,2023,5,삼성,LG,home,4,0,W,1,0,0,4,대구,20230512LGSS0,https://www.koreabaseball.com/Schedule/GameCenter/Main.aspx?gameDate=20230512&gameId=20230512LGSS0
2023-05-13,2023,5,KIA,두산,away,1,5,L,0,1,0,-4,잠실,20230513HTOB0,https://www.koreabaseball.com/Schedule/GameCenter/Main.aspx?gameDate=20230513&gameId=20230513HTOB0
2023-05-13,2023,5,삼성,LG,home,4,7,L,0,1,0,-3,대구,20230513LGSS0,https://www.koreabaseball.com/Schedule/GameCenter/Main.aspx?gameDate=20230513&gameId=20230513LGSS0
2023-05-14,2023,5,KIA,두산,away,4,8,L,0,1,0,-4,잠실,20230514HTOB0,https://www.koreabaseball.com/Schedule/GameCenter/Main.aspx?gameDate=20230514&gameId=20230514HTOB0
2023-05-14,2023,5,삼성,LG,home,5,8,L,0,1,0,-3,대구,20230514LGSS0,https://www.koreabaseball.com/Schedule/GameCenter/Main.aspx?gameDate=20230514&gameId=20230514LGSS0
2023-05-16,2023,5,KIA,삼성,away,8,2,W,1,0,0,6,대구,20230516HTSS0,https://www.koreabaseball.com/Schedule/GameCenter/Main.aspx?gameDate=20230516&gameId=20230516HTSS0
2023-05-16,2023,5,삼성,KIA,home,2,8,L,0,1,0,-6,대구,20230516HTSS0,https://www.koreabaseball.com/Schedule/GameCenter/Main.aspx?gameDate=20230516&gameId=20230516HTSS0
2023-05-17,2023,5,KIA,삼성,away,7,6,W,1,0,0,1,대구,20230517HTSS0,https://www.koreabaseball.com/Schedule/GameCenter/Main.aspx?gameDate=20230517&gameId=20230517HTSS0
2023-05-17,2023,5,삼성,KIA,home,6,7,L,0,1,0,-1,대구,20230517HTSS0,https://www.koreabaseball.com/Schedule/GameCenter/Main.aspx?gameDate=20230517&gameId=20230517HTSS0
2023-05-19,2023,5,삼성,NC,away,5,4,W,1,0,0,1,창원,20230519SSNC0,https://www.koreabaseball.com/Schedule/GameCenter/Main.aspx?gameDate=20230519&gameId=20230519SSNC0
2023-05-19,2023,5,KIA,키움,home,10,1,W,1,0,0,9,광주,20230519WOHT0,https://www.koreabaseball.com/Schedule/GameCenter/Main.aspx?gameDate=20230519&gameId=20230519WOHT0
2023-05-20,2023,5,삼성,NC,away,3,14,L,0,1,0,-11,창원,20230520SSNC0,https://www.koreabaseball.com/Schedule/GameCenter/Main.aspx?gameDate=20230520&gameId=20230520SSNC0
2023-05-20,2023,5,KIA,키움,home,3,2,W,1,0,0,1,광주,20230520WOHT0,https://www.koreabaseball.com/Schedule/GameCenter/Main.aspx?gameDate=20230520&gameId=20230520WOHT0
2023-05-21,2023,5,삼성,NC,away,2,1,W,1,0,0,1,창원,20230521SSNC0,https://www.koreabaseball.com/Schedule/GameCenter/Main.aspx?gameDate=20230521&gameId=20230521SSNC0
2023-05-21,2023,5,KIA,키움,home,0,1,L,0,1,0,-1,광주,20230521WOHT0,https://www.koreabaseball.com/Schedule/GameCenter/Main.aspx?gameDate=20230521&gameId=20230521WOHT0
2023-05-23,2023,5,KIA,한화,away,5,9,L,0,1,0,-4,한밭,20230523HTHH0,https://www.koreabaseball.com/Schedule/GameCenter/Main.aspx?gameDate=20230523&gameId=20230523HTHH0
2023-05-23,2023,5,삼성,두산,away,5,7,L,0,1,0,-2,잠실,20230523SSOB0,https://www.koreabaseball.com/Schedule/GameCenter/Main.aspx?gameDate=20230523&gameId=20230523SSOB0
2023-05-24,2023,5,KIA,한화,away,4,2,W,1,0,0,2,한밭,20230524HTHH0,https://www.koreabaseball.com/Schedule/GameCenter/Main.aspx?gameDate=20230524&gameId=20230524HTHH0
2023-05-24,2023,5,삼성,두산,away,6,1,W,1,0,0,5,잠실,20230524SSOB0,https://www.koreabaseball.com/Schedule/GameCenter/Main.aspx?gameDate=20230524&gameId=20230524SSOB0
2023-05-25,2023,5,KIA,한화,away,3,4,L,0,1,0,-1,한밭,20230525HTHH0,https://www.koreabaseball.com/Schedule/GameCenter/Main.aspx?gameDate=20230525&gameId=20230525HTHH0
2023-05-25,2023,5,삼성,두산,away,3,4,L,0,1,0,-1,잠실,20230525SSOB0,https://www.koreabaseball.com/Schedule/GameCenter/Main.aspx?gameDate=20230525&gameId=20230525SSOB0
2023-05-26,2023,5,삼성,KT,home,1,4,L,0,1,0,-3,대구,20230526KTSS0,https://www.koreabaseball.com/Schedule/GameCenter/Main.aspx?gameDate=20230526&gameId=20230526KTSS0
2023-05-26,2023,5,KIA,LG,home,3,5,L,0,1,0,-2,광주,20230526LGHT0,https://www.koreabaseball.com/Schedule/GameCenter/Main.aspx?gameDate=20230526&gameId=20230526LGHT0
2023-05-27,2023,5,삼성,KT,home,2,5,L,0,1,0,-3,대구,20230527KTSS0,https://www.koreabaseball.com/Schedule/GameCenter/Main.aspx?gameDate=20230527&gameId=20230527KTSS0
2023-05-27,2023,5,KIA,LG,home,6,3,W,1,0,0,3,광주,20230527LGHT0,https://www.koreabaseball.com/Schedule/GameCenter/Main.aspx?gameDate=20230527&gameId=20230527LGHT0
2023-05-28,2023,5,삼성,KT,home,6,4,W,1,0,0,2,대구,20230528KTSS0,https://www.koreabaseball.com/Schedule/GameCenter/Main.aspx?gameDate=20230528&gameId=20230528KTSS0
2023-05-28,2023,5,KIA,LG,home,1,7,L,0,1,0,-6,광주,20230528LGHT0,https://www.koreabaseball.com/Schedule/GameCenter/Main.aspx?gameDate=20230528&gameId=20230528LGHT0
2023-05-30,2023,5,KIA,KT,home,6,1,W,1,0,0,5,광주,20230530KTHT0,https://www.koreabaseball.com/Schedule/GameCenter/Main.aspx?gameDate=20230530&gameId=20230530KTHT0
2023-05-30,2023,5,삼성,SSG,away,2,3,L,0,1,0,-1,문학,20230530SSSK0,https://www.koreabaseball.com/Schedule/GameCenter/Main.aspx?gameDate=20230530&gameId=20230530SSSK0
2023-05-31,2023,5,KIA,KT,home,7,1,W,1,0,0,6,광주,20230531KTHT0,https://www.koreabaseball.com/Schedule/GameCenter/Main.aspx?gameDate=20230531&gameId=20230531KTHT0
2023-05-31,2023,5,삼성,SSG,away,3,2,W,1,0,0,1,문학,20230531SSSK0,https://www.koreabaseball.com/Schedule/GameCenter/Main.aspx?gameDate=20230531&gameId=20230531SSSK0
2023-06-01,2023,6,삼성,SSG,away,2,14,L,0,1,0,-12,문학,20230601SSSK0,https://www.koreabaseball.com/Schedule/GameCenter/Main.aspx?gameDate=20230601&gameId=20230601SSSK0
2023-06-02,2023,6,KIA,롯데,away,2,14,L,0,1,0,-12,사직,20230602HTLT0,https://www.koreabaseball.com/Schedule/GameCenter/Main.aspx?gameDate=20230602&gameId=20230602HTLT0
2023-06-02,2023,6,삼성,한화,away,8,7,W,1,0,0,1,한밭,20230602SSHH0,https://www.koreabaseball.com/Schedule/GameCenter/Main.aspx?gameDate=20230602&gameId=20230602SSHH0
2023-06-03,2023,6,KIA,롯데,away,5,6,L,0,1,0,-1,사직,20230603HTLT0,https://www.koreabaseball.com/Schedule/GameCenter/Main.aspx?gameDate=20230603&gameId=20230603HTLT0
2023-06-03,2023,6,삼성,한화,away,7,2,W,1,0,0,5,한밭,20230603SSHH0,https://www.koreabaseball.com/Schedule/GameCenter/Main.aspx?gameDate=20230603&gameId=20230603SSHH0
2023-06-04,2023,6,KIA,롯데,away,6,0,W,1,0,0,6,사직,20230604HTLT0,https://www.koreabaseball.com/Schedule/GameCenter/Main.aspx?gameDate=20230604&gameId=20230604HTLT0
2023-06-04,2023,6,삼성,한화,away,5,10,L,0,1,0,-5,한밭,20230604SSHH0,https://www.koreabaseball.com/Schedule/GameCenter/Main.aspx?gameDate=20230604&gameId=20230604SSHH0
2023-06-06,2023,6,삼성,NC,home,9,6,W,1,0,0,3,대구,20230606NCSS0,https://www.koreabaseball.com/Schedule/GameCenter/Main.aspx?gameDate=20230606&gameId=20230606NCSS0
2023-06-06,2023,6,KIA,SSG,home,1,2,L,0,1,0,-1,광주,20230606SKHT0,https://www.koreabaseball.com/Schedule/GameCenter/Main.aspx?gameDate=20230606&gameId=20230606SKHT0
2023-06-07,2023,6,삼성,NC,home,0,4,L,0,1,0,-4,대구,20230607NCSS0,https://www.koreabaseball.com/Schedule/GameCenter/Main.aspx?gameDate=20230607&gameId=20230607NCSS0
2023-06-07,2023,6,KIA,SSG,home,8,9,L,0,1,0,-1,광주,20230607SKHT0,https://www.koreabaseball.com/Schedule/GameCenter/Main.aspx?gameDate=20230607&gameId=20230607SKHT0
2023-06-08,2023,6,삼성,NC,home,1,7,L,0,1,0,-6,대구,20230608NCSS0,https://www.koreabaseball.com/Schedule/GameCenter/Main.aspx?gameDate=20230608&gameId=20230608NCSS0
2023-06-08,2023,6,KIA,SSG,home,4,5,L,0,1,0,-1,광주,20230608SKHT0,https://www.koreabaseball.com/Schedule/GameCenter/Main.aspx?gameDate=20230608&gameId=20230608SKHT0
2023-06-09,2023,6,KIA,두산,away,7,3,W,1,0,0,4,잠실,20230609HTOB0,https://www.koreabaseball.com/Schedule/GameCenter/Main.aspx?gameDate=20230609&gameId=20230609HTOB0
2023-06-09,2023,6,삼성,롯데,home,1,5,L,0,1,0,-4,대구,20230609LTSS0,https://www.koreabaseball.com/Schedule/GameCenter/Main.aspx?gameDate=20230609&gameId=20230609LTSS0
2023-06-10,2023,6,KIA,두산,away,6,3,W,1,0,0,3,잠실,20230610HTOB0,https://www.koreabaseball.com/Schedule/GameCenter/Main.aspx?gameDate=20230610&gameId=20230610HTOB0
2023-06-10,2023,6,삼성,롯데,home,9,7,W,1,0,0,2,대구,20230610LTSS0,https://www.koreabaseball.com/Schedule/GameCenter/Main.aspx?gameDate=20230610&gameId=20230610LTSS0
2023-06-11,2023,6,KIA,두산,away,2,3,L,0,1,0,-1,잠실,20230611HTOB0,https://www.koreabaseball.com/Schedule/GameCenter/Main.aspx?gameDate=20230611&gameId=20230611HTOB0
2023-06-11,2023,6,삼성,롯데,home,6,4,W,1,0,0,2,대구,20230611LTSS0,https://www.koreabaseball.com/Schedule/GameCenter/Main.aspx?gameDate=20230611&gameId=20230611LTSS0
2023-06-13,2023,6,KIA,키움,away,0,1,L,0,1,0,-1,고척,20230613HTWO0,https://www.koreabaseball.com/Schedule/GameCenter/Main.aspx?gameDate=20230613&gameId=20230613HTWO0
2023-06-13,2023,6,삼성,LG,away,1,2,L,0,1,0,-1,잠실,20230613SSLG0,https://www.koreabaseball.com/Schedule/GameCenter/Main.aspx?gameDate=20230613&gameId=20230613SSLG0
2023-06-14,2023,6,KIA,키움,away,1,2,L,0,1,0,-1,고척,20230614HTWO0,https://www.koreabaseball.com/Schedule/GameCenter/Main.aspx?gameDate=20230614&gameId=20230614HTWO0
2023-06-14,2023,6,삼성,LG,away,2,3,L,0,1,0,-1,잠실,20230614SSLG0,https://www.koreabaseball.com/Schedule/GameCenter/Main.aspx?gameDate=20230614&gameId=20230614SSLG0
2023-06-15,2023,6,KIA,키움,away,8,4,W,1,0,0,4,고척,20230615HTWO0,https://www.koreabaseball.com/Schedule/GameCenter/Main.aspx?gameDate=20230615&gameId=20230615HTWO0
2023-06-15,2023,6,삼성,LG,away,3,9,L,0,1,0,-6,잠실,20230615SSLG0,https://www.koreabaseball.com/Schedule/GameCenter/Main.aspx?gameDate=20230615&gameId=20230615SSLG0
2023-06-16,2023,6,KIA,NC,home,13,11,W,1,0,0,2,광주,20230616NCHT0,https://www.koreabaseball.com/Schedule/GameCenter/Main.aspx?gameDate=20230616&gameId=20230616NCHT0
2023-06-16,2023,6,삼성,KT,away,6,7,L,0,1,0,-1,수원,20230616SSKT0,https://www.koreabaseball.com/Schedule/GameCenter/Main.aspx?gameDate=20230616&gameId=20230616SSKT0
2023-06-17,2023,6,KIA,NC,home,7,10,L,0,1,0,-3,광주,20230617NCHT0,https://www.koreabaseball.com/Schedule/GameCenter/Main.aspx?gameDate=20230617&gameId=20230617NCHT0
2023-06-17,2023,6,삼성,KT,away,5,6,L,0,1,0,-1,수원,20230617SSKT0,https://www.koreabaseball.com/Schedule/GameCenter/Main.aspx?gameDate=20230617&gameId=20230617SSKT0
2023-06-18,2023,6,KIA,NC,home,7,7,D,0,0,1,0,광주,20230618NCHT0,https://www.koreabaseball.com/Schedule/GameCenter/Main.aspx?gameDate=20230618&gameId=20230618NCHT0
2023-06-18,2023,6,삼성,KT,away,7,5,W,1,0,0,2,수원,20230618SSKT0,https://www.koreabaseball.com/Schedule/GameCenter/Main.aspx?gameDate=20230618&gameId=20230618SSKT0
2023-06-20,2023,6,KIA,한화,away,6,4,W,1,0,0,2,한밭,20230620HTHH0,https://www.koreabaseball.com/Schedule/GameCenter/Main.aspx?gameDate=20230620&gameId=20230620HTHH0
2023-06-20,2023,6,삼성,키움,home,2,7,L,0,1,0,-5,대구,20230620WOSS0,https://www.koreabaseball.com/Schedule/GameCenter/Main.aspx?gameDate=20230620&gameId=20230620WOSS0
2023-06-21,2023,6,KIA,한화,away,4,7,L,0,1,0,-3,한밭,20230621HTHH0,https://www.koreabaseball.com/Schedule/GameCenter/Main.aspx?gameDate=20230621&gameId=20230621HTHH0
2023-06-21,2023,6,삼성,키움,home,0,2,L,0,1,0,-2,대구,20230621WOSS0,https://www.koreabaseball.com/Schedule/GameCenter/Main.aspx?gameDate=20230621&gameId=20230621WOSS0
2023-06-22,2023,6,KIA,한화,away,0,1,L,0,1,0,-1,한밭,20230622HTHH0,https://www.koreabaseball.com/Schedule/GameCenter/Main.aspx?gameDate=20230622&gameId=20230622HTHH0
2023-06-22,2023,6,삼성,키움,home,1,2,L,0,1,0,-1,대구,20230622WOSS0,https://www.koreabaseball.com/Schedule/GameCenter/Main.aspx?gameDate=20230622&gameId=20230622WOSS0
2023-06-23,2023,6,KIA,KT,home,3,10,L,0,1,0,-7,광주,20230623KTHT0,https://www.koreabaseball.com/Schedule/GameCenter/Main.aspx?gameDate=20230623&gameId=20230623KTHT0
2023-06-23,2023,6,삼성,SSG,away,0,6,L,0,1,0,-6,문학,20230623SSSK0,https://www.koreabaseball.com/Schedule/GameCenter/Main.aspx?gameDate=20230623&gameId=20230623SSSK0
2023-06-24,2023,6,KIA,KT,home,4,1,W,1,0,0,3,광주,20230624KTHT0,https://www.koreabaseball.com/Schedule/GameCenter/Main.aspx?gameDate=20230624&gameId=20230624KTHT0
2023-06-24,2023,6,삼성,SSG,away,10,13,L,0,1,0,-3,문학,20230624SSSK0,https://www.koreabaseball.com/Schedule/GameCenter/Main.aspx?gameDate=20230624&gameId=20230624SSSK0
2023-06-25,2023,6,삼성,SSG,away,5,2,W,1,0,0,3,문학,20230625SSSK0,https://www.koreabaseball.com/Schedule/GameCenter/Main.aspx?gameDate=20230625&gameId=20230625SSSK0
2023-06-27,2023,6,삼성,롯데,away,3,5,L,0,1,0,-2,사직,20230627SSLT0,https://www.koreabaseball.com/Schedule/GameCenter/Main.aspx?gameDate=20230627&gameId=20230627SSLT0
2023-06-27,2023,6,KIA,키움,home,1,8,L,0,1,0,-7,광주,20230627WOHT0,https://www.koreabaseball.com/Schedule/GameCenter/Main.aspx?gameDate=20230627&gameId=20230627WOHT0
2023-06-28,2023,6,삼성,롯데,away,6,9,L,0,1,0,-3,사직,20230628SSLT0,https://www.koreabaseball.com/Schedule/GameCenter/Main.aspx?gameDate=20230628&gameId=20230628SSLT0
2023-06-28,2023,6,KIA,키움,home,5,7,L,0,1,0,-2,광주,20230628WOHT0,https://www.koreabaseball.com/Schedule/GameCenter/Main.aspx?gameDate=20230628&gameId=20230628WOHT0
2023-06-30,2023,6,삼성,한화,home,1,6,L,0,1,0,-5,대구,20230630HHSS0,https://www.koreabaseball.com/Schedule/GameCenter/Main.aspx?gameDate=20230630&gameId=20230630HHSS0
2023-06-30,2023,6,KIA,LG,away,4,5,L,0,1,0,-1,잠실,20230630HTLG0,https://www.koreabaseball.com/Schedule/GameCenter/Main.aspx?gameDate=20230630&gameId=20230630HTLG0
2023-07-01,2023,7,삼성,한화,home,4,10,L,0,1,0,-6,대구,20230701HHSS0,https://www.koreabaseball.com/Schedule/GameCenter/Main.aspx?gameDate=20230701&gameId=20230701HHSS0
2023-07-01,2023,7,KIA,LG,away,5,3,W,1,0,0,2,잠실,20230701HTLG0,https://www.koreabaseball.com/Schedule/GameCenter/Main.aspx?gameDate=20230701&gameId=20230701HTLG0
2023-07-02,2023,7,삼성,한화,home,2,1,W,1,0,0,1,대구,20230702HHSS0,https://www.koreabaseball.com/Schedule/GameCenter/Main.aspx?gameDate=20230702&gameId=20230702HHSS0
2023-07-02,2023,7,KIA,LG,away,1,3,L,0,1,0,-2,잠실,20230702HTLG0,https://www.koreabaseball.com/Schedule/GameCenter/Main.aspx?gameDate=20230702&gameId=20230702HTLG0
2023-07-04,2023,7,삼성,두산,home,3,5,L,0,1,0,-2,포항,20230704OBSS0,https://www.koreabaseball.com/Schedule/GameCenter/Main.aspx?gameDate=20230704&gameId=20230704OBSS0
2023-07-05,2023,7,KIA,SSG,away,17,3,W,1,0,0,14,문학,20230705HTSK0,https://www.koreabaseball.com/Schedule/GameCenter/Main.aspx?gameDate=20230705&gameId=20230705HTSK0
2023-07-05,2023,7,삼성,두산,home,4,7,L,0,1,0,-3,포항,20230705OBSS0,https://www.koreabaseball.com/Schedule/GameCenter/Main.aspx?gameDate=20230705&gameId=20230705OBSS0
2023-07-06,2023,7,KIA,SSG,away,7,6,W,1,0,0,1,문학,20230706HTSK0,https://www.koreabaseball.com/Schedule/GameCenter/Main.aspx?gameDate=20230706&gameId=20230706HTSK0
2023-07-06,2023,7,삼성,두산,home,1,5,L,0,1,0,-4,포항,20230706OBSS0,https://www.koreabaseball.com/Schedule/GameCenter/Main.aspx?gameDate=20230706&gameId=20230706OBSS0
2023-07-07,2023,7,KIA,KT,away,6,2,W,1,0,0,4,수원,20230707HTKT0,https://www.koreabaseball.com/Schedule/GameCenter/Main.aspx?gameDate=20230707&gameId=20230707HTKT0
2023-07-08,2023,7,KIA,KT,away,7,0,W,1,0,0,7,수원,20230708HTKT0,https://www.koreabaseball.com/Schedule/GameCenter/Main.aspx?gameDate=20230708&gameId=20230708HTKT0
2023-07-08,2023,7,삼성,NC,away,8,0,W,1,0,0,8,창원,20230708SSNC0,https://www.koreabaseball.com/Schedule/GameCenter/Main.aspx?gameDate=20230708&gameId=20230708SSNC0
2023-07-09,2023,7,KIA,KT,away,5,1,W,1,0,0,4,수원,20230709HTKT0,https://www.koreabaseball.com/Schedule/GameCenter/Main.aspx?gameDate=20230709&gameId=20230709HTKT0
2023-07-09,2023,7,삼성,NC,away,7,0,W,1,0,0,7,창원,20230709SSNC0,https://www.koreabaseball.com/Schedule/GameCenter/Main.aspx?gameDate=20230709&gameId=20230709SSNC0
2023-07-12,2023,7,KIA,삼성,home,3,2,W,1,0,0,1,광주,20230712SSHT0,https://www.koreabaseball.com/Schedule/GameCenter/Main.aspx?gameDate=20230712&gameId=20230712SSHT0
2023-07-12,2023,7,삼성,KIA,away,2,3,L,0,1,0,-1,광주,20230712SSHT0,https://www.koreabaseball.com/Schedule/GameCenter/Main.aspx?gameDate=20230712&gameId=20230712SSHT0
2023-07-13,2023,7,KIA,삼성,home,1,4,L,0,1,0,-3,광주,20230713SSHT0,https://www.koreabaseball.com/Schedule/GameCenter/Main.aspx?gameDate=20230713&gameId=20230713SSHT0
2023-07-13,2023,7,삼성,KIA,away,4,1,W,1,0,0,3,광주,20230713SSHT0,https://www.koreabaseball.com/Schedule/GameCenter/Main.aspx?gameDate=20230713&gameId=20230713SSHT0
2023-07-21,2023,7,삼성,KT,home,2,7,L,0,1,0,-5,대구,20230721KTSS0,https://www.koreabaseball.com/Schedule/GameCenter/Main.aspx?gameDate=20230721&gameId=20230721KTSS0
2023-07-21,2023,7,KIA,두산,home,2,5,L,0,1,0,-3,광주,20230721OBHT0,https://www.koreabaseball.com/Schedule/GameCenter/Main.aspx?gameDate=20230721&gameId=20230721OBHT0
2023-07-22,2023,7,삼성,KT,home,5,2,W,1,0,0,3,대구,20230722KTSS0,https://www.koreabaseball.com/Schedule/GameCenter/Main.aspx?gameDate=20230722&gameId=20230722KTSS0
2023-07-23,2023,7,삼성,KT,home,7,8,L,0,1,0,-1,대구,20230723KTSS0,https://www.koreabaseball.com/Schedule/GameCenter/Main.aspx?gameDate=20230723&gameId=20230723KTSS0
2023-07-25,2023,7,KIA,NC,away,3,5,L,0,1,0,-2,창원,20230725HTNC0,https://www.koreabaseball.com/Schedule/GameCenter/Main.aspx?gameDate=20230725&gameId=20230725HTNC0
2023-07-25,2023,7,삼성,SSG,home,5,1,W,1,0,0,4,대구,20230725SKSS0,https://www.koreabaseball.com/Schedule/GameCenter/Main.aspx?gameDate=20230725&gameId=20230725SKSS0
2023-07-26,2023,7,KIA,NC,away,13,3,W,1,0,0,10,창원,20230726HTNC0,https://www.koreabaseball.com/Schedule/GameCenter/Main.aspx?gameDate=20230726&gameId=20230726HTNC0
2023-07-26,2023,7,삼성,SSG,home,7,8,L,0,1,0,-1,대구,20230726SKSS0,https://www.koreabaseball.com/Schedule/GameCenter/Main.aspx?gameDate=20230726&gameId=20230726SKSS0
2023-07-27,2023,7,KIA,NC,away,0,4,L,0,1,0,-4,창원,20230727HTNC0,https://www.koreabaseball.com/Schedule/GameCenter/Main.aspx?gameDate=20230727&gameId=20230727HTNC0
2023-07-27,2023,7,삼성,SSG,home,6,5,W,1,0,0,1,대구,20230727SKSS0,https://www.koreabaseball.com/Schedule/GameCenter/Main.aspx?gameDate=20230727&gameId=20230727SKSS0
2023-07-28,2023,7,KIA,롯데,home,6,5,W,1,0,0,1,광주,20230728LTHT0,https://www.koreabaseball.com/Schedule/GameCenter/Main.aspx?gameDate=20230728&gameId=20230728LTHT0
2023-07-28,2023,7,삼성,키움,away,5,5,D,0,0,1,0,고척,20230728SSWO0,https://www.koreabaseball.com/Schedule/GameCenter/Main.aspx?gameDate=20230728&gameId=20230728SSWO0
2023-07-29,2023,7,KIA,롯데,home,4,1,W,1,0,0,3,광주,20230729LTHT0,https://www.koreabaseball.com/Schedule/GameCenter/Main.aspx?gameDate=20230729&gameId=20230729LTHT0
2023-07-29,2023,7,삼성,키움,away,7,2,W,1,0,0,5,고척,20230729SSWO0,https://www.koreabaseball.com/Schedule/GameCenter/Main.aspx?gameDate=20230729&gameId=20230729SSWO0
2023-07-30,2023,7,KIA,롯데,home,6,3,W,1,0,0,3,광주,20230730LTHT0,https://www.koreabaseball.com/Schedule/GameCenter/Main.aspx?gameDate=20230730&gameId=20230730LTHT0
2023-07-30,2023,7,삼성,키움,away,10,6,W,1,0,0,4,고척,20230730SSWO0,https://www.koreabaseball.com/Schedule/GameCenter/Main.aspx?gameDate=20230730&gameId=20230730SSWO0
2023-08-01,2023,8,KIA,삼성,away,11,8,W,1,0,0,3,포항,20230801HTSS0,https://www.koreabaseball.com/Schedule/GameCenter/Main.aspx?gameDate=20230801&gameId=20230801HTSS0
2023-08-01,2023,8,삼성,KIA,home,8,11,L,0,1,0,-3,포항,20230801HTSS0,https://www.koreabaseball.com/Schedule/GameCenter/Main.aspx?gameDate=20230801&gameId=20230801HTSS0
2023-08-02,2023,8,KIA,삼성,away,6,7,L,0,1,0,-1,포항,20230802HTSS0,https://www.koreabaseball.com/Schedule/GameCenter/Main.aspx?gameDate=20230802&gameId=20230802HTSS0
2023-08-02,2023,8,삼성,KIA,home,7,6,W,1,0,0,1,포항,20230802HTSS0,https://www.koreabaseball.com/Schedule/GameCenter/Main.aspx?gameDate=20230802&gameId=20230802HTSS0
2023-08-03,2023,8,KIA,삼성,away,12,8,W,1,0,0,4,포항,20230803HTSS0,https://www.koreabaseball.com/Schedule/GameCenter/Main.aspx?gameDate=20230803&gameId=20230803HTSS0
2023-08-03,2023,8,삼성,KIA,home,8,12,L,0,1,0,-4,포항,20230803HTSS0,https://www.koreabaseball.com/Schedule/GameCenter/Main.aspx?gameDate=20230803&gameId=20230803HTSS0
2023-08-04,2023,8,KIA,한화,home,9,3,W,1,0,0,6,광주,20230804HHHT0,https://www.koreabaseball.com/Schedule/GameCenter/Main.aspx?gameDate=20230804&gameId=20230804HHHT0
2023-08-04,2023,8,삼성,LG,home,5,4,W,1,0,0,1,대구,20230804LGSS0,https://www.koreabaseball.com/Schedule/GameCenter/Main.aspx?gameDate=20230804&gameId=20230804LGSS0
2023-08-05,2023,8,KIA,한화,home,9,3,W,1,0,0,6,광주,20230805HHHT0,https://www.koreabaseball.com/Schedule/GameCenter/Main.aspx?gameDate=20230805&gameId=20230805HHHT0
2023-08-05,2023,8,삼성,LG,home,6,3,W,1,0,0,3,대구,20230805LGSS0,https://www.koreabaseball.com/Schedule/GameCenter/Main.aspx?gameDate=20230805&gameId=20230805LGSS0
2023-08-06,2023,8,KIA,한화,home,4,4,D,0,0,1,0,광주,20230806HHHT0,https://www.koreabaseball.com/Schedule/GameCenter/Main.aspx?gameDate=20230806&gameId=20230806HHHT0
2023-08-06,2023,8,삼성,LG,home,4,7,L,0,1,0,-3,대구,20230806LGSS0,https://www.koreabaseball.com/Schedule/GameCenter/Main.aspx?gameDate=20230806&gameId=20230806LGSS0
2023-08-08,2023,8,삼성,두산,away,3,5,L,0,1,0,-2,잠실,20230808SSOB0,https://www.koreabaseball.com/Schedule/GameCenter/Main.aspx?gameDate=20230808&gameId=20230808SSOB0
2023-08-09,2023,8,KIA,LG,home,2,6,L,0,1,0,-4,광주,20230809LGHT0,https://www.koreabaseball.com/Schedule/GameCenter/Main.aspx?gameDate=20230809&gameId=20230809LGHT0
2023-08-09,2023,8,삼성,두산,away,6,4,W,1,0,0,2,잠실,20230809SSOB0,https://www.koreabaseball.com/Schedule/GameCenter/Main.aspx?gameDate=20230809&gameId=20230809SSOB0
2023-08-11,2023,8,KIA,롯데,away,1,7,L,0,1,0,-6,사직,20230811HTLT0,https://www.koreabaseball.com/Schedule/GameCenter/Main.aspx?gameDate=20230811&gameId=20230811HTLT0
2023-08-11,2023,8,삼성,SSG,away,5,4,W,1,0,0,1,문학,20230811SSSK0,https://www.koreabaseball.com/Schedule/GameCenter/Main.aspx?gameDate=20230811&gameId=20230811SSSK0
2023-08-12,2023,8,KIA,롯데,away,13,5,W,1,0,0,8,사직,20230812HTLT0,https://www.koreabaseball.com/Schedule/GameCenter/Main.aspx?gameDate=20230812&gameId=20230812HTLT0
2023-08-12,2023,8,삼성,SSG,away,2,3,L,0,1,0,-1,문학,20230812SSSK0,https://www.koreabaseball.com/Schedule/GameCenter/Main.aspx?gameDate=20230812&gameId=20230812SSSK0
2023-08-13,2023,8,KIA,롯데,away,1,6,L,0,1,0,-5,사직,20230813HTLT0,https://www.koreabaseball.com/Schedule/GameCenter/Main.aspx?gameDate=20230813&gameId=20230813HTLT0
2023-08-13,2023,8,삼성,SSG,away,0,4,L,0,1,0,-4,문학,20230813SSSK0,https://www.koreabaseball.com/Schedule/GameCenter/Main.aspx?gameDate=20230813&gameId=20230813SSSK0
2023-08-15,2023,8,삼성,LG,home,6,5,W,1,0,0,1,대구,20230815LGSS0,https://www.koreabaseball.com/Schedule/GameCenter/Main.aspx?gameDate=20230815&gameId=20230815LGSS0
2023-08-15,2023,8,KIA,키움,home,6,9,L,0,1,0,-3,광주,20230815WOHT0,https://www.koreabaseball.com/Schedule/GameCenter/Main.aspx?gameDate=20230815&gameId=20230815WOHT0
2023-08-16,2023,8,삼성,LG,home,3,6,L,0,1,0,-3,대구,20230816LGSS0,https://www.koreabaseball.com/Schedule/GameCenter/Main.aspx?gameDate=20230816&gameId=20230816LGSS0
2023-08-16,2023,8,KIA,키움,home,11,3,W,1,0,0,8,광주,20230816WOHT0,https://www.koreabaseball.com/Schedule/GameCenter/Main.aspx?gameDate=20230816&gameId=20230816WOHT0
2023-08-17,2023,8,삼성,LG,home,4,2,W,1,0,0,2,대구,20230817LGSS0,https://www.koreabaseball.com/Schedule/GameCenter/Main.aspx?gameDate=20230817&gameId=20230817LGSS0
2023-08-17,2023,8,KIA,키움,home,8,4,W,1,0,0,4,광주,20230817WOHT0,https://www.koreabaseball.com/Schedule/GameCenter/Main.aspx?gameDate=20230817&gameId=20230817WOHT0
2023-08-18,2023,8,KIA,삼성,away,2,12,L,0,1,0,-10,대구,20230818HTSS0,https://www.koreabaseball.com/Schedule/GameCenter/Main.aspx?gameDate=20230818&gameId=20230818HTSS0
2023-08-18,2023,8,삼성,KIA,home,12,2,W,1,0,0,10,대구,20230818HTSS0,https://www.koreabaseball.com/Schedule/GameCenter/Main.aspx?gameDate=20230818&gameId=20230818HTSS0
2023-08-19,2023,8,KIA,삼성,away,6,5,W,1,0,0,1,대구,20230819HTSS0,https://www.koreabaseball.com/Schedule/GameCenter/Main.aspx?gameDate=20230819&gameId=20230819HTSS0
2023-08-19,2023,8,삼성,KIA,home,5,6,L,0,1,0,-1,대구,20230819HTSS0,https://www.koreabaseball.com/Schedule/GameCenter/Main.aspx?gameDate=20230819&gameId=20230819HTSS0
2023-08-20,2023,8,KIA,삼성,away,4,6,L,0,1,0,-2,대구,20230820HTSS0,https://www.koreabaseball.com/Schedule/GameCenter/Main.aspx?gameDate=20230820&gameId=20230820HTSS0
2023-08-20,2023,8,삼성,KIA,home,6,4,W,1,0,0,2,대구,20230820HTSS0,https://www.koreabaseball.com/Schedule/GameCenter/Main.aspx?gameDate=20230820&gameId=20230820HTSS0
2023-08-22,2023,8,KIA,KT,away,4,8,L,0,1,0,-4,수원,20230822HTKT0,https://www.koreabaseball.com/Schedule/GameCenter/Main.aspx?gameDate=20230822&gameId=20230822HTKT0
2023-08-22,2023,8,삼성,한화,away,5,3,W,1,0,0,2,한밭,20230822SSHH0,https://www.koreabaseball.com/Schedule/GameCenter/Main.aspx?gameDate=20230822&gameId=20230822SSHH0
2023-08-24,2023,8,KIA,KT,away,7,3,W,1,0,0,4,수원,20230824HTKT0,https://www.koreabaseball.com/Schedule/GameCenter/Main.aspx?gameDate=20230824&gameId=20230824HTKT0
2023-08-25,2023,8,KIA,한화,home,4,1,W,1,0,0,3,광주,20230825HHHT0,https://www.koreabaseball.com/Schedule/GameCenter/Main.aspx?gameDate=20230825&gameId=20230825HHHT0
2023-08-25,2023,8,삼성,키움,home,4,7,L,0,1,0,-3,대구,20230825WOSS0,https://www.koreabaseball.com/Schedule/GameCenter/Main.aspx?gameDate=20230825&gameId=20230825WOSS0
2023-08-26,2023,8,KIA,한화,home,12,4,W,1,0,0,8,광주,20230826HHHT0,https://www.koreabaseball.com/Schedule/GameCenter/Main.aspx?gameDate=20230826&gameId=20230826HHHT0
2023-08-26,2023,8,삼성,키움,home,6,5,W,1,0,0,1,대구,20230826WOSS0,https://www.koreabaseball.com/Schedule/GameCenter/Main.aspx?gameDate=20230826&gameId=20230826WOSS0
2023-08-27,2023,8,KIA,한화,home,5,2,W,1,0,0,3,광주,20230827HHHT0,https://www.koreabaseball.com/Schedule/GameCenter/Main.aspx?gameDate=20230827&gameId=20230827HHHT0
2023-08-27,2023,8,삼성,키움,home,8,6,W,1,0,0,2,대구,20230827WOSS0,https://www.koreabaseball.com/Schedule/GameCenter/Main.aspx?gameDate=20230827&gameId=20230827WOSS0
2023-08-31,2023,8,KIA,NC,home,13,3,W,1,0,0,10,광주,20230831NCHT0,https://www.koreabaseball.com/Schedule/GameCenter/Main.aspx?gameDate=20230831&gameId=20230831NCHT0
2023-08-31,2023,8,삼성,KT,away,4,6,L,0,1,0,-2,수원,20230831SSKT0,https://www.koreabaseball.com/Schedule/GameCenter/Main.aspx?gameDate=20230831&gameId=20230831SSKT0
2023-09-01,2023,9,KIA,SSG,away,10,2,W,1,0,0,8,문학,20230901HTSK0,https://www.koreabaseball.com/Schedule/GameCenter/Main.aspx?gameDate=20230901&gameId=20230901HTSK0
2023-09-01,2023,9,삼성,NC,home,0,10,L,0,1,0,-10,대구,20230901NCSS0,https://www.koreabaseball.com/Schedule/GameCenter/Main.aspx?gameDate=20230901&gameId=20230901NCSS0
2023-09-02,2023,9,KIA,SSG,away,12,4,W,1,0,0,8,문학,20230902HTSK0,https://www.koreabaseball.com/Schedule/GameCenter/Main.aspx?gameDate=20230902&gameId=20230902HTSK0
2023-09-02,2023,9,삼성,NC,home,1,5,L,0,1,0,-4,대구,20230902NCSS0,https://www.koreabaseball.com/Schedule/GameCenter/Main.aspx?gameDate=20230902&gameId=20230902NCSS0
2023-09-03,2023,9,KIA,SSG,away,8,6,W,1,0,0,2,문학,20230903HTSK0,https://www.koreabaseball.com/Schedule/GameCenter/Main.aspx?gameDate=20230903&gameId=20230903HTSK0
2023-09-03,2023,9,삼성,NC,home,6,1,W,1,0,0,5,대구,20230903NCSS0,https://www.koreabaseball.com/Schedule/GameCenter/Main.aspx?gameDate=20230903&gameId=20230903NCSS0
2023-09-05,2023,9,삼성,롯데,away,3,10,L,0,1,0,-7,울산,20230905SSLT0,https://www.koreabaseball.com/Schedule/GameCenter/Main.aspx?gameDate=20230905&gameId=20230905SSLT0
2023-09-06,2023,9,KIA,두산,away,7,1,W,1,0,0,6,잠실,20230906HTOB0,https://www.koreabaseball.com/Schedule/GameCenter/Main.aspx?gameDate=20230906&gameId=20230906HTOB0
2023-09-06,2023,9,삼성,롯데,away,7,2,W,1,0,0,5,울산,20230906SSLT0,https://www.koreabaseball.com/Schedule/GameCenter/Main.aspx?gameDate=20230906&gameId=20230906SSLT0
2023-09-07,2023,9,KIA,두산,away,0,3,L,0,1,0,-3,잠실,20230907HTOB0,https://www.koreabaseball.com/Schedule/GameCenter/Main.aspx?gameDate=20230907&gameId=20230907HTOB0
2023-09-07,2023,9,삼성,롯데,away,1,2,L,0,1,0,-1,울산,20230907SSLT0,https://www.koreabaseball.com/Schedule/GameCenter/Main.aspx?gameDate=20230907&gameId=20230907SSLT0
2023-09-08,2023,9,KIA,LG,home,2,12,L,0,1,0,-10,광주,20230908LGHT0,https://www.koreabaseball.com/Schedule/GameCenter/Main.aspx?gameDate=20230908&gameId=20230908LGHT0
2023-09-08,2023,9,삼성,두산,away,7,8,L,0,1,0,-1,잠실,20230908SSOB0,https://www.koreabaseball.com/Schedule/GameCenter/Main.aspx?gameDate=20230908&gameId=20230908SSOB0
2023-09-09,2023,9,KIA,LG,home,7,6,W,1,0,0,1,광주,20230909LGHT1,https://www.koreabaseball.com/Schedule/GameCenter/Main.aspx?gameDate=20230909&gameId=20230909LGHT1
2023-09-09,2023,9,KIA,LG,home,12,7,W,1,0,0,5,광주,20230909LGHT2,https://www.koreabaseball.com/Schedule/GameCenter/Main.aspx?gameDate=20230909&gameId=20230909LGHT2
2023-09-09,2023,9,삼성,두산,away,5,1,W,1,0,0,4,잠실,20230909SSOB1,https://www.koreabaseball.com/Schedule/GameCenter/Main.aspx?gameDate=20230909&gameId=20230909SSOB1
2023-09-09,2023,9,삼성,두산,away,0,4,L,0,1,0,-4,잠실,20230909SSOB2,https://www.koreabaseball.com/Schedule/GameCenter/Main.aspx?gameDate=20230909&gameId=20230909SSOB2
2023-09-10,2023,9,KIA,LG,home,8,7,W,1,0,0,1,광주,20230910LGHT0,https://www.koreabaseball.com/Schedule/GameCenter/Main.aspx?gameDate=20230910&gameId=20230910LGHT0
2023-09-10,2023,9,삼성,두산,away,2,8,L,0,1,0,-6,잠실,20230910SSOB0,https://www.koreabaseball.com/Schedule/GameCenter/Main.aspx?gameDate=20230910&gameId=20230910SSOB0
2023-09-12,2023,9,KIA,삼성,away,9,10,L,0,1,0,-1,대구,20230912HTSS0,https://www.koreabaseball.com/Schedule/GameCenter/Main.aspx?gameDate=20230912&gameId=20230912HTSS0
2023-09-12,2023,9,삼성,KIA,home,10,9,W,1,0,0,1,대구,20230912HTSS0,https://www.koreabaseball.com/Schedule/GameCenter/Main.aspx?gameDate=20230912&gameId=20230912HTSS0
2023-09-13,2023,9,KIA,롯데,home,1,3,L,0,1,0,-2,광주,20230913LTHT0,https://www.koreabaseball.com/Schedule/GameCenter/Main.aspx?gameDate=20230913&gameId=20230913LTHT0
2023-09-14,2023,9,삼성,KT,home,10,4,W,1,0,0,6,대구,20230914KTSS0,https://www.koreabaseball.com/Schedule/GameCenter/Main.aspx?gameDate=20230914&gameId=20230914KTSS0
2023-09-15,2023,9,KIA,두산,home,6,8,L,0,1,0,-2,광주,20230915OBHT0,https://www.koreabaseball.com/Schedule/GameCenter/Main.aspx?gameDate=20230915&gameId=20230915OBHT0
2023-09-15,2023,9,삼성,NC,away,1,8,L,0,1,0,-7,창원,20230915SSNC0,https://www.koreabaseball.com/Schedule/GameCenter/Main.aspx?gameDate=20230915&gameId=20230915SSNC0
2023-09-17,2023,9,삼성,롯데,home,4,7,L,0,1,0,-3,대구,20230917LTSS0,https://www.koreabaseball.com/Schedule/GameCenter/Main.aspx?gameDate=20230917&gameId=20230917LTSS0
2023-09-17,2023,9,KIA,두산,home,3,8,L,0,1,0,-5,광주,20230917OBHT0,https://www.koreabaseball.com/Schedule/GameCenter/Main.aspx?gameDate=20230917&gameId=20230917OBHT0
2023-09-18,2023,9,KIA,두산,home,4,8,L,0,1,0,-4,광주,20230918OBHT0,https://www.koreabaseball.com/Schedule/GameCenter/Main.aspx?gameDate=20230918&gameId=20230918OBHT0
2023-09-19,2023,9,KIA,LG,home,3,4,L,0,1,0,-1,광주,20230919LGHT0,https://www.koreabaseball.com/Schedule/GameCenter/Main.aspx?gameDate=20230919&gameId=20230919LGHT0
2023-09-19,2023,9,삼성,KT,away,1,7,L,0,1,0,-6,수원,20230919SSKT0,https://www.koreabaseball.com/Schedule/GameCenter/Main.aspx?gameDate=20230919&gameId=20230919SSKT0
2023-09-21,2023,9,KIA,한화,away,8,14,L,0,1,0,-6,한밭,20230921HTHH0,https://www.koreabaseball.com/Schedule/GameCenter/Main.aspx?gameDate=20230921&gameId=20230921HTHH0
2023-09-21,2023,9,삼성,두산,home,1,5,L,0,1,0,-4,대구,20230921OBSS0,https://www.koreabaseball.com/Schedule/GameCenter/Main.aspx?gameDate=20230921&gameId=20230921OBSS0
2023-09-22,2023,9,KIA,KT,home,2,1,W,1,0,0,1,광주,20230922KTHT0,https://www.koreabaseball.com/Schedule/GameCenter/Main.aspx?gameDate=20230922&gameId=20230922KTHT0
2023-09-22,2023,9,삼성,두산,home,1,3,L,0,1,0,-2,대구,20230922OBSS0,https://www.koreabaseball.com/Schedule/GameCenter/Main.aspx?gameDate=20230922&gameId=20230922OBSS0
2023-09-23,2023,9,KIA,KT,home,1,4,L,0,1,0,-3,광주,20230923KTHT0,https://www.koreabaseball.com/Schedule/GameCenter/Main.aspx?gameDate=20230923&gameId=20230923KTHT0
2023-09-24,2023,9,KIA,KT,home,2,3,L,0,1,0,-1,광주,20230924KTHT0,https://www.koreabaseball.com/Schedule/GameCenter/Main.aspx?gameDate=20230924&gameId=20230924KTHT0
2023-09-26,2023,9,KIA,NC,away,6,4,W,1,0,0,2,창원,20230926HTNC0,https://www.koreabaseball.com/Schedule/GameCenter/Main.aspx?gameDate=20230926&gameId=20230926HTNC0
2023-09-27,2023,9,KIA,NC,away,0,7,L,0,1,0,-7,창원,20230927HTNC1,https://www.koreabaseball.com/Schedule/GameCenter/Main.aspx?gameDate=20230927&gameId=20230927HTNC1
2023-09-27,2023,9,KIA,NC,away,6,1,W,1,0,0,5,창원,20230927HTNC2,https://www.koreabaseball.com/Schedule/GameCenter/Main.aspx?gameDate=20230927&gameId=20230927HTNC2
2023-09-27,2023,9,삼성,한화,away,11,3,W,1,0,0,8,한밭,20230927SSHH1,https://www.koreabaseball.com/Schedule/GameCenter/Main.aspx?gameDate=20230927&gameId=20230927SSHH1
2023-09-27,2023,9,삼성,한화,away,0,4,L,0,1,0,-4,한밭,20230927SSHH2,https://www.koreabaseball.com/Schedule/GameCenter/Main.aspx?gameDate=20230927&gameId=20230927SSHH2
2023-09-28,2023,9,KIA,NC,away,3,18,L,0,1,0,-15,창원,20230928HTNC0,https://www.koreabaseball.com/Schedule/GameCenter/Main.aspx?gameDate=20230928&gameId=20230928HTNC0
2023-09-28,2023,9,삼성,LG,away,11,1,W,1,0,0,10,잠실,20230928SSLG0,https://www.koreabaseball.com/Schedule/GameCenter/Main.aspx?gameDate=20230928&gameId=20230928SSLG0
2023-09-29,2023,9,KIA,키움,away,13,5,W,1,0,0,8,고척,20230929HTWO0,https://www.koreabaseball.com/Schedule/GameCenter/Main.aspx?gameDate=20230929&gameId=20230929HTWO0
2023-09-30,2023,9,KIA,SSG,away,3,4,L,0,1,0,-1,문학,20230930HTSK0,https://www.koreabaseball.com/Schedule/GameCenter/Main.aspx?gameDate=20230930&gameId=20230930HTSK0
2023-09-30,2023,9,삼성,NC,home,3,1,W,1,0,0,2,대구,20230930NCSS0,https://www.koreabaseball.com/Schedule/GameCenter/Main.aspx?gameDate=20230930&gameId=20230930NCSS0
2023-10-01,2023,10,KIA,SSG,away,5,6,L,0,1,0,-1,문학,20231001HTSK0,https://www.koreabaseball.com/Schedule/GameCenter/Main.aspx?gameDate=20231001&gameId=20231001HTSK0
2023-10-01,2023,10,삼성,롯데,away,5,8,L,0,1,0,-3,사직,20231001SSLT0,https://www.koreabaseball.com/Schedule/GameCenter/Main.aspx?gameDate=20231001&gameId=20231001SSLT0
2023-10-02,2023,10,삼성,롯데,away,9,8,W,1,0,0,1,사직,20231002SSLT1,https://www.koreabaseball.com/Schedule/GameCenter/Main.aspx?gameDate=20231002&gameId=20231002SSLT1
2023-10-02,2023,10,삼성,롯데,away,8,6,W,1,0,0,2,사직,20231002SSLT2,https://www.koreabaseball.com/Schedule/GameCenter/Main.aspx?gameDate=20231002&gameId=20231002SSLT2
2023-10-03,2023,10,KIA,KT,away,3,1,W,1,0,0,2,수원,20231003HTKT0,https://www.koreabaseball.com/Schedule/GameCenter/Main.aspx?gameDate=20231003&gameId=20231003HTKT0
2023-10-03,2023,10,삼성,롯데,away,4,10,L,0,1,0,-6,사직,20231003SSLT0,https://www.koreabaseball.com/Schedule/GameCenter/Main.aspx?gameDate=20231003&gameId=20231003SSLT0
2023-10-04,2023,10,삼성,한화,home,7,11,L,0,1,0,-4,대구,20231004HHSS0,https://www.koreabaseball.com/Schedule/GameCenter/Main.aspx?gameDate=20231004&gameId=20231004HHSS0
2023-10-04,2023,10,KIA,KT,away,10,2,W,1,0,0,8,수원,20231004HTKT1,https://www.koreabaseball.com/Schedule/GameCenter/Main.aspx?gameDate=20231004&gameId=20231004HTKT1
2023-10-04,2023,10,KIA,KT,away,2,3,L,0,1,0,-1,수원,20231004HTKT2,https://www.koreabaseball.com/Schedule/GameCenter/Main.aspx?gameDate=20231004&gameId=20231004HTKT2
2023-10-05,2023,10,삼성,한화,home,3,1,W,1,0,0,2,대구,20231005HHSS0,https://www.koreabaseball.com/Schedule/GameCenter/Main.aspx?gameDate=20231005&gameId=20231005HHSS0
2023-10-05,2023,10,KIA,KT,away,3,5,L,0,1,0,-2,수원,20231005HTKT0,https://www.koreabaseball.com/Schedule/GameCenter/Main.aspx?gameDate=20231005&gameId=20231005HTKT0
2023-10-06,2023,10,KIA,LG,away,3,2,W,1,0,0,1,잠실,20231006HTLG0,https://www.koreabaseball.com/Schedule/GameCenter/Main.aspx?gameDate=20231006&gameId=20231006HTLG0
2023-10-06,2023,10,삼성,KT,away,6,2,W,1,0,0,4,수원,20231006SSKT0,https://www.koreabaseball.com/Schedule/GameCenter/Main.aspx?gameDate=20231006&gameId=20231006SSKT0
2023-10-08,2023,10,KIA,삼성,home,2,1,W,1,0,0,1,광주,20231008SSHT0,https://www.koreabaseball.com/Schedule/GameCenter/Main.aspx?gameDate=20231008&gameId=20231008SSHT0
2023-10-08,2023,10,삼성,KIA,away,1,2,L,0,1,0,-1,광주,20231008SSHT0,https://www.koreabaseball.com/Schedule/GameCenter/Main.aspx?gameDate=20231008&gameId=20231008SSHT0
2023-10-09,2023,10,KIA,삼성,home,3,1,W,1,0,0,2,광주,20231009SSHT0,https://www.koreabaseball.com/Schedule/GameCenter/Main.aspx?gameDate=20231009&gameId=20231009SSHT0
2023-10-09,2023,10,삼성,KIA,away,1,3,L,0,1,0,-2,광주,20231009SSHT0,https://www.koreabaseball.com/Schedule/GameCenter/Main.aspx?gameDate=20231009&gameId=20231009SSHT0
2023-10-10,2023,10,KIA,SSG,home,5,6,L,0,1,0,-1,광주,20231010SKHT0,https://www.koreabaseball.com/Schedule/GameCenter/Main.aspx?gameDate=20231010&gameId=20231010SKHT0
2023-10-10,2023,10,삼성,키움,away,3,5,L,0,1,0,-2,고척,20231010SSWO0,https://www.koreabaseball.com/Schedule/GameCenter/Main.aspx?gameDate=20231010&gameId=20231010SSWO0
2023-10-11,2023,10,KIA,키움,home,11,0,W,1,0,0,11,광주,20231011WOHT0,https://www.koreabaseball.com/Schedule/GameCenter/Main.aspx?gameDate=20231011&gameId=20231011WOHT0
2023-10-12,2023,10,KIA,롯데,home,6,5,W,1,0,0,1,광주,20231012LTHT0,https://www.koreabaseball.com/Schedule/GameCenter/Main.aspx?gameDate=20231012&gameId=20231012LTHT0
2023-10-13,2023,10,KIA,두산,away,1,3,L,0,1,0,-2,잠실,20231013HTOB0,https://www.koreabaseball.com/Schedule/GameCenter/Main.aspx?gameDate=20231013&gameId=20231013HTOB0
2023-10-14,2023,10,삼성,SSG,home,5,3,W,1,0,0,2,대구,20231014SKSS0,https://www.koreabaseball.com/Schedule/GameCenter/Main.aspx?gameDate=20231014&gameId=20231014SKSS0
2023-10-15,2023,10,삼성,NC,away,3,5,L,0,1,0,-2,창원,20231015SSNC0,https://www.koreabaseball.com/Schedule/GameCenter/Main.aspx?gameDate=20231015&gameId=20231015SSNC0
2023-10-16,2023,10,KIA,NC,home,4,2,W,1,0,0,2,광주,20231016NCHT0,https://www.koreabaseball.com/Schedule/GameCenter/Main.aspx?gameDate=20231016&gameId=20231016NCHT0
2023-10-17,2023,10,KIA,NC,home,7,1,W,1,0,0,6,광주,20231017NCHT0,https://www.koreabaseball.com/Schedule/GameCenter/Main.aspx?gameDate=20231017&gameId=20231017NCHT0
2024-03-23,2024,3,삼성,KT,away,6,2,W,1,0,0,4,수원,20240323SSKT0,https://www.koreabaseball.com/Schedule/GameCenter/Main.aspx?gameDate=20240323&gameId=20240323SSKT0
2024-03-23,2024,3,KIA,키움,home,7,5,W,1,0,0,2,광주,20240323WOHT0,https://www.koreabaseball.com/Schedule/GameCenter/Main.aspx?gameDate=20240323&gameId=20240323WOHT0
2024-03-24,2024,3,삼성,KT,away,11,8,W,1,0,0,3,수원,20240324SSKT0,https://www.koreabaseball.com/Schedule/GameCenter/Main.aspx?gameDate=20240324&gameId=20240324SSKT0
2024-03-26,2024,3,KIA,롯데,home,2,1,W,1,0,0,1,광주,20240326LTHT0,https://www.koreabaseball.com/Schedule/GameCenter/Main.aspx?gameDate=20240326&gameId=20240326LTHT0
2024-03-26,2024,3,삼성,LG,away,3,4,L,0,1,0,-1,잠실,20240326SSLG0,https://www.koreabaseball.com/Schedule/GameCenter/Main.aspx?gameDate=20240326&gameId=20240326SSLG0
2024-03-27,2024,3,KIA,롯데,home,8,2,W,1,0,0,6,광주,20240327LTHT0,https://www.koreabaseball.com/Schedule/GameCenter/Main.aspx?gameDate=20240327&gameId=20240327LTHT0
2024-03-27,2024,3,삼성,LG,away,2,2,D,0,0,1,0,잠실,20240327SSLG0,https://www.koreabaseball.com/Schedule/GameCenter/Main.aspx?gameDate=20240327&gameId=20240327SSLG0
2024-03-28,2024,3,삼성,LG,away,1,18,L,0,1,0,-17,잠실,20240328SSLG0,https://www.koreabaseball.com/Schedule/GameCenter/Main.aspx?gameDate=20240328&gameId=20240328SSLG0
2024-03-29,2024,3,KIA,두산,away,4,2,W,1,0,0,2,잠실,20240329HTOB0,https://www.koreabaseball.com/Schedule/GameCenter/Main.aspx?gameDate=20240329&gameId=20240329HTOB0
2024-03-29,2024,3,삼성,SSG,home,4,6,L,0,1,0,-2,대구,20240329SKSS0,https://www.koreabaseball.com/Schedule/GameCenter/Main.aspx?gameDate=20240329&gameId=20240329SKSS0
2024-03-30,2024,3,KIA,두산,away,0,8,L,0,1,0,-8,잠실,20240330HTOB0,https://www.koreabaseball.com/Schedule/GameCenter/Main.aspx?gameDate=20240330&gameId=20240330HTOB0
2024-03-30,2024,3,삼성,SSG,home,6,9,L,0,1,0,-3,대구,20240330SKSS0,https://www.koreabaseball.com/Schedule/GameCenter/Main.aspx?gameDate=20240330&gameId=20240330SKSS0
2024-03-31,2024,3,KIA,두산,away,9,3,W,1,0,0,6,잠실,20240331HTOB0,https://www.koreabaseball.com/Schedule/GameCenter/Main.aspx?gameDate=20240331&gameId=20240331HTOB0
2024-03-31,2024,3,삼성,SSG,home,3,4,L,0,1,0,-1,대구,20240331SKSS0,https://www.koreabaseball.com/Schedule/GameCenter/Main.aspx?gameDate=20240331&gameId=20240331SKSS0
2024-04-02,2024,4,KIA,KT,away,6,10,L,0,1,0,-4,수원,20240402HTKT0,https://www.koreabaseball.com/Schedule/GameCenter/Main.aspx?gameDate=20240402&gameId=20240402HTKT0
2024-04-02,2024,4,삼성,키움,home,3,8,L,0,1,0,-5,대구,20240402WOSS0,https://www.koreabaseball.com/Schedule/GameCenter/Main.aspx?gameDate=20240402&gameId=20240402WOSS0
2024-04-03,2024,4,KIA,KT,away,5,1,W,1,0,0,4,수원,20240403HTKT0,https://www.koreabaseball.com/Schedule/GameCenter/Main.aspx?gameDate=20240403&gameId=20240403HTKT0
2024-04-04,2024,4,KIA,KT,away,6,3,W,1,0,0,3,수원,20240404HTKT0,https://www.koreabaseball.com/Schedule/GameCenter/Main.aspx?gameDate=20240404&gameId=20240404HTKT0
2024-04-04,2024,4,삼성,키움,home,1,10,L,0,1,0,-9,대구,20240404WOSS0,https://www.koreabaseball.com/Schedule/GameCenter/Main.aspx?gameDate=20240404&gameId=20240404WOSS0
2024-04-05,2024,4,KIA,삼성,home,5,2,W,1,0,0,3,광주,20240405SSHT0,https://www.koreabaseball.com/Schedule/GameCenter/Main.aspx?gameDate=20240405&gameId=20240405SSHT0
2024-04-05,2024,4,삼성,KIA,away,2,5,L,0,1,0,-3,광주,20240405SSHT0,https://www.koreabaseball.com/Schedule/GameCenter/Main.aspx?gameDate=20240405&gameId=20240405SSHT0
2024-04-06,2024,4,KIA,삼성,home,4,7,L,0,1,0,-3,광주,20240406SSHT0,https://www.koreabaseball.com/Schedule/GameCenter/Main.aspx?gameDate=20240406&gameId=20240406SSHT0
2024-04-06,2024,4,삼성,KIA,away,7,4,W,1,0,0,3,광주,20240406SSHT0,https://www.koreabaseball.com/Schedule/GameCenter/Main.aspx?gameDate=20240406&gameId=20240406SSHT0
2024-04-07,2024,4,KIA,삼성,home,3,7,L,0,1,0,-4,광주,20240407SSHT0,https://www.koreabaseball.com/Schedule/GameCenter/Main.aspx?gameDate=20240407&gameId=20240407SSHT0
2024-04-07,2024,4,삼성,KIA,away,7,3,W,1,0,0,4,광주,20240407SSHT0,https://www.koreabaseball.com/Schedule/GameCenter/Main.aspx?gameDate=20240407&gameId=20240407SSHT0
2024-04-09,2024,4,KIA,LG,home,7,2,W,1,0,0,5,광주,20240409LGHT0,https://www.koreabaseball.com/Schedule/GameCenter/Main.aspx?gameDate=20240409&gameId=20240409LGHT0
2024-04-09,2024,4,삼성,롯데,away,8,1,W,1,0,0,7,사직,20240409SSLT0,https://www.koreabaseball.com/Schedule/GameCenter/Main.aspx?gameDate=20240409&gameId=20240409SSLT0
2024-04-10,2024,4,KIA,LG,home,5,4,W,1,0,0,1,광주,20240410LGHT0,https://www.koreabaseball.com/Schedule/GameCenter/Main.aspx?gameDate=20240410&gameId=20240410LGHT0
2024-04-10,2024,4,삼성,롯데,away,10,7,W,1,0,0,3,사직,20240410SSLT0,https://www.koreabaseball.com/Schedule/GameCenter/Main.aspx?gameDate=20240410&gameId=20240410SSLT0
2024-04-11,2024,4,KIA,LG,home,8,4,W,1,0,0,4,광주,20240411LGHT0,https://www.koreabaseball.com/Schedule/GameCenter/Main.aspx?gameDate=20240411&gameId=20240411LGHT0
2024-04-11,2024,4,삼성,롯데,away,4,0,W,1,0,0,4,사직,20240411SSLT0,https://www.koreabaseball.com/Schedule/GameCenter/Main.aspx?gameDate=20240411&gameId=20240411SSLT0
2024-04-12,2024,4,KIA,한화,away,8,4,W,1,0,0,4,한밭,20240412HTHH0,https://www.koreabaseball.com/Schedule/GameCenter/Main.aspx?gameDate=20240412&gameId=20240412HTHH0
2024-04-12,2024,4,삼성,NC,home,3,8,L,0,1,0,-5,대구,20240412NCSS0,https://www.koreabaseball.com/Schedule/GameCenter/Main.aspx?gameDate=20240412&gameId=20240412NCSS0
2024-04-13,2024,4,KIA,한화,away,11,9,W,1,0,0,2,한밭,20240413HTHH0,https://www.koreabaseball.com/Schedule/GameCenter/Main.aspx?gameDate=20240413&gameId=20240413HTHH0
2024-04-13,2024,4,삼성,NC,home,3,4,L,0,1,0,-1,대구,20240413NCSS0,https://www.koreabaseball.com/Schedule/GameCenter/Main.aspx?gameDate=20240413&gameId=20240413NCSS0
2024-04-14,2024,4,KIA,한화,away,5,2,W,1,0,0,3,한밭,20240414HTHH0,https://www.koreabaseball.com/Schedule/GameCenter/Main.aspx?gameDate=20240414&gameId=20240414HTHH0
2024-04-14,2024,4,삼성,NC,home,12,5,W,1,0,0,7,대구,20240414NCSS0,https://www.koreabaseball.com/Schedule/GameCenter/Main.aspx?gameDate=20240414&gameId=20240414NCSS0
2024-04-16,2024,4,KIA,SSG,away,4,6,L,0,1,0,-2,문학,20240416HTSK0,https://www.koreabaseball.com/Schedule/GameCenter/Main.aspx?gameDate=20240416&gameId=20240416HTSK0
2024-04-16,2024,4,삼성,두산,home,7,5,W,1,0,0,2,대구,20240416OBSS0,https://www.koreabaseball.com/Schedule/GameCenter/Main.aspx?gameDate=20240416&gameId=20240416OBSS0
2024-04-17,2024,4,KIA,SSG,away,11,3,W,1,0,0,8,문학,20240417HTSK0,https://www.koreabaseball.com/Schedule/GameCenter/Main.aspx?gameDate=20240417&gameId=20240417HTSK0
2024-04-17,2024,4,삼성,두산,home,9,2,W,1,0,0,7,대구,20240417OBSS0,https://www.koreabaseball.com/Schedule/GameCenter/Main.aspx?gameDate=20240417&gameId=20240417OBSS0
2024-04-18,2024,4,KIA,SSG,away,5,7,L,0,1,0,-2,문학,20240418HTSK0,https://www.koreabaseball.com/Schedule/GameCenter/Main.aspx?gameDate=20240418&gameId=20240418HTSK0
2024-04-18,2024,4,삼성,두산,home,5,2,W,1,0,0,3,대구,20240418OBSS0,https://www.koreabaseball.com/Schedule/GameCenter/Main.aspx?gameDate=20240418&gameId=20240418OBSS0
2024-04-19,2024,4,KIA,NC,home,4,3,W,1,0,0,1,광주,20240419NCHT0,https://www.koreabaseball.com/Schedule/GameCenter/Main.aspx?gameDate=20240419&gameId=20240419NCHT0
2024-04-19,2024,4,삼성,한화,away,1,6,L,0,1,0,-5,한밭,20240419SSHH0,https://www.koreabaseball.com/Schedule/GameCenter/Main.aspx?gameDate=20240419&gameId=20240419SSHH0
2024-04-20,2024,4,KIA,NC,home,9,2,W,1,0,0,7,광주,20240420NCHT0,https://www.koreabaseball.com/Schedule/GameCenter/Main.aspx?gameDate=20240420&gameId=20240420NCHT0
2024-04-20,2024,4,삼성,한화,away,1,0,W,1,0,0,1,한밭,20240420SSHH0,https://www.koreabaseball.com/Schedule/GameCenter/Main.aspx?gameDate=20240420&gameId=20240420SSHH0
2024-04-21,2024,4,KIA,NC,home,4,15,L,0,1,0,-11,광주,20240421NCHT0,https://www.koreabaseball.com/Schedule/GameCenter/Main.aspx?gameDate=20240421&gameId=20240421NCHT0
2024-04-21,2024,4,삼성,한화,away,5,3,W,1,0,0,2,한밭,20240421SSHH0,https://www.koreabaseball.com/Schedule/GameCenter/Main.aspx?gameDate=20240421&gameId=20240421SSHH0
2024-04-23,2024,4,KIA,키움,away,5,2,W,1,0,0,3,고척,20240423HTWO0,https://www.koreabaseball.com/Schedule/GameCenter/Main.aspx?gameDate=20240423&gameId=20240423HTWO0
2024-04-23,2024,4,삼성,LG,home,7,3,W,1,0,0,4,대구,20240423LGSS0,https://www.koreabaseball.com/Schedule/GameCenter/Main.aspx?gameDate=20240423&gameId=20240423LGSS0
2024-04-24,2024,4,KIA,키움,away,6,4,W,1,0,0,2,고척,20240424HTWO0,https://www.koreabaseball.com/Schedule/GameCenter/Main.aspx?gameDate=20240424&gameId=20240424HTWO0
2024-04-24,2024,4,삼성,LG,home,6,0,W,1,0,0,6,대구,20240424LGSS0,https://www.koreabaseball.com/Schedule/GameCenter/Main.aspx?gameDate=20240424&gameId=20240424LGSS0
2024-04-25,2024,4,KIA,키움,away,13,2,W,1,0,0,11,고척,20240425HTWO0,https://www.koreabaseball.com/Schedule/GameCenter/Main.aspx?gameDate=20240425&gameId=20240425HTWO0
2024-04-25,2024,4,삼성,LG,home,2,8,L,0,1,0,-6,대구,20240425LGSS0,https://www.koreabaseball.com/Schedule/GameCenter/Main.aspx?gameDate=20240425&gameId=20240425LGSS0
2024-04-26,2024,4,KIA,LG,away,6,7,L,0,1,0,-1,잠실,20240426HTLG0,https://www.koreabaseball.com/Schedule/GameCenter/Main.aspx?gameDate=20240426&gameId=20240426HTLG0
2024-04-26,2024,4,삼성,키움,away,3,0,W,1,0,0,3,고척,20240426SSWO0,https://www.koreabaseball.com/Schedule/GameCenter/Main.aspx?gameDate=20240426&gameId=20240426SSWO0
2024-04-27,2024,4,KIA,LG,away,3,6,L,0,1,0,-3,잠실,20240427HTLG0,https://www.koreabaseball.com/Schedule/GameCenter/Main.aspx?gameDate=20240427&gameId=20240427HTLG0
2024-04-27,2024,4,삼성,키움,away,11,0,W,1,0,0,11,고척,20240427SSWO0,https://www.koreabaseball.com/Schedule/GameCenter/Main.aspx?gameDate=20240427&gameId=20240427SSWO0
2024-04-28,2024,4,KIA,LG,away,10,7,W,1,0,0,3,잠실,20240428HTLG0,https://www.koreabaseball.com/Schedule/GameCenter/Main.aspx?gameDate=20240428&gameId=20240428HTLG0
2024-04-28,2024,4,삼성,키움,away,11,6,W,1,0,0,5,고척,20240428SSWO0,https://www.koreabaseball.com/Schedule/GameCenter/Main.aspx?gameDate=20240428&gameId=20240428SSWO0
2024-04-30,2024,4,KIA,KT,home,4,11,L,0,1,0,-7,광주,20240430KTHT0,https://www.koreabaseball.com/Schedule/GameCenter/Main.aspx?gameDate=20240430&gameId=20240430KTHT0
2024-04-30,2024,4,삼성,두산,away,0,4,L,0,1,0,-4,잠실,20240430SSOB0,https://www.koreabaseball.com/Schedule/GameCenter/Main.aspx?gameDate=20240430&gameId=20240430SSOB0
2024-05-01,2024,5,KIA,KT,home,9,1,W,1,0,0,8,광주,20240501KTHT0,https://www.koreabaseball.com/Schedule/GameCenter/Main.aspx?gameDate=20240501&gameId=20240501KTHT0
2024-05-01,2024,5,삼성,두산,away,9,2,W,1,0,0,7,잠실,20240501SSOB0,https://www.koreabaseball.com/Schedule/GameCenter/Main.aspx?gameDate=20240501&gameId=20240501SSOB0
2024-05-02,2024,5,KIA,KT,home,5,12,L,0,1,0,-7,광주,20240502KTHT0,https://www.koreabaseball.com/Schedule/GameCenter/Main.aspx?gameDate=20240502&gameId=20240502KTHT0
2024-05-02,2024,5,삼성,두산,away,4,2,W,1,0,0,2,잠실,20240502SSOB0,https://www.koreabaseball.com/Schedule/GameCenter/Main.aspx?gameDate=20240502&gameId=20240502SSOB0
2024-05-03,2024,5,KIA,한화,home,2,4,L,0,1,0,-2,광주,20240503HHHT0,https://www.koreabaseball.com/Schedule/GameCenter/Main.aspx?gameDate=20240503&gameId=20240503HHHT0
2024-05-03,2024,5,삼성,롯데,home,7,8,L,0,1,0,-1,대구,20240503LTSS0,https://www.koreabaseball.com/Schedule/GameCenter/Main.aspx?gameDate=20240503&gameId=20240503LTSS0
2024-05-04,2024,5,KIA,한화,home,10,2,W,1,0,0,8,광주,20240504HHHT0,https://www.koreabaseball.com/Schedule/GameCenter/Main.aspx?gameDate=20240504&gameId=20240504HHHT0
2024-05-04,2024,5,삼성,롯데,home,2,9,L,0,1,0,-7,대구,20240504LTSS0,https://www.koreabaseball.com/Schedule/GameCenter/Main.aspx?gameDate=20240504&gameId=20240504LTSS0
2024-05-08,2024,5,KIA,삼성,away,4,2,W,1,0,0,2,대구,20240508HTSS0,https://www.koreabaseball.com/Schedule/GameCenter/Main.aspx?gameDate=20240508&gameId=20240508HTSS0
2024-05-08,2024,5,삼성,KIA,home,2,4,L,0,1,0,-2,대구,20240508HTSS0,https://www.koreabaseball.com/Schedule/GameCenter/Main.aspx?gameDate=20240508&gameId=20240508HTSS0
2024-05-09,2024,5,KIA,삼성,away,2,5,L,0,1,0,-3,대구,20240509HTSS0,https://www.koreabaseball.com/Schedule/GameCenter/Main.aspx?gameDate=20240509&gameId=20240509HTSS0
2024-05-09,2024,5,삼성,KIA,home,5,2,W,1,0,0,3,대구,20240509HTSS0,https://www.koreabaseball.com/Schedule/GameCenter/Main.aspx?gameDate=20240509&gameId=20240509HTSS0
2024-05-10,2024,5,KIA,SSG,home,2,4,L,0,1,0,-2,광주,20240510SKHT0,https://www.koreabaseball.com/Schedule/GameCenter/Main.aspx?gameDate=20240510&gameId=20240510SKHT0
2024-05-10,2024,5,삼성,NC,away,3,10,L,0,1,0,-7,창원,20240510SSNC0,https://www.koreabaseball.com/Schedule/GameCenter/Main.aspx?gameDate=20240510&gameId=20240510SSNC0
2024-05-11,2024,5,삼성,NC,away,3,2,W,1,0,0,1,창원,20240511SSNC0,https://www.koreabaseball.com/Schedule/GameCenter/Main.aspx?gameDate=20240511&gameId=20240511SSNC0
2024-05-12,2024,5,KIA,SSG,home,3,2,W,1,0,0,1,광주,20240512SKHT1,https://www.koreabaseball.com/Schedule/GameCenter/Main.aspx?gameDate=20240512&gameId=20240512SKHT1
2024-05-12,2024,5,KIA,SSG,home,6,10,L,0,1,0,-4,광주,20240512SKHT2,https://www.koreabaseball.com/Schedule/GameCenter/Main.aspx?gameDate=20240512&gameId=20240512SKHT2
2024-05-12,2024,5,삼성,NC,away,7,2,W,1,0,0,5,창원,20240512SSNC0,https://www.koreabaseball.com/Schedule/GameCenter/Main.aspx?gameDate=20240512&gameId=20240512SSNC0
2024-05-14,2024,5,KIA,두산,home,5,8,L,0,1,0,-3,광주,20240514OBHT0,https://www.koreabaseball.com/Schedule/GameCenter/Main.aspx?gameDate=20240514&gameId=20240514OBHT0
2024-05-14,2024,5,삼성,SSG,away,2,9,L,0,1,0,-7,문학,20240514SSSK0,https://www.koreabaseball.com/Schedule/GameCenter/Main.aspx?gameDate=20240514&gameId=20240514SSSK0
2024-05-15,2024,5,KIA,두산,home,8,4,W,1,0,0,4,광주,20240515OBHT0,https://www.koreabaseball.com/Schedule/GameCenter/Main.aspx?gameDate=20240515&gameId=20240515OBHT0
2024-05-16,2024,5,KIA,두산,home,7,7,D,0,0,1,0,광주,20240516OBHT0,https://www.koreabaseball.com/Schedule/GameCenter/Main.aspx?gameDate=20240516&gameId=20240516OBHT0
2024-05-16,2024,5,삼성,SSG,away,12,4,W,1,0,0,8,문학,20240516SSSK0,https://www.koreabaseball.com/Schedule/GameCenter/Main.aspx?gameDate=20240516&gameId=20240516SSSK0
2024-05-17,2024,5,삼성,한화,home,7,5,W,1,0,0,2,대구,20240517HHSS0,https://www.koreabaseball.com/Schedule/GameCenter/Main.aspx?gameDate=20240517&gameId=20240517HHSS0
2024-05-17,2024,5,KIA,NC,away,7,4,W,1,0,0,3,창원,20240517HTNC0,https://www.koreabaseball.com/Schedule/GameCenter/Main.aspx?gameDate=20240517&gameId=20240517HTNC0
2024-05-18,2024,5,삼성,한화,home,9,8,W,1,0,0,1,대구,20240518HHSS0,https://www.koreabaseball.com/Schedule/GameCenter/Main.aspx?gameDate=20240518&gameId=20240518HHSS0
2024-05-18,2024,5,KIA,NC,away,7,2,W,1,0,0,5,창원,20240518HTNC0,https://www.koreabaseball.com/Schedule/GameCenter/Main.aspx?gameDate=20240518&gameId=20240518HTNC0
2024-05-19,2024,5,삼성,한화,home,2,12,L,0,1,0,-10,대구,20240519HHSS0,https://www.koreabaseball.com/Schedule/GameCenter/Main.aspx?gameDate=20240519&gameId=20240519HHSS0
2024-05-19,2024,5,KIA,NC,away,2,1,W,1,0,0,1,창원,20240519HTNC0,https://www.koreabaseball.com/Schedule/GameCenter/Main.aspx?gameDate=20240519&gameId=20240519HTNC0
2024-05-21,2024,5,KIA,롯데,away,1,6,L,0,1,0,-5,사직,20240521HTLT0,https://www.koreabaseball.com/Schedule/GameCenter/Main.aspx?gameDate=20240521&gameId=20240521HTLT0
2024-05-21,2024,5,삼성,KT,home,5,8,L,0,1,0,-3,대구,20240521KTSS0,https://www.koreabaseball.com/Schedule/GameCenter/Main.aspx?gameDate=20240521&gameId=20240521KTSS0
2024-05-22,2024,5,KIA,롯데,away,2,4,L,0,1,0,-2,사직,20240522HTLT0,https://www.koreabaseball.com/Schedule/GameCenter/Main.aspx?gameDate=20240522&gameId=20240522HTLT0
2024-05-22,2024,5,삼성,KT,home,3,1,W,1,0,0,2,대구,20240522KTSS0,https://www.koreabaseball.com/Schedule/GameCenter/Main.aspx?gameDate=20240522&gameId=20240522KTSS0
2024-05-23,2024,5,KIA,롯데,away,6,10,L,0,1,0,-4,사직,20240523HTLT0,https://www.koreabaseball.com/Schedule/GameCenter/Main.aspx?gameDate=20240523&gameId=20240523HTLT0
2024-05-23,2024,5,삼성,KT,home,2,9,L,0,1,0,-7,대구,20240523KTSS0,https://www.koreabaseball.com/Schedule/GameCenter/Main.aspx?gameDate=20240523&gameId=20240523KTSS0
2024-05-24,2024,5,KIA,두산,home,5,7,L,0,1,0,-2,광주,20240524OBHT0,https://www.koreabaseball.com/Schedule/GameCenter/Main.aspx?gameDate=20240524&gameId=20240524OBHT0
2024-05-24,2024,5,삼성,롯데,away,11,5,W,1,0,0,6,사직,20240524SSLT0,https://www.koreabaseball.com/Schedule/GameCenter/Main.aspx?gameDate=20240524&gameId=20240524SSLT0
2024-05-25,2024,5,KIA,두산,home,6,2,W,1,0,0,4,광주,20240525OBHT0,https://www.koreabaseball.com/Schedule/GameCenter/Main.aspx?gameDate=20240525&gameId=20240525OBHT0
2024-05-25,2024,5,삼성,롯데,away,6,7,L,0,1,0,-1,사직,20240525SSLT0,https://www.koreabaseball.com/Schedule/GameCenter/Main.aspx?gameDate=20240525&gameId=20240525SSLT0
2024-05-26,2024,5,KIA,두산,home,5,2,W,1,0,0,3,광주,20240526OBHT0,https://www.koreabaseball.com/Schedule/GameCenter/Main.aspx?gameDate=20240526&gameId=20240526OBHT0
2024-05-26,2024,5,삼성,롯데,away,1,9,L,0,1,0,-8,사직,20240526SSLT0,https://www.koreabaseball.com/Schedule/GameCenter/Main.aspx?gameDate=20240526&gameId=20240526SSLT0
2024-05-28,2024,5,KIA,NC,away,11,8,W,1,0,0,3,창원,20240528HTNC0,https://www.koreabaseball.com/Schedule/GameCenter/Main.aspx?gameDate=20240528&gameId=20240528HTNC0
2024-05-28,2024,5,삼성,키움,home,3,4,L,0,1,0,-1,대구,20240528WOSS0,https://www.koreabaseball.com/Schedule/GameCenter/Main.aspx?gameDate=20240528&gameId=20240528WOSS0
2024-05-29,2024,5,KIA,NC,away,6,3,W,1,0,0,3,창원,20240529HTNC0,https://www.koreabaseball.com/Schedule/GameCenter/Main.aspx?gameDate=20240529&gameId=20240529HTNC0
2024-05-29,2024,5,삼성,키움,home,5,11,L,0,1,0,-6,대구,20240529WOSS0,https://www.koreabaseball.com/Schedule/GameCenter/Main.aspx?gameDate=20240529&gameId=20240529WOSS0
2024-05-30,2024,5,KIA,NC,away,11,2,W,1,0,0,9,창원,20240530HTNC0,https://www.koreabaseball.com/Schedule/GameCenter/Main.aspx?gameDate=20240530&gameId=20240530HTNC0
2024-05-30,2024,5,삼성,키움,home,4,2,W,1,0,0,2,대구,20240530WOSS0,https://www.koreabaseball.com/Schedule/GameCenter/Main.aspx?gameDate=20240530&gameId=20240530WOSS0
2024-05-31,2024,5,삼성,한화,home,8,6,W,1,0,0,2,대구,20240531HHSS0,https://www.koreabaseball.com/Schedule/GameCenter/Main.aspx?gameDate=20240531&gameId=20240531HHSS0
2024-05-31,2024,5,KIA,KT,home,5,8,L,0,1,0,-3,광주,20240531KTHT0,https://www.koreabaseball.com/Schedule/GameCenter/Main.aspx?gameDate=20240531&gameId=20240531KTHT0
2024-06-01,2024,6,삼성,한화,home,6,4,W,1,0,0,2,대구,20240601HHSS0,https://www.koreabaseball.com/Schedule/GameCenter/Main.aspx?gameDate=20240601&gameId=20240601HHSS0
2024-06-01,2024,6,KIA,KT,home,4,2,W,1,0,0,2,광주,20240601KTHT0,https://www.koreabaseball.com/Schedule/GameCenter/Main.aspx?gameDate=20240601&gameId=20240601KTHT0
2024-06-02,2024,6,삼성,한화,home,1,0,W,1,0,0,1,대구,20240602HHSS0,https://www.koreabaseball.com/Schedule/GameCenter/Main.aspx?gameDate=20240602&gameId=20240602HHSS0
2024-06-02,2024,6,KIA,KT,home,3,11,L,0,1,0,-8,광주,20240602KTHT0,https://www.koreabaseball.com/Schedule/GameCenter/Main.aspx?gameDate=20240602&gameId=20240602KTHT0
2024-06-04,2024,6,KIA,롯데,home,0,6,L,0,1,0,-6,광주,20240604LTHT0,https://www.koreabaseball.com/Schedule/GameCenter/Main.aspx?gameDate=20240604&gameId=20240604LTHT0
2024-06-04,2024,6,삼성,SSG,away,3,1,W,1,0,0,2,문학,20240604SSSK0,https://www.koreabaseball.com/Schedule/GameCenter/Main.aspx?gameDate=20240604&gameId=20240604SSSK0
2024-06-05,2024,6,KIA,롯데,home,3,9,L,0,1,0,-6,광주,20240605LTHT0,https://www.koreabaseball.com/Schedule/GameCenter/Main.aspx?gameDate=20240605&gameId=20240605LTHT0
2024-06-05,2024,6,삼성,SSG,away,3,7,L,0,1,0,-4,문학,20240605SSSK0,https://www.koreabaseball.com/Schedule/GameCenter/Main.aspx?gameDate=20240605&gameId=20240605SSSK0
2024-06-06,2024,6,KIA,롯데,home,5,4,W,1,0,0,1,광주,20240606LTHT0,https://www.koreabaseball.com/Schedule/GameCenter/Main.aspx?gameDate=20240606&gameId=20240606LTHT0
2024-06-06,2024,6,삼성,SSG,away,0,4,L,0,1,0,-4,문학,20240606SSSK0,https://www.koreabaseball.com/Schedule/GameCenter/Main.aspx?gameDate=20240606&gameId=20240606SSSK0
2024-06-07,2024,6,KIA,두산,away,5,6,L,0,1,0,-1,잠실,20240607HTOB0,https://www.koreabaseball.com/Schedule/GameCenter/Main.aspx?gameDate=20240607&gameId=20240607HTOB0
2024-06-07,2024,6,삼성,키움,away,5,7,L,0,1,0,-2,고척,20240607SSWO0,https://www.koreabaseball.com/Schedule/GameCenter/Main.aspx?gameDate=20240607&gameId=20240607SSWO0
2024-06-08,2024,6,KIA,두산,away,8,9,L,0,1,0,-1,잠실,20240608HTOB0,https://www.koreabaseball.com/Schedule/GameCenter/Main.aspx?gameDate=20240608&gameId=20240608HTOB0
2024-06-08,2024,6,삼성,키움,away,3,10,L,0,1,0,-7,고척,20240608SSWO0,https://www.koreabaseball.com/Schedule/GameCenter/Main.aspx?gameDate=20240608&gameId=20240608SSWO0
2024-06-09,2024,6,KIA,두산,away,8,2,W,1,0,0,6,잠실,20240609HTOB0,https://www.koreabaseball.com/Schedule/GameCenter/Main.aspx?gameDate=20240609&gameId=20240609HTOB0
2024-06-09,2024,6,삼성,키움,away,7,1,W,1,0,0,6,고척,20240609SSWO0,https://www.koreabaseball.com/Schedule/GameCenter/Main.aspx?gameDate=20240609&gameId=20240609SSWO0
2024-06-11,2024,6,KIA,SSG,away,6,7,L,0,1,0,-1,문학,20240611HTSK0,https://www.koreabaseball.com/Schedule/GameCenter/Main.aspx?gameDate=20240611&gameId=20240611HTSK0
2024-06-11,2024,6,삼성,LG,home,6,4,W,1,0,0,2,대구,20240611LGSS0,https://www.koreabaseball.com/Schedule/GameCenter/Main.aspx?gameDate=20240611&gameId=20240611LGSS0
2024-06-12,2024,6,KIA,SSG,away,13,7,W,1,0,0,6,문학,20240612HTSK0,https://www.koreabaseball.com/Schedule/GameCenter/Main.aspx?gameDate=20240612&gameId=20240612HTSK0
2024-06-12,2024,6,삼성,LG,home,5,4,W,1,0,0,1,대구,20240612LGSS0,https://www.koreabaseball.com/Schedule/GameCenter/Main.aspx?gameDate=20240612&gameId=20240612LGSS0
2024-06-13,2024,6,KIA,SSG,away,1,7,L,0,1,0,-6,문학,20240613HTSK0,https://www.koreabaseball.com/Schedule/GameCenter/Main.aspx?gameDate=20240613&gameId=20240613HTSK0
2024-06-13,2024,6,삼성,LG,home,6,3,W,1,0,0,3,대구,20240613LGSS0,https://www.koreabaseball.com/Schedule/GameCenter/Main.aspx?gameDate=20240613&gameId=20240613LGSS0
2024-06-14,2024,6,KIA,KT,away,11,1,W,1,0,0,10,수원,20240614HTKT0,https://www.koreabaseball.com/Schedule/GameCenter/Main.aspx?gameDate=20240614&gameId=20240614HTKT0
2024-06-14,2024,6,삼성,NC,away,7,4,W,1,0,0,3,창원,20240614SSNC0,https://www.koreabaseball.com/Schedule/GameCenter/Main.aspx?gameDate=20240614&gameId=20240614SSNC0
2024-06-15,2024,6,KIA,KT,away,2,1,W,1,0,0,1,수원,20240615HTKT0,https://www.koreabaseball.com/Schedule/GameCenter/Main.aspx?gameDate=20240615&gameId=20240615HTKT0
2024-06-15,2024,6,삼성,NC,away,4,6,L,0,1,0,-2,창원,20240615SSNC0,https://www.koreabaseball.com/Schedule/GameCenter/Main.aspx?gameDate=20240615&gameId=20240615SSNC0
2024-06-16,2024,6,KIA,KT,away,3,1,W,1,0,0,2,수원,20240616HTKT0,https://www.koreabaseball.com/Schedule/GameCenter/Main.aspx?gameDate=20240616&gameId=20240616HTKT0
2024-06-16,2024,6,삼성,NC,away,4,5,L,0,1,0,-1,창원,20240616SSNC0,https://www.koreabaseball.com/Schedule/GameCenter/Main.aspx?gameDate=20240616&gameId=20240616SSNC0
2024-06-18,2024,6,KIA,LG,home,11,4,W,1,0,0,7,광주,20240618LGHT0,https://www.koreabaseball.com/Schedule/GameCenter/Main.aspx?gameDate=20240618&gameId=20240618LGHT0
2024-06-18,2024,6,삼성,SSG,home,3,8,L,0,1,0,-5,대구,20240618SKSS0,https://www.koreabaseball.com/Schedule/GameCenter/Main.aspx?gameDate=20240618&gameId=20240618SKSS0
2024-06-19,2024,6,KIA,LG,home,5,7,L,0,1,0,-2,광주,20240619LGHT0,https://www.koreabaseball.com/Schedule/GameCenter/Main.aspx?gameDate=20240619&gameId=20240619LGHT0
2024-06-19,2024,6,삼성,SSG,home,13,2,W,1,0,0,11,대구,20240619SKSS0,https://www.koreabaseball.com/Schedule/GameCenter/Main.aspx?gameDate=20240619&gameId=20240619SKSS0
2024-06-20,2024,6,KIA,LG,home,6,5,W,1,0,0,1,광주,20240620LGHT0,https://www.koreabaseball.com/Schedule/GameCenter/Main.aspx?gameDate=20240620&gameId=20240620LGHT0
2024-06-20,2024,6,삼성,SSG,home,4,0,W,1,0,0,4,대구,20240620SKSS0,https://www.koreabaseball.com/Schedule/GameCenter/Main.aspx?gameDate=20240620&gameId=20240620SKSS0
2024-06-21,2024,6,KIA,한화,home,8,3,W,1,0,0,5,광주,20240621HHHT0,https://www.koreabaseball.com/Schedule/GameCenter/Main.aspx?gameDate=20240621&gameId=20240621HHHT0
2024-06-21,2024,6,삼성,두산,home,7,4,W,1,0,0,3,대구,20240621OBSS0,https://www.koreabaseball.com/Schedule/GameCenter/Main.aspx?gameDate=20240621&gameId=20240621OBSS0
2024-06-23,2024,6,KIA,한화,home,8,9,L,0,1,0,-1,광주,20240623HHHT1,https://www.koreabaseball.com/Schedule/GameCenter/Main.aspx?gameDate=20240623&gameId=20240623HHHT1
2024-06-23,2024,6,KIA,한화,home,4,1,W,1,0,0,3,광주,20240623HHHT2,https://www.koreabaseball.com/Schedule/GameCenter/Main.aspx?gameDate=20240623&gameId=20240623HHHT2
2024-06-23,2024,6,삼성,두산,home,7,4,W,1,0,0,3,대구,20240623OBSS1,https://www.koreabaseball.com/Schedule/GameCenter/Main.aspx?gameDate=20240623&gameId=20240623OBSS1
2024-06-23,2024,6,삼성,두산,home,10,4,W,1,0,0,6,대구,20240623OBSS2,https://www.koreabaseball.com/Schedule/GameCenter/Main.aspx?gameDate=20240623&gameId=20240623OBSS2
2024-06-25,2024,6,KIA,롯데,away,15,15,D,0,0,1,0,사직,20240625HTLT0,https://www.koreabaseball.com/Schedule/GameCenter/Main.aspx?gameDate=20240625&gameId=20240625HTLT0
2024-06-25,2024,6,삼성,LG,away,0,4,L,0,1,0,-4,잠실,20240625SSLG0,https://www.koreabaseball.com/Schedule/GameCenter/Main.aspx?gameDate=20240625&gameId=20240625SSLG0
2024-06-26,2024,6,KIA,롯데,away,4,6,L,0,1,0,-2,사직,20240626HTLT0,https://www.koreabaseball.com/Schedule/GameCenter/Main.aspx?gameDate=20240626&gameId=20240626HTLT0
2024-06-26,2024,6,삼성,LG,away,1,2,L,0,1,0,-1,잠실,20240626SSLG0,https://www.koreabaseball.com/Schedule/GameCenter/Main.aspx?gameDate=20240626&gameId=20240626SSLG0
2024-06-27,2024,6,KIA,롯데,away,2,11,L,0,1,0,-9,사직,20240627HTLT0,https://www.koreabaseball.com/Schedule/GameCenter/Main.aspx?gameDate=20240627&gameId=20240627HTLT0
2024-06-27,2024,6,삼성,LG,away,2,1,W,1,0,0,1,잠실,20240627SSLG0,https://www.koreabaseball.com/Schedule/GameCenter/Main.aspx?gameDate=20240627&gameId=20240627SSLG0
2024-06-28,2024,6,삼성,KT,away,4,5,L,0,1,0,-1,수원,20240628SSKT0,https://www.koreabaseball.com/Schedule/GameCenter/Main.aspx?gameDate=20240628&gameId=20240628SSKT0
2024-06-28,2024,6,KIA,키움,home,6,17,L,0,1,0,-11,광주,20240628WOHT0,https://www.koreabaseball.com/Schedule/GameCenter/Main.aspx?gameDate=20240628&gameId=20240628WOHT0
2024-06-30,2024,6,삼성,KT,away,2,2,D,0,0,1,0,수원,20240630SSKT1,https://www.koreabaseball.com/Schedule/GameCenter/Main.aspx?gameDate=20240630&gameId=20240630SSKT1
2024-06-30,2024,6,삼성,KT,away,1,2,L,0,1,0,-1,수원,20240630SSKT2,https://www.koreabaseball.com/Schedule/GameCenter/Main.aspx?gameDate=20240630&gameId=20240630SSKT2
2024-07-02,2024,7,KIA,삼성,away,9,5,W,1,0,0,4,대구,20240702HTSS0,https://www.koreabaseball.com/Schedule/GameCenter/Main.aspx?gameDate=20240702&gameId=20240702HTSS0
2024-07-02,2024,7,삼성,KIA,home,5,9,L,0,1,0,-4,대구,20240702HTSS0,https://www.koreabaseball.com/Schedule/GameCenter/Main.aspx?gameDate=20240702&gameId=20240702HTSS0
2024-07-03,2024,7,KIA,삼성,away,6,4,W,1,0,0,2,대구,20240703HTSS0,https://www.koreabaseball.com/Schedule/GameCenter/Main.aspx?gameDate=20240703&gameId=20240703HTSS0
2024-07-03,2024,7,삼성,KIA,home,4,6,L,0,1,0,-2,대구,20240703HTSS0,https://www.koreabaseball.com/Schedule/GameCenter/Main.aspx?gameDate=20240703&gameId=20240703HTSS0
2024-07-04,2024,7,KIA,삼성,away,8,3,W,1,0,0,5,대구,20240704HTSS0,https://www.koreabaseball.com/Schedule/GameCenter/Main.aspx?gameDate=20240704&gameId=20240704HTSS0
2024-07-04,2024,7,삼성,KIA,home,3,8,L,0,1,0,-5,대구,20240704HTSS0,https://www.koreabaseball.com/Schedule/GameCenter/Main.aspx?gameDate=20240704&gameId=20240704HTSS0
2024-07-09,2024,7,KIA,LG,away,11,4,W,1,0,0,7,잠실,20240709HTLG0,https://www.koreabaseball.com/Schedule/GameCenter/Main.aspx?gameDate=20240709&gameId=20240709HTLG0
2024-07-10,2024,7,KIA,LG,away,5,2,W,1,0,0,3,잠실,20240710HTLG0,https://www.koreabaseball.com/Schedule/GameCenter/Main.aspx?gameDate=20240710&gameId=20240710HTLG0
2024-07-10,2024,7,삼성,NC,home,15,6,W,1,0,0,9,대구,20240710NCSS0,https://www.koreabaseball.com/Schedule/GameCenter/Main.aspx?gameDate=20240710&gameId=20240710NCSS0
2024-07-11,2024,7,KIA,LG,away,4,2,W,1,0,0,2,잠실,20240711HTLG0,https://www.koreabaseball.com/Schedule/GameCenter/Main.aspx?gameDate=20240711&gameId=20240711HTLG0
2024-07-11,2024,7,삼성,NC,home,6,4,W,1,0,0,2,대구,20240711NCSS0,https://www.koreabaseball.com/Schedule/GameCenter/Main.aspx?gameDate=20240711&gameId=20240711NCSS0
2024-07-12,2024,7,KIA,SSG,home,6,14,L,0,1,0,-8,광주,20240712SKHT0,https://www.koreabaseball.com/Schedule/GameCenter/Main.aspx?gameDate=20240712&gameId=20240712SKHT0
2024-07-12,2024,7,삼성,두산,away,9,5,W,1,0,0,4,잠실,20240712SSOB0,https://www.koreabaseball.com/Schedule/GameCenter/Main.aspx?gameDate=20240712&gameId=20240712SSOB0
2024-07-13,2024,7,KIA,SSG,home,9,15,L,0,1,0,-6,광주,20240713SKHT0,https://www.koreabaseball.com/Schedule/GameCenter/Main.aspx?gameDate=20240713&gameId=20240713SKHT0
2024-07-13,2024,7,삼성,두산,away,4,8,L,0,1,0,-4,잠실,20240713SSOB0,https://www.koreabaseball.com/Schedule/GameCenter/Main.aspx?gameDate=20240713&gameId=20240713SSOB0
2024-07-14,2024,7,KIA,SSG,home,13,4,W,1,0,0,9,광주,20240714SKHT0,https://www.koreabaseball.com/Schedule/GameCenter/Main.aspx?gameDate=20240714&gameId=20240714SKHT0
2024-07-14,2024,7,삼성,두산,away,6,2,W,1,0,0,4,잠실,20240714SSOB0,https://www.koreabaseball.com/Schedule/GameCenter/Main.aspx?gameDate=20240714&gameId=20240714SSOB0
2024-07-17,2024,7,KIA,삼성,home,10,5,W,1,0,0,5,광주,20240717SSHT0,https://www.koreabaseball.com/Schedule/GameCenter/Main.aspx?gameDate=20240717&gameId=20240717SSHT0
2024-07-17,2024,7,삼성,KIA,away,5,10,L,0,1,0,-5,광주,20240717SSHT0,https://www.koreabaseball.com/Schedule/GameCenter/Main.aspx?gameDate=20240717&gameId=20240717SSHT0
2024-07-18,2024,7,KIA,삼성,home,10,4,W,1,0,0,6,광주,20240718SSHT0,https://www.koreabaseball.com/Schedule/GameCenter/Main.aspx?gameDate=20240718&gameId=20240718SSHT0
2024-07-18,2024,7,삼성,KIA,away,4,10,L,0,1,0,-6,광주,20240718SSHT0,https://www.koreabaseball.com/Schedule/GameCenter/Main.aspx?gameDate=20240718&gameId=20240718SSHT0
2024-07-19,2024,7,KIA,한화,away,7,3,W,1,0,0,4,한밭,20240719HTHH0,https://www.koreabaseball.com/Schedule/GameCenter/Main.aspx?gameDate=20240719&gameId=20240719HTHH0
2024-07-19,2024,7,삼성,롯데,home,6,10,L,0,1,0,-4,대구,20240719LTSS0,https://www.koreabaseball.com/Schedule/GameCenter/Main.aspx?gameDate=20240719&gameId=20240719LTSS0
2024-07-20,2024,7,KIA,한화,away,8,4,W,1,0,0,4,한밭,20240720HTHH0,https://www.koreabaseball.com/Schedule/GameCenter/Main.aspx?gameDate=20240720&gameId=20240720HTHH0
2024-07-20,2024,7,삼성,롯데,home,21,4,W,1,0,0,17,대구,20240720LTSS0,https://www.koreabaseball.com/Schedule/GameCenter/Main.aspx?gameDate=20240720&gameId=20240720LTSS0
2024-07-21,2024,7,KIA,한화,away,8,7,W,1,0,0,1,한밭,20240721HTHH0,https://www.koreabaseball.com/Schedule/GameCenter/Main.aspx?gameDate=20240721&gameId=20240721HTHH0
2024-07-21,2024,7,삼성,롯데,home,6,5,W,1,0,0,1,대구,20240721LTSS0,https://www.koreabaseball.com/Schedule/GameCenter/Main.aspx?gameDate=20240721&gameId=20240721LTSS0
2024-07-23,2024,7,KIA,NC,home,8,1,W,1,0,0,7,광주,20240723NCHT0,https://www.koreabaseball.com/Schedule/GameCenter/Main.aspx?gameDate=20240723&gameId=20240723NCHT0
2024-07-23,2024,7,삼성,한화,away,5,6,L,0,1,0,-1,한밭,20240723SSHH0,https://www.koreabaseball.com/Schedule/GameCenter/Main.aspx?gameDate=20240723&gameId=20240723SSHH0
2024-07-24,2024,7,KIA,NC,home,7,0,W,1,0,0,7,광주,20240724NCHT0,https://www.koreabaseball.com/Schedule/GameCenter/Main.aspx?gameDate=20240724&gameId=20240724NCHT0
2024-07-24,2024,7,삼성,한화,away,2,3,L,0,1,0,-1,한밭,20240724SSHH0,https://www.koreabaseball.com/Schedule/GameCenter/Main.aspx?gameDate=20240724&gameId=20240724SSHH0
2024-07-25,2024,7,KIA,NC,home,4,7,L,0,1,0,-3,광주,20240725NCHT0,https://www.koreabaseball.com/Schedule/GameCenter/Main.aspx?gameDate=20240725&gameId=20240725NCHT0
2024-07-26,2024,7,KIA,키움,away,4,5,L,0,1,0,-1,고척,20240726HTWO0,https://www.koreabaseball.com/Schedule/GameCenter/Main.aspx?gameDate=20240726&gameId=20240726HTWO0
2024-07-26,2024,7,삼성,KT,home,1,4,L,0,1,0,-3,대구,20240726KTSS0,https://www.koreabaseball.com/Schedule/GameCenter/Main.aspx?gameDate=20240726&gameId=20240726KTSS0
2024-07-27,2024,7,KIA,키움,away,5,6,L,0,1,0,-1,고척,20240727HTWO0,https://www.koreabaseball.com/Schedule/GameCenter/Main.aspx?gameDate=20240727&gameId=20240727HTWO0
2024-07-27,2024,7,삼성,KT,home,3,2,W,1,0,0,1,대구,20240727KTSS0,https://www.koreabaseball.com/Schedule/GameCenter/Main.aspx?gameDate=20240727&gameId=20240727KTSS0
2024-07-28,2024,7,KIA,키움,away,4,3,W,1,0,0,1,고척,20240728HTWO0,https://www.koreabaseball.com/Schedule/GameCenter/Main.aspx?gameDate=20240728&gameId=20240728HTWO0
2024-07-28,2024,7,삼성,KT,home,3,4,L,0,1,0,-1,대구,20240728KTSS0,https://www.koreabaseball.com/Schedule/GameCenter/Main.aspx?gameDate=20240728&gameId=20240728KTSS0
2024-07-30,2024,7,KIA,두산,home,7,12,L,0,1,0,-5,광주,20240730OBHT0,https://www.koreabaseball.com/Schedule/GameCenter/Main.aspx?gameDate=20240730&gameId=20240730OBHT0
2024-07-30,2024,7,삼성,LG,away,7,1,W,1,0,0,6,잠실,20240730SSLG0,https://www.koreabaseball.com/Schedule/GameCenter/Main.aspx?gameDate=20240730&gameId=20240730SSLG0
2024-07-31,2024,7,KIA,두산,home,6,30,L,0,1,0,-24,광주,20240731OBHT0,https://www.koreabaseball.com/Schedule/GameCenter/Main.aspx?gameDate=20240731&gameId=20240731OBHT0
2024-07-31,2024,7,삼성,LG,away,5,11,L,0,1,0,-6,잠실,20240731SSLG0,https://www.koreabaseball.com/Schedule/GameCenter/Main.aspx?gameDate=20240731&gameId=20240731SSLG0
2024-08-01,2024,8,KIA,두산,home,0,1,L,0,1,0,-1,광주,20240801OBHT0,https://www.koreabaseball.com/Schedule/GameCenter/Main.aspx?gameDate=20240801&gameId=20240801OBHT0
2024-08-01,2024,8,삼성,LG,away,7,0,W,1,0,0,7,잠실,20240801SSLG0,https://www.koreabaseball.com/Schedule/GameCenter/Main.aspx?gameDate=20240801&gameId=20240801SSLG0
2024-08-02,2024,8,KIA,한화,away,3,10,L,0,1,0,-7,한밭,20240802HTHH0,https://www.koreabaseball.com/Schedule/GameCenter/Main.aspx?gameDate=20240802&gameId=20240802HTHH0
2024-08-02,2024,8,삼성,SSG,home,4,3,W,1,0,0,1,대구,20240802SKSS0,https://www.koreabaseball.com/Schedule/GameCenter/Main.aspx?gameDate=20240802&gameId=20240802SKSS0
2024-08-03,2024,8,KIA,한화,away,7,3,W,1,0,0,4,한밭,20240803HTHH0,https://www.koreabaseball.com/Schedule/GameCenter/Main.aspx?gameDate=20240803&gameId=20240803HTHH0
2024-08-03,2024,8,삼성,SSG,home,12,4,W,1,0,0,8,대구,20240803SKSS0,https://www.koreabaseball.com/Schedule/GameCenter/Main.aspx?gameDate=20240803&gameId=20240803SKSS0
2024-08-04,2024,8,삼성,SSG,home,8,3,W,1,0,0,5,대구,20240804SKSS0,https://www.koreabaseball.com/Schedule/GameCenter/Main.aspx?gameDate=20240804&gameId=20240804SKSS0
2024-08-06,2024,8,삼성,한화,home,5,8,L,0,1,0,-3,대구,20240806HHSS0,https://www.koreabaseball.com/Schedule/GameCenter/Main.aspx?gameDate=20240806&gameId=20240806HHSS0
2024-08-06,2024,8,KIA,KT,home,2,0,W,1,0,0,2,광주,20240806KTHT0,https://www.koreabaseball.com/Schedule/GameCenter/Main.aspx?gameDate=20240806&gameId=20240806KTHT0
2024-08-07,2024,8,삼성,한화,home,10,6,W,1,0,0,4,대구,20240807HHSS0,https://www.koreabaseball.com/Schedule/GameCenter/Main.aspx?gameDate=20240807&gameId=20240807HHSS0
2024-08-07,2024,8,KIA,KT,home,2,13,L,0,1,0,-11,광주,20240807KTHT0,https://www.koreabaseball.com/Schedule/GameCenter/Main.aspx?gameDate=20240807&gameId=20240807KTHT0
2024-08-08,2024,8,삼성,한화,home,4,6,L,0,1,0,-2,대구,20240808HHSS0,https://www.koreabaseball.com/Schedule/GameCenter/Main.aspx?gameDate=20240808&gameId=20240808HHSS0
2024-08-08,2024,8,KIA,KT,home,0,1,L,0,1,0,-1,광주,20240808KTHT0,https://www.koreabaseball.com/Schedule/GameCenter/Main.aspx?gameDate=20240808&gameId=20240808KTHT0
2024-08-09,2024,8,KIA,삼성,home,9,8,W,1,0,0,1,광주,20240809SSHT0,https://www.koreabaseball.com/Schedule/GameCenter/Main.aspx?gameDate=20240809&gameId=20240809SSHT0
2024-08-09,2024,8,삼성,KIA,away,8,9,L,0,1,0,-1,광주,20240809SSHT0,https://www.koreabaseball.com/Schedule/GameCenter/Main.aspx?gameDate=20240809&gameId=20240809SSHT0
2024-08-11,2024,8,KIA,삼성,home,4,5,L,0,1,0,-1,광주,20240811SSHT0,https://www.koreabaseball.com/Schedule/GameCenter/Main.aspx?gameDate=20240811&gameId=20240811SSHT0
2024-08-11,2024,8,삼성,KIA,away,5,4,W,1,0,0,1,광주,20240811SSHT0,https://www.koreabaseball.com/Schedule/GameCenter/Main.aspx?gameDate=20240811&gameId=20240811SSHT0
2024-08-13,2024,8,KIA,키움,away,2,0,W,1,0,0,2,고척,20240813HTWO0,https://www.koreabaseball.com/Schedule/GameCenter/Main.aspx?gameDate=20240813&gameId=20240813HTWO0
2024-08-13,2024,8,삼성,KT,home,7,2,W,1,0,0,5,대구,20240813KTSS0,https://www.koreabaseball.com/Schedule/GameCenter/Main.aspx?gameDate=20240813&gameId=20240813KTSS0
2024-08-14,2024,8,KIA,키움,away,1,2,L,0,1,0,-1,고척,20240814HTWO0,https://www.koreabaseball.com/Schedule/GameCenter/Main.aspx?gameDate=20240814&gameId=20240814HTWO0
2024-08-14,2024,8,삼성,KT,home,3,1,W,1,0,0,2,대구,20240814KTSS0,https://www.koreabaseball.com/Schedule/GameCenter/Main.aspx?gameDate=20240814&gameId=20240814KTSS0
2024-08-15,2024,8,KIA,키움,away,12,1,W,1,0,0,11,고척,20240815HTWO0,https://www.koreabaseball.com/Schedule/GameCenter/Main.aspx?gameDate=20240815&gameId=20240815HTWO0
2024-08-15,2024,8,삼성,KT,home,3,5,L,0,1,0,-2,대구,20240815KTSS0,https://www.koreabaseball.com/Schedule/GameCenter/Main.aspx?gameDate=20240815&gameId=20240815KTSS0
2024-08-16,2024,8,KIA,LG,away,3,2,W,1,0,0,1,잠실,20240816HTLG0,https://www.koreabaseball.com/Schedule/GameCenter/Main.aspx?gameDate=20240816&gameId=20240816HTLG0
2024-08-16,2024,8,삼성,NC,away,7,3,W,1,0,0,4,창원,20240816SSNC0,https://www.koreabaseball.com/Schedule/GameCenter/Main.aspx?gameDate=20240816&gameId=20240816SSNC0
2024-08-17,2024,8,KIA,LG,away,14,4,W,1,0,0,10,잠실,20240817HTLG0,https://www.koreabaseball.com/Schedule/GameCenter/Main.aspx?gameDate=20240817&gameId=20240817HTLG0
2024-08-17,2024,8,삼성,NC,away,5,4,W,1,0,0,1,창원,20240817SSNC0,https://www.koreabaseball.com/Schedule/GameCenter/Main.aspx?gameDate=20240817&gameId=20240817SSNC0
2024-08-18,2024,8,KIA,LG,away,4,0,W,1,0,0,4,잠실,20240818HTLG0,https://www.koreabaseball.com/Schedule/GameCenter/Main.aspx?gameDate=20240818&gameId=20240818HTLG0
2024-08-18,2024,8,삼성,NC,away,5,3,W,1,0,0,2,창원,20240818SSNC0,https://www.koreabaseball.com/Schedule/GameCenter/Main.aspx?gameDate=20240818&gameId=20240818SSNC0
2024-08-20,2024,8,삼성,두산,home,3,0,W,1,0,0,3,포항,20240820OBSS0,https://www.koreabaseball.com/Schedule/GameCenter/Main.aspx?gameDate=20240820&gameId=20240820OBSS0
2024-08-21,2024,8,KIA,롯데,home,6,5,W,1,0,0,1,광주,20240821LTHT0,https://www.koreabaseball.com/Schedule/GameCenter/Main.aspx?gameDate=20240821&gameId=20240821LTHT0
2024-08-21,2024,8,삼성,두산,home,2,5,L,0,1,0,-3,포항,20240821OBSS0,https://www.koreabaseball.com/Schedule/GameCenter/Main.aspx?gameDate=20240821&gameId=20240821OBSS0
2024-08-22,2024,8,KIA,롯데,home,6,4,W,1,0,0,2,광주,20240822LTHT0,https://www.koreabaseball.com/Schedule/GameCenter/Main.aspx?gameDate=20240822&gameId=20240822LTHT0
2024-08-23,2024,8,KIA,NC,away,4,17,L,0,1,0,-13,창원,20240823HTNC0,https://www.koreabaseball.com/Schedule/GameCenter/Main.aspx?gameDate=20240823&gameId=20240823HTNC0
2024-08-23,2024,8,삼성,롯데,home,5,3,W,1,0,0,2,대구,20240823LTSS0,https://www.koreabaseball.com/Schedule/GameCenter/Main.aspx?gameDate=20240823&gameId=20240823LTSS0
2024-08-24,2024,8,KIA,NC,away,2,0,W,1,0,0,2,창원,20240824HTNC0,https://www.koreabaseball.com/Schedule/GameCenter/Main.aspx?gameDate=20240824&gameId=20240824HTNC0
2024-08-24,2024,8,삼성,롯데,home,3,11,L,0,1,0,-8,대구,20240824LTSS0,https://www.koreabaseball.com/Schedule/GameCenter/Main.aspx?gameDate=20240824&gameId=20240824LTSS0
2024-08-25,2024,8,KIA,NC,away,2,8,L,0,1,0,-6,창원,20240825HTNC0,https://www.koreabaseball.com/Schedule/GameCenter/Main.aspx?gameDate=20240825&gameId=20240825HTNC0
2024-08-25,2024,8,삼성,롯데,home,10,5,W,1,0,0,5,대구,20240825LTSS0,https://www.koreabaseball.com/Schedule/GameCenter/Main.aspx?gameDate=20240825&gameId=20240825LTSS0
2024-08-27,2024,8,KIA,SSG,home,10,4,W,1,0,0,6,광주,20240827SKHT0,https://www.koreabaseball.com/Schedule/GameCenter/Main.aspx?gameDate=20240827&gameId=20240827SKHT0
2024-08-27,2024,8,삼성,키움,away,1,0,W,1,0,0,1,고척,20240827SSWO0,https://www.koreabaseball.com/Schedule/GameCenter/Main.aspx?gameDate=20240827&gameId=20240827SSWO0
2024-08-28,2024,8,KIA,SSG,home,7,6,W,1,0,0,1,광주,20240828SKHT0,https://www.koreabaseball.com/Schedule/GameCenter/Main.aspx?gameDate=20240828&gameId=20240828SKHT0
2024-08-28,2024,8,삼성,키움,away,9,5,W,1,0,0,4,고척,20240828SSWO0,https://www.koreabaseball.com/Schedule/GameCenter/Main.aspx?gameDate=20240828&gameId=20240828SSWO0
2024-08-29,2024,8,KIA,SSG,home,4,10,L,0,1,0,-6,광주,20240829SKHT0,https://www.koreabaseball.com/Schedule/GameCenter/Main.aspx?gameDate=20240829&gameId=20240829SKHT0
2024-08-29,2024,8,삼성,키움,away,1,0,W,1,0,0,1,고척,20240829SSWO0,https://www.koreabaseball.com/Schedule/GameCenter/Main.aspx?gameDate=20240829&gameId=20240829SSWO0
2024-08-31,2024,8,KIA,삼성,away,15,13,W,1,0,0,2,대구,20240831HTSS0,https://www.koreabaseball.com/Schedule/GameCenter/Main.aspx?gameDate=20240831&gameId=20240831HTSS0
2024-08-31,2024,8,삼성,KIA,home,13,15,L,0,1,0,-2,대구,20240831HTSS0,https://www.koreabaseball.com/Schedule/GameCenter/Main.aspx?gameDate=20240831&gameId=20240831HTSS0
2024-09-01,2024,9,KIA,삼성,away,6,5,W,1,0,0,1,대구,20240901HTSS0,https://www.koreabaseball.com/Schedule/GameCenter/Main.aspx?gameDate=20240901&gameId=20240901HTSS0
2024-09-01,2024,9,삼성,KIA,home,5,6,L,0,1,0,-1,대구,20240901HTSS0,https://www.koreabaseball.com/Schedule/GameCenter/Main.aspx?gameDate=20240901&gameId=20240901HTSS0
2024-09-03,2024,9,KIA,LG,home,7,5,W,1,0,0,2,광주,20240903LGHT0,https://www.koreabaseball.com/Schedule/GameCenter/Main.aspx?gameDate=20240903&gameId=20240903LGHT0
2024-09-03,2024,9,삼성,롯데,home,5,1,W,1,0,0,4,대구,20240903LTSS0,https://www.koreabaseball.com/Schedule/GameCenter/Main.aspx?gameDate=20240903&gameId=20240903LTSS0
2024-09-04,2024,9,KIA,한화,home,4,5,L,0,1,0,-1,광주,20240904HHHT0,https://www.koreabaseball.com/Schedule/GameCenter/Main.aspx?gameDate=20240904&gameId=20240904HHHT0
2024-09-04,2024,9,삼성,두산,home,7,3,W,1,0,0,4,대구,20240904OBSS0,https://www.koreabaseball.com/Schedule/GameCenter/Main.aspx?gameDate=20240904&gameId=20240904OBSS0
2024-09-05,2024,9,KIA,한화,home,4,3,W,1,0,0,1,광주,20240905HHHT0,https://www.koreabaseball.com/Schedule/GameCenter/Main.aspx?gameDate=20240905&gameId=20240905HHHT0
2024-09-06,2024,9,삼성,롯데,away,7,2,W,1,0,0,5,사직,20240906SSLT0,https://www.koreabaseball.com/Schedule/GameCenter/Main.aspx?gameDate=20240906&gameId=20240906SSLT0
2024-09-06,2024,9,KIA,키움,home,14,0,W,1,0,0,14,광주,20240906WOHT0,https://www.koreabaseball.com/Schedule/GameCenter/Main.aspx?gameDate=20240906&gameId=20240906WOHT0
2024-09-07,2024,9,삼성,NC,home,1,9,L,0,1,0,-8,대구,20240907NCSS0,https://www.koreabaseball.com/Schedule/GameCenter/Main.aspx?gameDate=20240907&gameId=20240907NCSS0
2024-09-07,2024,9,KIA,키움,home,6,2,W,1,0,0,4,광주,20240907WOHT0,https://www.koreabaseball.com/Schedule/GameCenter/Main.aspx?gameDate=20240907&gameId=20240907WOHT0
2024-09-08,2024,9,삼성,NC,home,10,2,W,1,0,0,8,대구,20240908NCSS0,https://www.koreabaseball.com/Schedule/GameCenter/Main.aspx?gameDate=20240908&gameId=20240908NCSS0
2024-09-08,2024,9,KIA,키움,home,5,2,W,1,0,0,3,광주,20240908WOHT0,https://www.koreabaseball.com/Schedule/GameCenter/Main.aspx?gameDate=20240908&gameId=20240908WOHT0
2024-09-11,2024,9,삼성,한화,away,10,1,W,1,0,0,9,한밭,20240911SSHH0,https://www.koreabaseball.com/Schedule/GameCenter/Main.aspx?gameDate=20240911&gameId=20240911SSHH0
2024-09-12,2024,9,KIA,롯데,home,10,0,W,1,0,0,10,광주,20240912LTHT0,https://www.koreabaseball.com/Schedule/GameCenter/Main.aspx?gameDate=20240912&gameId=20240912LTHT0
2024-09-12,2024,9,삼성,한화,away,7,1,W,1,0,0,6,한밭,20240912SSHH0,https://www.koreabaseball.com/Schedule/GameCenter/Main.aspx?gameDate=20240912&gameId=20240912SSHH0
2024-09-14,2024,9,삼성,SSG,away,9,11,L,0,1,0,-2,문학,20240914SSSK0,https://www.koreabaseball.com/Schedule/GameCenter/Main.aspx?gameDate=20240914&gameId=20240914SSSK0
2024-09-14,2024,9,KIA,키움,home,3,2,W,1,0,0,1,광주,20240914WOHT0,https://www.koreabaseball.com/Schedule/GameCenter/Main.aspx?gameDate=20240914&gameId=20240914WOHT0
2024-09-15,2024,9,삼성,SSG,away,9,14,L,0,1,0,-5,문학,20240915SSSK0,https://www.koreabaseball.com/Schedule/GameCenter/Main.aspx?gameDate=20240915&gameId=20240915SSSK0
2024-09-15,2024,9,KIA,키움,home,5,10,L,0,1,0,-5,광주,20240915WOHT0,https://www.koreabaseball.com/Schedule/GameCenter/Main.aspx?gameDate=20240915&gameId=20240915WOHT0
2024-09-16,2024,9,KIA,KT,away,11,5,W,1,0,0,6,수원,20240916HTKT0,https://www.koreabaseball.com/Schedule/GameCenter/Main.aspx?gameDate=20240916&gameId=20240916HTKT0
2024-09-17,2024,9,KIA,SSG,away,0,2,L,0,1,0,-2,문학,20240917HTSK0,https://www.koreabaseball.com/Schedule/GameCenter/Main.aspx?gameDate=20240917&gameId=20240917HTSK0
2024-09-17,2024,9,삼성,두산,away,4,8,L,0,1,0,-4,잠실,20240917SSOB0,https://www.koreabaseball.com/Schedule/GameCenter/Main.aspx?gameDate=20240917&gameId=20240917SSOB0
2024-09-18,2024,9,삼성,KT,away,8,6,W,1,0,0,2,수원,20240918SSKT0,https://www.koreabaseball.com/Schedule/GameCenter/Main.aspx?gameDate=20240918&gameId=20240918SSKT0
2024-09-19,2024,9,KIA,두산,away,4,9,L,0,1,0,-5,잠실,20240919HTOB0,https://www.koreabaseball.com/Schedule/GameCenter/Main.aspx?gameDate=20240919&gameId=20240919HTOB0
2024-09-19,2024,9,삼성,KT,away,5,12,L,0,1,0,-7,수원,20240919SSKT0,https://www.koreabaseball.com/Schedule/GameCenter/Main.aspx?gameDate=20240919&gameId=20240919SSKT0
2024-09-22,2024,9,삼성,키움,home,9,8,W,1,0,0,1,대구,20240922WOSS0,https://www.koreabaseball.com/Schedule/GameCenter/Main.aspx?gameDate=20240922&gameId=20240922WOSS0
2024-09-23,2024,9,KIA,삼성,home,5,3,W,1,0,0,2,광주,20240923SSHT0,https://www.koreabaseball.com/Schedule/GameCenter/Main.aspx?gameDate=20240923&gameId=20240923SSHT0
2024-09-23,2024,9,삼성,KIA,away,3,5,L,0,1,0,-2,광주,20240923SSHT0,https://www.koreabaseball.com/Schedule/GameCenter/Main.aspx?gameDate=20240923&gameId=20240923SSHT0
2024-09-24,2024,9,KIA,삼성,home,7,1,W,1,0,0,6,광주,20240924SSHT0,https://www.koreabaseball.com/Schedule/GameCenter/Main.aspx?gameDate=20240924&gameId=20240924SSHT0
2024-09-24,2024,9,삼성,KIA,away,1,7,L,0,1,0,-6,광주,20240924SSHT0,https://www.koreabaseball.com/Schedule/GameCenter/Main.aspx?gameDate=20240924&gameId=20240924SSHT0
2024-09-25,2024,9,KIA,롯데,home,2,5,L,0,1,0,-3,광주,20240925LTHT0,https://www.koreabaseball.com/Schedule/GameCenter/Main.aspx?gameDate=20240925&gameId=20240925LTHT0
2024-09-25,2024,9,삼성,키움,home,6,3,W,1,0,0,3,대구,20240925WOSS0,https://www.koreabaseball.com/Schedule/GameCenter/Main.aspx?gameDate=20240925&gameId=20240925WOSS0
2024-09-27,2024,9,KIA,한화,away,0,8,L,0,1,0,-8,한밭,20240927HTHH0,https://www.koreabaseball.com/Schedule/GameCenter/Main.aspx?gameDate=20240927&gameId=20240927HTHH0
2024-09-28,2024,9,KIA,롯데,away,12,8,W,1,0,0,4,사직,20240928HTLT0,https://www.koreabaseball.com/Schedule/GameCenter/Main.aspx?gameDate=20240928&gameId=20240928HTLT0
2024-09-28,2024,9,삼성,LG,home,4,11,L,0,1,0,-7,대구,20240928LGSS0,https://www.koreabaseball.com/Schedule/GameCenter/Main.aspx?gameDate=20240928&gameId=20240928LGSS0
2024-09-30,2024,9,KIA,NC,home,10,5,W,1,0,0,5,광주,20240930NCHT0,https://www.koreabaseball.com/Schedule/GameCenter/Main.aspx?gameDate=20240930&gameId=20240930NCHT0
2025-03-22,2025,3,KIA,NC,home,9,2,W,1,0,0,7,광주,20250322NCHT0,https://www.koreabaseball.com/Schedule/GameCenter/Main.aspx?gameDate=20250322&gameId=20250322NCHT0
2025-03-22,2025,3,삼성,키움,home,13,5,W,1,0,0,8,대구,20250322WOSS0,https://www.koreabaseball.com/Schedule/GameCenter/Main.aspx?gameDate=20250322&gameId=20250322WOSS0
2025-03-23,2025,3,KIA,NC,home,4,5,L,0,1,0,-1,광주,20250323NCHT0,https://www.koreabaseball.com/Schedule/GameCenter/Main.aspx?gameDate=20250323&gameId=20250323NCHT0
2025-03-23,2025,3,삼성,키움,home,11,7,W,1,0,0,4,대구,20250323WOSS0,https://www.koreabaseball.com/Schedule/GameCenter/Main.aspx?gameDate=20250323&gameId=20250323WOSS0
2025-03-25,2025,3,삼성,NC,home,14,5,W,1,0,0,9,대구,20250325NCSS0,https://www.koreabaseball.com/Schedule/GameCenter/Main.aspx?gameDate=20250325&gameId=20250325NCSS0
2025-03-25,2025,3,KIA,키움,home,11,6,W,1,0,0,5,광주,20250325WOHT0,https://www.koreabaseball.com/Schedule/GameCenter/Main.aspx?gameDate=20250325&gameId=20250325WOHT0
2025-03-26,2025,3,삼성,NC,home,6,8,L,0,1,0,-2,대구,20250326NCSS0,https://www.koreabaseball.com/Schedule/GameCenter/Main.aspx?gameDate=20250326&gameId=20250326NCSS0
2025-03-26,2025,3,KIA,키움,home,10,17,L,0,1,0,-7,광주,20250326WOHT0,https://www.koreabaseball.com/Schedule/GameCenter/Main.aspx?gameDate=20250326&gameId=20250326WOHT0
2025-03-27,2025,3,삼성,NC,home,5,11,L,0,1,0,-6,대구,20250327NCSS0,https://www.koreabaseball.com/Schedule/GameCenter/Main.aspx?gameDate=20250327&gameId=20250327NCSS0
2025-03-27,2025,3,KIA,키움,home,3,5,L,0,1,0,-2,광주,20250327WOHT0,https://www.koreabaseball.com/Schedule/GameCenter/Main.aspx?gameDate=20250327&gameId=20250327WOHT0
2025-03-28,2025,3,KIA,한화,away,2,7,L,0,1,0,-5,대전,20250328HTHH0,https://www.koreabaseball.com/Schedule/GameCenter/Main.aspx?gameDate=20250328&gameId=20250328HTHH0
2025-03-28,2025,3,삼성,두산,away,0,2,L,0,1,0,-2,잠실,20250328SSOB0,https://www.koreabaseball.com/Schedule/GameCenter/Main.aspx?gameDate=20250328&gameId=20250328SSOB0
2025-03-29,2025,3,KIA,한화,away,4,5,L,0,1,0,-1,대전,20250329HTHH0,https://www.koreabaseball.com/Schedule/GameCenter/Main.aspx?gameDate=20250329&gameId=20250329HTHH0
2025-03-29,2025,3,삼성,두산,away,13,2,W,1,0,0,11,잠실,20250329SSOB0,https://www.koreabaseball.com/Schedule/GameCenter/Main.aspx?gameDate=20250329&gameId=20250329SSOB0
2025-03-30,2025,3,KIA,한화,away,5,3,W,1,0,0,2,대전,20250330HTHH0,https://www.koreabaseball.com/Schedule/GameCenter/Main.aspx?gameDate=20250330&gameId=20250330HTHH0
2025-03-30,2025,3,삼성,두산,away,3,2,W,1,0,0,1,잠실,20250330SSOB0,https://www.koreabaseball.com/Schedule/GameCenter/Main.aspx?gameDate=20250330&gameId=20250330SSOB0
2025-04-02,2025,4,KIA,삼성,home,2,4,L,0,1,0,-2,광주,20250402SSHT0,https://www.koreabaseball.com/Schedule/GameCenter/Main.aspx?gameDate=20250402&gameId=20250402SSHT0
2025-04-02,2025,4,삼성,KIA,away,4,2,W,1,0,0,2,광주,20250402SSHT0,https://www.koreabaseball.com/Schedule/GameCenter/Main.aspx?gameDate=20250402&gameId=20250402SSHT0
2025-04-03,2025,4,KIA,삼성,home,3,1,W,1,0,0,2,광주,20250403SSHT0,https://www.koreabaseball.com/Schedule/GameCenter/Main.aspx?gameDate=20250403&gameId=20250403SSHT0
2025-04-03,2025,4,삼성,KIA,away,1,3,L,0,1,0,-2,광주,20250403SSHT0,https://www.koreabaseball.com/Schedule/GameCenter/Main.aspx?gameDate=20250403&gameId=20250403SSHT0
2025-04-04,2025,4,삼성,한화,home,5,0,W,1,0,0,5,대구,20250404HHSS0,https://www.koreabaseball.com/Schedule/GameCenter/Main.aspx?gameDate=20250404&gameId=20250404HHSS0
2025-04-04,2025,4,KIA,LG,away,2,8,L,0,1,0,-6,잠실,20250404HTLG0,https://www.koreabaseball.com/Schedule/GameCenter/Main.aspx?gameDate=20250404&gameId=20250404HTLG0
2025-04-05,2025,4,삼성,한화,home,6,7,L,0,1,0,-1,대구,20250405HHSS0,https://www.koreabaseball.com/Schedule/GameCenter/Main.aspx?gameDate=20250405&gameId=20250405HHSS0
2025-04-06,2025,4,삼성,한화,home,10,0,W,1,0,0,10,대구,20250406HHSS0,https://www.koreabaseball.com/Schedule/GameCenter/Main.aspx?gameDate=20250406&gameId=20250406HHSS0
2025-04-06,2025,4,KIA,LG,away,1,5,L,0,1,0,-4,잠실,20250406HTLG0,https://www.koreabaseball.com/Schedule/GameCenter/Main.aspx?gameDate=20250406&gameId=20250406HTLG0
2025-04-08,2025,4,KIA,롯데,away,5,4,W,1,0,0,1,사직,20250408HTLT0,https://www.koreabaseball.com/Schedule/GameCenter/Main.aspx?gameDate=20250408&gameId=20250408HTLT0
2025-04-08,2025,4,삼성,SSG,home,7,3,W,1,0,0,4,대구,20250408SKSS0,https://www.koreabaseball.com/Schedule/GameCenter/Main.aspx?gameDate=20250408&gameId=20250408SKSS0
2025-04-09,2025,4,KIA,롯데,away,3,1,W,1,0,0,2,사직,20250409HTLT0,https://www.koreabaseball.com/Schedule/GameCenter/Main.aspx?gameDate=20250409&gameId=20250409HTLT0
2025-04-09,2025,4,삼성,SSG,home,1,3,L,0,1,0,-2,대구,20250409SKSS0,https://www.koreabaseball.com/Schedule/GameCenter/Main.aspx?gameDate=20250409&gameId=20250409SKSS0
2025-04-10,2025,4,KIA,롯데,away,3,8,L,0,1,0,-5,사직,20250410HTLT0,https://www.koreabaseball.com/Schedule/GameCenter/Main.aspx?gameDate=20250410&gameId=20250410HTLT0
2025-04-10,2025,4,삼성,SSG,home,3,2,W,1,0,0,1,대구,20250410SKSS0,https://www.koreabaseball.com/Schedule/GameCenter/Main.aspx?gameDate=20250410&gameId=20250410SKSS0
2025-04-11,2025,4,KIA,SSG,home,3,9,L,0,1,0,-6,광주,20250411SKHT0,https://www.koreabaseball.com/Schedule/GameCenter/Main.aspx?gameDate=20250411&gameId=20250411SKHT0
2025-04-11,2025,4,삼성,KT,away,3,5,L,0,1,0,-2,수원,20250411SSKT0,https://www.koreabaseball.com/Schedule/GameCenter/Main.aspx?gameDate=20250411&gameId=20250411SSKT0
2025-04-13,2025,4,KIA,SSG,home,11,5,W,1,0,0,6,광주,20250413SKHT0,https://www.koreabaseball.com/Schedule/GameCenter/Main.aspx?gameDate=20250413&gameId=20250413SKHT0
2025-04-13,2025,4,삼성,KT,away,5,6,L,0,1,0,-1,수원,20250413SSKT0,https://www.koreabaseball.com/Schedule/GameCenter/Main.aspx?gameDate=20250413&gameId=20250413SSKT0
2025-04-15,2025,4,KIA,KT,home,1,0,W,1,0,0,1,광주,20250415KTHT0,https://www.koreabaseball.com/Schedule/GameCenter/Main.aspx?gameDate=20250415&gameId=20250415KTHT0
2025-04-15,2025,4,삼성,LG,away,0,3,L,0,1,0,-3,잠실,20250415SSLG0,https://www.koreabaseball.com/Schedule/GameCenter/Main.aspx?gameDate=20250415&gameId=20250415SSLG0
2025-04-16,2025,4,KIA,KT,home,0,3,L,0,1,0,-3,광주,20250416KTHT0,https://www.koreabaseball.com/Schedule/GameCenter/Main.aspx?gameDate=20250416&gameId=20250416KTHT0
2025-04-16,2025,4,삼성,LG,away,2,12,L,0,1,0,-10,잠실,20250416SSLG0,https://www.koreabaseball.com/Schedule/GameCenter/Main.aspx?gameDate=20250416&gameId=20250416SSLG0
2025-04-17,2025,4,KIA,KT,home,5,4,W,1,0,0,1,광주,20250417KTHT0,https://www.koreabaseball.com/Schedule/GameCenter/Main.aspx?gameDate=20250417&gameId=20250417KTHT0
2025-04-17,2025,4,삼성,LG,away,6,3,W,1,0,0,3,잠실,20250417SSLG0,https://www.koreabaseball.com/Schedule/GameCenter/Main.aspx?gameDate=20250417&gameId=20250417SSLG0
2025-04-18,2025,4,KIA,두산,away,1,7,L,0,1,0,-6,잠실,20250418HTOB0,https://www.koreabaseball.com/Schedule/GameCenter/Main.aspx?gameDate=20250418&gameId=20250418HTOB0
2025-04-18,2025,4,삼성,롯데,home,1,8,L,0,1,0,-7,대구,20250418LTSS0,https://www.koreabaseball.com/Schedule/GameCenter/Main.aspx?gameDate=20250418&gameId=20250418LTSS0
2025-04-19,2025,4,KIA,두산,away,8,4,W,1,0,0,4,잠실,20250419HTOB0,https://www.koreabaseball.com/Schedule/GameCenter/Main.aspx?gameDate=20250419&gameId=20250419HTOB0
2025-04-19,2025,4,삼성,롯데,home,10,3,W,1,0,0,7,대구,20250419LTSS0,https://www.koreabaseball.com/Schedule/GameCenter/Main.aspx?gameDate=20250419&gameId=20250419LTSS0
2025-04-20,2025,4,KIA,두산,away,6,2,W,1,0,0,4,잠실,20250420HTOB0,https://www.koreabaseball.com/Schedule/GameCenter/Main.aspx?gameDate=20250420&gameId=20250420HTOB0
2025-04-20,2025,4,삼성,롯데,home,3,4,L,0,1,0,-1,대구,20250420LTSS0,https://www.koreabaseball.com/Schedule/GameCenter/Main.aspx?gameDate=20250420&gameId=20250420LTSS0
2025-04-23,2025,4,KIA,삼성,away,2,7,L,0,1,0,-5,대구,20250423HTSS0,https://www.koreabaseball.com/Schedule/GameCenter/Main.aspx?gameDate=20250423&gameId=20250423HTSS0
2025-04-23,2025,4,삼성,KIA,home,7,2,W,1,0,0,5,대구,20250423HTSS0,https://www.koreabaseball.com/Schedule/GameCenter/Main.aspx?gameDate=20250423&gameId=20250423HTSS0
2025-04-24,2025,4,KIA,삼성,away,5,17,L,0,1,0,-12,대구,20250424HTSS0,https://www.koreabaseball.com/Schedule/GameCenter/Main.aspx?gameDate=20250424&gameId=20250424HTSS0
2025-04-24,2025,4,삼성,KIA,home,17,5,W,1,0,0,12,대구,20250424HTSS0,https://www.koreabaseball.com/Schedule/GameCenter/Main.aspx?gameDate=20250424&gameId=20250424HTSS0
2025-04-25,2025,4,KIA,LG,home,5,6,L,0,1,0,-1,광주,20250425LGHT0,https://www.koreabaseball.com/Schedule/GameCenter/Main.aspx?gameDate=20250425&gameId=20250425LGHT0
2025-04-25,2025,4,삼성,NC,home,10,6,W,1,0,0,4,대구,20250425NCSS0,https://www.koreabaseball.com/Schedule/GameCenter/Main.aspx?gameDate=20250425&gameId=20250425NCSS0
2025-04-26,2025,4,KIA,LG,home,8,4,W,1,0,0,4,광주,20250426LGHT0,https://www.koreabaseball.com/Schedule/GameCenter/Main.aspx?gameDate=20250426&gameId=20250426LGHT0
2025-04-26,2025,4,삼성,NC,home,9,1,W,1,0,0,8,대구,20250426NCSS0,https://www.koreabaseball.com/Schedule/GameCenter/Main.aspx?gameDate=20250426&gameId=20250426NCSS0
2025-04-27,2025,4,KIA,LG,home,3,2,W,1,0,0,1,광주,20250427LGHT0,https://www.koreabaseball.com/Schedule/GameCenter/Main.aspx?gameDate=20250427&gameId=20250427LGHT0
2025-04-27,2025,4,삼성,NC,home,8,4,W,1,0,0,4,대구,20250427NCSS0,https://www.koreabaseball.com/Schedule/GameCenter/Main.aspx?gameDate=20250427&gameId=20250427NCSS0
2025-04-29,2025,4,KIA,NC,home,13,3,W,1,0,0,10,광주,20250429NCHT0,https://www.koreabaseball.com/Schedule/GameCenter/Main.aspx?gameDate=20250429&gameId=20250429NCHT0
2025-04-29,2025,4,삼성,SSG,away,3,1,W,1,0,0,2,문학,20250429SSSK0,https://www.koreabaseball.com/Schedule/GameCenter/Main.aspx?gameDate=20250429&gameId=20250429SSSK0
2025-04-30,2025,4,KIA,NC,home,0,7,L,0,1,0,-7,광주,20250430NCHT0,https://www.koreabaseball.com/Schedule/GameCenter/Main.aspx?gameDate=20250430&gameId=20250430NCHT0
2025-04-30,2025,4,삼성,SSG,away,6,6,D,0,0,1,0,문학,20250430SSSK0,https://www.koreabaseball.com/Schedule/GameCenter/Main.aspx?gameDate=20250430&gameId=20250430SSSK0
2025-05-01,2025,5,삼성,SSG,away,1,4,L,0,1,0,-3,문학,20250501SSSK0,https://www.koreabaseball.com/Schedule/GameCenter/Main.aspx?gameDate=20250501&gameId=20250501SSSK0
2025-05-02,2025,5,KIA,한화,home,2,3,L,0,1,0,-1,광주,20250502HHHT0,https://www.koreabaseball.com/Schedule/GameCenter/Main.aspx?gameDate=20250502&gameId=20250502HHHT0
2025-05-02,2025,5,삼성,두산,home,6,2,W,1,0,0,4,대구,20250502OBSS0,https://www.koreabaseball.com/Schedule/GameCenter/Main.aspx?gameDate=20250502&gameId=20250502OBSS0
2025-05-03,2025,5,삼성,두산,home,1,6,L,0,1,0,-5,대구,20250503OBSS0,https://www.koreabaseball.com/Schedule/GameCenter/Main.aspx?gameDate=20250503&gameId=20250503OBSS0
2025-05-04,2025,5,KIA,한화,home,1,3,L,0,1,0,-2,광주,20250504HHHT0,https://www.koreabaseball.com/Schedule/GameCenter/Main.aspx?gameDate=20250504&gameId=20250504HHHT0
2025-05-04,2025,5,삼성,두산,home,6,11,L,0,1,0,-5,대구,20250504OBSS0,https://www.koreabaseball.com/Schedule/GameCenter/Main.aspx?gameDate=20250504&gameId=20250504OBSS0
2025-05-05,2025,5,KIA,키움,away,13,1,W,1,0,0,12,고척,20250505HTWO0,https://www.koreabaseball.com/Schedule/GameCenter/Main.aspx?gameDate=20250505&gameId=20250505HTWO0
2025-05-05,2025,5,삼성,한화,away,1,3,L,0,1,0,-2,대전,20250505SSHH0,https://www.koreabaseball.com/Schedule/GameCenter/Main.aspx?gameDate=20250505&gameId=20250505SSHH0
2025-05-06,2025,5,KIA,키움,away,5,3,W,1,0,0,2,고척,20250506HTWO0,https://www.koreabaseball.com/Schedule/GameCenter/Main.aspx?gameDate=20250506&gameId=20250506HTWO0
2025-05-06,2025,5,삼성,한화,away,1,3,L,0,1,0,-2,대전,20250506SSHH0,https://www.koreabaseball.com/Schedule/GameCenter/Main.aspx?gameDate=20250506&gameId=20250506SSHH0
2025-05-07,2025,5,KIA,키움,away,10,11,L,0,1,0,-1,고척,20250507HTWO0,https://www.koreabaseball.com/Schedule/GameCenter/Main.aspx?gameDate=20250507&gameId=20250507HTWO0
2025-05-07,2025,5,삼성,한화,away,6,10,L,0,1,0,-4,대전,20250507SSHH0,https://www.koreabaseball.com/Schedule/GameCenter/Main.aspx?gameDate=20250507&gameId=20250507SSHH0
2025-05-10,2025,5,KIA,SSG,away,5,4,W,1,0,0,1,문학,20250510HTSK0,https://www.koreabaseball.com/Schedule/GameCenter/Main.aspx?gameDate=20250510&gameId=20250510HTSK0
2025-05-10,2025,5,삼성,LG,home,4,5,L,0,1,0,-1,대구,20250510LGSS1,https://www.koreabaseball.com/Schedule/GameCenter/Main.aspx?gameDate=20250510&gameId=20250510LGSS1
2025-05-10,2025,5,삼성,LG,home,1,4,L,0,1,0,-3,대구,20250510LGSS2,https://www.koreabaseball.com/Schedule/GameCenter/Main.aspx?gameDate=20250510&gameId=20250510LGSS2
2025-05-11,2025,5,KIA,SSG,away,4,8,L,0,1,0,-4,문학,20250511HTSK1,https://www.koreabaseball.com/Schedule/GameCenter/Main.aspx?gameDate=20250511&gameId=20250511HTSK1
2025-05-11,2025,5,KIA,SSG,away,1,5,L,0,1,0,-4,문학,20250511HTSK2,https://www.koreabaseball.com/Schedule/GameCenter/Main.aspx?gameDate=20250511&gameId=20250511HTSK2
2025-05-11,2025,5,삼성,LG,home,4,7,L,0,1,0,-3,대구,20250511LGSS0,https://www.koreabaseball.com/Schedule/GameCenter/Main.aspx?gameDate=20250511&gameId=20250511LGSS0
2025-05-13,2025,5,삼성,KT,home,5,3,W,1,0,0,2,포항,20250513KTSS0,https://www.koreabaseball.com/Schedule/GameCenter/Main.aspx?gameDate=20250513&gameId=20250513KTSS0
2025-05-13,2025,5,KIA,롯데,home,4,1,W,1,0,0,3,광주,20250513LTHT0,https://www.koreabaseball.com/Schedule/GameCenter/Main.aspx?gameDate=20250513&gameId=20250513LTHT0
2025-05-14,2025,5,삼성,KT,home,2,3,L,0,1,0,-1,포항,20250514KTSS0,https://www.koreabaseball.com/Schedule/GameCenter/Main.aspx?gameDate=20250514&gameId=20250514KTSS0
2025-05-14,2025,5,KIA,롯데,home,0,4,L,0,1,0,-4,광주,20250514LTHT0,https://www.koreabaseball.com/Schedule/GameCenter/Main.aspx?gameDate=20250514&gameId=20250514LTHT0
2025-05-15,2025,5,삼성,KT,home,13,0,W,1,0,0,13,포항,20250515KTSS0,https://www.koreabaseball.com/Schedule/GameCenter/Main.aspx?gameDate=20250515&gameId=20250515KTSS0
2025-05-15,2025,5,KIA,롯데,home,7,6,W,1,0,0,1,광주,20250515LTHT0,https://www.koreabaseball.com/Schedule/GameCenter/Main.aspx?gameDate=20250515&gameId=20250515LTHT0
2025-05-17,2025,5,KIA,두산,home,5,2,W,1,0,0,3,광주,20250517OBHT1,https://www.koreabaseball.com/Schedule/GameCenter/Main.aspx?gameDate=20250517&gameId=20250517OBHT1
2025-05-17,2025,5,KIA,두산,home,4,1,W,1,0,0,3,광주,20250517OBHT2,https://www.koreabaseball.com/Schedule/GameCenter/Main.aspx?gameDate=20250517&gameId=20250517OBHT2
2025-05-17,2025,5,삼성,롯데,away,5,7,L,0,1,0,-2,사직,20250517SSLT1,https://www.koreabaseball.com/Schedule/GameCenter/Main.aspx?gameDate=20250517&gameId=20250517SSLT1
2025-05-17,2025,5,삼성,롯데,away,7,8,L,0,1,0,-1,사직,20250517SSLT2,https://www.koreabaseball.com/Schedule/GameCenter/Main.aspx?gameDate=20250517&gameId=20250517SSLT2
2025-05-18,2025,5,KIA,두산,home,5,4,W,1,0,0,1,광주,20250518OBHT0,https://www.koreabaseball.com/Schedule/GameCenter/Main.aspx?gameDate=20250518&gameId=20250518OBHT0
2025-05-18,2025,5,삼성,롯데,away,3,6,L,0,1,0,-3,사직,20250518SSLT0,https://www.koreabaseball.com/Schedule/GameCenter/Main.aspx?gameDate=20250518&gameId=20250518SSLT0
2025-05-20,2025,5,KIA,KT,away,3,5,L,0,1,0,-2,수원,20250520HTKT0,https://www.koreabaseball.com/Schedule/GameCenter/Main.aspx?gameDate=20250520&gameId=20250520HTKT0
2025-05-20,2025,5,삼성,키움,away,6,3,W,1,0,0,3,고척,20250520SSWO0,https://www.koreabaseball.com/Schedule/GameCenter/Main.aspx?gameDate=20250520&gameId=20250520SSWO0
2025-05-21,2025,5,KIA,KT,away,1,3,L,0,1,0,-2,수원,20250521HTKT0,https://www.koreabaseball.com/Schedule/GameCenter/Main.aspx?gameDate=20250521&gameId=20250521HTKT0
2025-05-21,2025,5,삼성,키움,away,6,1,W,1,0,0,5,고척,20250521SSWO0,https://www.koreabaseball.com/Schedule/GameCenter/Main.aspx?gameDate=20250521&gameId=20250521SSWO0
2025-05-22,2025,5,KIA,KT,away,8,3,W,1,0,0,5,수원,20250522HTKT0,https://www.koreabaseball.com/Schedule/GameCenter/Main.aspx?gameDate=20250522&gameId=20250522HTKT0
2025-05-22,2025,5,삼성,키움,away,2,0,W,1,0,0,2,고척,20250522SSWO0,https://www.koreabaseball.com/Schedule/GameCenter/Main.aspx?gameDate=20250522&gameId=20250522SSWO0
2025-05-23,2025,5,KIA,삼성,away,7,6,W,1,0,0,1,대구,20250523HTSS0,https://www.koreabaseball.com/Schedule/GameCenter/Main.aspx?gameDate=20250523&gameId=20250523HTSS0
2025-05-23,2025,5,삼성,KIA,home,6,7,L,0,1,0,-1,대구,20250523HTSS0,https://www.koreabaseball.com/Schedule/GameCenter/Main.aspx?gameDate=20250523&gameId=20250523HTSS0
2025-05-24,2025,5,KIA,삼성,away,4,8,L,0,1,0,-4,대구,20250524HTSS0,https://www.koreabaseball.com/Schedule/GameCenter/Main.aspx?gameDate=20250524&gameId=20250524HTSS0
2025-05-24,2025,5,삼성,KIA,home,8,4,W,1,0,0,4,대구,20250524HTSS0,https://www.koreabaseball.com/Schedule/GameCenter/Main.aspx?gameDate=20250524&gameId=20250524HTSS0
2025-05-25,2025,5,KIA,삼성,away,2,3,L,0,1,0,-1,대구,20250525HTSS0,https://www.koreabaseball.com/Schedule/GameCenter/Main.aspx?gameDate=20250525&gameId=20250525HTSS0
2025-05-25,2025,5,삼성,KIA,home,3,2,W,1,0,0,1,대구,20250525HTSS0,https://www.koreabaseball.com/Schedule/GameCenter/Main.aspx?gameDate=20250525&gameId=20250525HTSS0
2025-05-27,2025,5,삼성,롯데,home,7,3,W,1,0,0,4,대구,20250527LTSS0,https://www.koreabaseball.com/Schedule/GameCenter/Main.aspx?gameDate=20250527&gameId=20250527LTSS0
2025-05-27,2025,5,KIA,키움,home,7,5,W,1,0,0,2,광주,20250527WOHT0,https://www.koreabaseball.com/Schedule/GameCenter/Main.aspx?gameDate=20250527&gameId=20250527WOHT0
2025-05-28,2025,5,KIA,키움,home,13,7,W,1,0,0,6,광주,20250528WOHT0,https://www.koreabaseball.com/Schedule/GameCenter/Main.aspx?gameDate=20250528&gameId=20250528WOHT0
2025-05-29,2025,5,삼성,롯데,home,9,3,W,1,0,0,6,대구,20250529LTSS0,https://www.koreabaseball.com/Schedule/GameCenter/Main.aspx?gameDate=20250529&gameId=20250529LTSS0
2025-05-29,2025,5,KIA,키움,home,3,3,D,0,0,1,0,광주,20250529WOHT0,https://www.koreabaseball.com/Schedule/GameCenter/Main.aspx?gameDate=20250529&gameId=20250529WOHT0
2025-05-30,2025,5,KIA,KT,away,1,3,L,0,1,0,-2,수원,20250530HTKT0,https://www.koreabaseball.com/Schedule/GameCenter/Main.aspx?gameDate=20250530&gameId=20250530HTKT0
2025-05-30,2025,5,삼성,LG,away,4,3,W,1,0,0,1,잠실,20250530SSLG0,https://www.koreabaseball.com/Schedule/GameCenter/Main.aspx?gameDate=20250530&gameId=20250530SSLG0
2025-05-31,2025,5,KIA,KT,away,1,5,L,0,1,0,-4,수원,20250531HTKT0,https://www.koreabaseball.com/Schedule/GameCenter/Main.aspx?gameDate=20250531&gameId=20250531HTKT0
2025-05-31,2025,5,삼성,LG,away,4,2,W,1,0,0,2,잠실,20250531SSLG0,https://www.koreabaseball.com/Schedule/GameCenter/Main.aspx?gameDate=20250531&gameId=20250531SSLG0
2025-06-01,2025,6,KIA,KT,away,5,3,W,1,0,0,2,수원,20250601HTKT0,https://www.koreabaseball.com/Schedule/GameCenter/Main.aspx?gameDate=20250601&gameId=20250601HTKT0
2025-06-01,2025,6,삼성,LG,away,6,4,W,1,0,0,2,잠실,20250601SSLG0,https://www.koreabaseball.com/Schedule/GameCenter/Main.aspx?gameDate=20250601&gameId=20250601SSLG0
2025-06-03,2025,6,KIA,두산,away,11,3,W,1,0,0,8,잠실,20250603HTOB0,https://www.koreabaseball.com/Schedule/GameCenter/Main.aspx?gameDate=20250603&gameId=20250603HTOB0
2025-06-03,2025,6,삼성,SSG,away,4,6,L,0,1,0,-2,문학,20250603SSSK0,https://www.koreabaseball.com/Schedule/GameCenter/Main.aspx?gameDate=20250603&gameId=20250603SSSK0
2025-06-04,2025,6,KIA,두산,away,8,3,W,1,0,0,5,잠실,20250604HTOB0,https://www.koreabaseball.com/Schedule/GameCenter/Main.aspx?gameDate=20250604&gameId=20250604HTOB0
2025-06-04,2025,6,삼성,SSG,away,1,4,L,0,1,0,-3,문학,20250604SSSK0,https://www.koreabaseball.com/Schedule/GameCenter/Main.aspx?gameDate=20250604&gameId=20250604SSSK0
2025-06-05,2025,6,KIA,두산,away,1,2,L,0,1,0,-1,잠실,20250605HTOB0,https://www.koreabaseball.com/Schedule/GameCenter/Main.aspx?gameDate=20250605&gameId=20250605HTOB0
2025-06-05,2025,6,삼성,SSG,away,3,1,W,1,0,0,2,문학,20250605SSSK0,https://www.koreabaseball.com/Schedule/GameCenter/Main.aspx?gameDate=20250605&gameId=20250605SSSK0
2025-06-06,2025,6,KIA,한화,home,3,2,W,1,0,0,1,광주,20250606HHHT0,https://www.koreabaseball.com/Schedule/GameCenter/Main.aspx?gameDate=20250606&gameId=20250606HHHT0
2025-06-06,2025,6,삼성,NC,home,7,3,W,1,0,0,4,대구,20250606NCSS0,https://www.koreabaseball.com/Schedule/GameCenter/Main.aspx?gameDate=20250606&gameId=20250606NCSS0
2025-06-07,2025,6,KIA,한화,home,2,3,L,0,1,0,-1,광주,20250607HHHT0,https://www.koreabaseball.com/Schedule/GameCenter/Main.aspx?gameDate=20250607&gameId=20250607HHHT0
2025-06-07,2025,6,삼성,NC,home,7,11,L,0,1,0,-4,대구,20250607NCSS0,https://www.koreabaseball.com/Schedule/GameCenter/Main.aspx?gameDate=20250607&gameId=20250607NCSS0
2025-06-08,2025,6,KIA,한화,home,7,6,W,1,0,0,1,광주,20250608HHHT0,https://www.koreabaseball.com/Schedule/GameCenter/Main.aspx?gameDate=20250608&gameId=20250608HHHT0
2025-06-08,2025,6,삼성,NC,home,1,0,W,1,0,0,1,대구,20250608NCSS0,https://www.koreabaseball.com/Schedule/GameCenter/Main.aspx?gameDate=20250608&gameId=20250608NCSS0
2025-06-10,2025,6,KIA,삼성,home,0,8,L,0,1,0,-8,광주,20250610SSHT0,https://www.koreabaseball.com/Schedule/GameCenter/Main.aspx?gameDate=20250610&gameId=20250610SSHT0
2025-06-10,2025,6,삼성,KIA,away,8,0,W,1,0,0,8,광주,20250610SSHT0,https://www.koreabaseball.com/Schedule/GameCenter/Main.aspx?gameDate=20250610&gameId=20250610SSHT0
2025-06-11,2025,6,KIA,삼성,home,6,3,W,1,0,0,3,광주,20250611SSHT0,https://www.koreabaseball.com/Schedule/GameCenter/Main.aspx?gameDate=20250611&gameId=20250611SSHT0
2025-06-11,2025,6,삼성,KIA,away,3,6,L,0,1,0,-3,광주,20250611SSHT0,https://www.koreabaseball.com/Schedule/GameCenter/Main.aspx?gameDate=20250611&gameId=20250611SSHT0
2025-06-12,2025,6,KIA,삼성,home,1,2,L,0,1,0,-1,광주,20250612SSHT0,https://www.koreabaseball.com/Schedule/GameCenter/Main.aspx?gameDate=20250612&gameId=20250612SSHT0
2025-06-12,2025,6,삼성,KIA,away,2,1,W,1,0,0,1,광주,20250612SSHT0,https://www.koreabaseball.com/Schedule/GameCenter/Main.aspx?gameDate=20250612&gameId=20250612SSHT0
2025-06-13,2025,6,KIA,NC,away,1,4,L,0,1,0,-3,창원,20250613HTNC0,https://www.koreabaseball.com/Schedule/GameCenter/Main.aspx?gameDate=20250613&gameId=20250613HTNC0
2025-06-14,2025,6,KIA,NC,away,9,8,W,1,0,0,1,창원,20250614HTNC0,https://www.koreabaseball.com/Schedule/GameCenter/Main.aspx?gameDate=20250614&gameId=20250614HTNC0
2025-06-14,2025,6,삼성,KT,home,3,10,L,0,1,0,-7,대구,20250614KTSS0,https://www.koreabaseball.com/Schedule/GameCenter/Main.aspx?gameDate=20250614&gameId=20250614KTSS0
2025-06-15,2025,6,KIA,NC,away,4,2,W,1,0,0,2,창원,20250615HTNC0,https://www.koreabaseball.com/Schedule/GameCenter/Main.aspx?gameDate=20250615&gameId=20250615HTNC0
2025-06-15,2025,6,삼성,KT,home,4,16,L,0,1,0,-12,대구,20250615KTSS0,https://www.koreabaseball.com/Schedule/GameCenter/Main.aspx?gameDate=20250615&gameId=20250615KTSS0
2025-06-17,2025,6,KIA,KT,home,10,3,W,1,0,0,7,광주,20250617KTHT0,https://www.koreabaseball.com/Schedule/GameCenter/Main.aspx?gameDate=20250617&gameId=20250617KTHT0
2025-06-17,2025,6,삼성,두산,home,12,1,W,1,0,0,11,대구,20250617OBSS0,https://www.koreabaseball.com/Schedule/GameCenter/Main.aspx?gameDate=20250617&gameId=20250617OBSS0
2025-06-18,2025,6,KIA,KT,home,5,3,W,1,0,0,2,광주,20250618KTHT0,https://www.koreabaseball.com/Schedule/GameCenter/Main.aspx?gameDate=20250618&gameId=20250618KTHT0
2025-06-18,2025,6,삼성,두산,home,6,3,W,1,0,0,3,대구,20250618OBSS0,https://www.koreabaseball.com/Schedule/GameCenter/Main.aspx?gameDate=20250618&gameId=20250618OBSS0
2025-06-19,2025,6,KIA,KT,home,5,0,W,1,0,0,5,광주,20250619KTHT0,https://www.koreabaseball.com/Schedule/GameCenter/Main.aspx?gameDate=20250619&gameId=20250619KTHT0
2025-06-19,2025,6,삼성,두산,home,8,9,L,0,1,0,-1,대구,20250619OBSS0,https://www.koreabaseball.com/Schedule/GameCenter/Main.aspx?gameDate=20250619&gameId=20250619OBSS0
2025-06-20,2025,6,삼성,롯데,away,1,3,L,0,1,0,-2,사직,20250620SSLT0,https://www.koreabaseball.com/Schedule/GameCenter/Main.aspx?gameDate=20250620&gameId=20250620SSLT0
2025-06-21,2025,6,KIA,SSG,away,5,5,D,0,0,1,0,문학,20250621HTSK0,https://www.koreabaseball.com/Schedule/GameCenter/Main.aspx?gameDate=20250621&gameId=20250621HTSK0
2025-06-22,2025,6,KIA,SSG,away,5,4,W,1,0,0,1,문학,20250622HTSK0,https://www.koreabaseball.com/Schedule/GameCenter/Main.aspx?gameDate=20250622&gameId=20250622HTSK0
2025-06-22,2025,6,삼성,롯데,away,6,9,L,0,1,0,-3,사직,20250622SSLT0,https://www.koreabaseball.com/Schedule/GameCenter/Main.aspx?gameDate=20250622&gameId=20250622SSLT0
2025-06-24,2025,6,KIA,키움,away,6,9,L,0,1,0,-3,고척,20250624HTWO0,https://www.koreabaseball.com/Schedule/GameCenter/Main.aspx?gameDate=20250624&gameId=20250624HTWO0
2025-06-25,2025,6,삼성,한화,home,7,2,W,1,0,0,5,대구,20250625HHSS0,https://www.koreabaseball.com/Schedule/GameCenter/Main.aspx?gameDate=20250625&gameId=20250625HHSS0
2025-06-25,2025,6,KIA,키움,away,6,3,W,1,0,0,3,고척,20250625HTWO0,https://www.koreabaseball.com/Schedule/GameCenter/Main.aspx?gameDate=20250625&gameId=20250625HTWO0
2025-06-26,2025,6,삼성,한화,home,1,3,L,0,1,0,-2,대구,20250626HHSS0,https://www.koreabaseball.com/Schedule/GameCenter/Main.aspx?gameDate=20250626&gameId=20250626HHSS0
2025-06-26,2025,6,KIA,키움,away,5,5,D,0,0,1,0,고척,20250626HTWO0,https://www.koreabaseball.com/Schedule/GameCenter/Main.aspx?gameDate=20250626&gameId=20250626HTWO0
2025-06-27,2025,6,KIA,LG,away,3,4,L,0,1,0,-1,잠실,20250627HTLG0,https://www.koreabaseball.com/Schedule/GameCenter/Main.aspx?gameDate=20250627&gameId=20250627HTLG0
2025-06-27,2025,6,삼성,키움,away,4,5,L,0,1,0,-1,고척,20250627SSWO0,https://www.koreabaseball.com/Schedule/GameCenter/Main.aspx?gameDate=20250627&gameId=20250627SSWO0
2025-06-28,2025,6,KIA,LG,away,9,8,W,1,0,0,1,잠실,20250628HTLG0,https://www.koreabaseball.com/Schedule/GameCenter/Main.aspx?gameDate=20250628&gameId=20250628HTLG0
2025-06-28,2025,6,삼성,키움,away,0,9,L,0,1,0,-9,고척,20250628SSWO0,https://www.koreabaseball.com/Schedule/GameCenter/Main.aspx?gameDate=20250628&gameId=20250628SSWO0
2025-06-29,2025,6,KIA,LG,away,12,2,W,1,0,0,10,잠실,20250629HTLG0,https://www.koreabaseball.com/Schedule/GameCenter/Main.aspx?gameDate=20250629&gameId=20250629HTLG0
2025-06-29,2025,6,삼성,키움,away,7,10,L,0,1,0,-3,고척,20250629SSWO0,https://www.koreabaseball.com/Schedule/GameCenter/Main.aspx?gameDate=20250629&gameId=20250629SSWO0
2025-07-01,2025,7,KIA,SSG,home,3,2,W,1,0,0,1,광주,20250701SKHT0,https://www.koreabaseball.com/Schedule/GameCenter/Main.aspx?gameDate=20250701&gameId=20250701SKHT0
2025-07-01,2025,7,삼성,두산,away,4,1,W,1,0,0,3,잠실,20250701SSOB0,https://www.koreabaseball.com/Schedule/GameCenter/Main.aspx?gameDate=20250701&gameId=20250701SSOB0
2025-07-02,2025,7,KIA,SSG,home,5,8,L,0,1,0,-3,광주,20250702SKHT0,https://www.koreabaseball.com/Schedule/GameCenter/Main.aspx?gameDate=20250702&gameId=20250702SKHT0
2025-07-02,2025,7,삼성,두산,away,0,5,L,0,1,0,-5,잠실,20250702SSOB0,https://www.koreabaseball.com/Schedule/GameCenter/Main.aspx?gameDate=20250702&gameId=20250702SSOB0
2025-07-03,2025,7,KIA,SSG,home,3,2,W,1,0,0,1,광주,20250703SKHT0,https://www.koreabaseball.com/Schedule/GameCenter/Main.aspx?gameDate=20250703&gameId=20250703SKHT0
2025-07-03,2025,7,삼성,두산,away,6,4,W,1,0,0,2,잠실,20250703SSOB0,https://www.koreabaseball.com/Schedule/GameCenter/Main.aspx?gameDate=20250703&gameId=20250703SSOB0
2025-07-04,2025,7,삼성,LG,home,4,1,W,1,0,0,3,대구,20250704LGSS0,https://www.koreabaseball.com/Schedule/GameCenter/Main.aspx?gameDate=20250704&gameId=20250704LGSS0
2025-07-04,2025,7,KIA,롯데,home,7,5,W,1,0,0,2,광주,20250704LTHT0,https://www.koreabaseball.com/Schedule/GameCenter/Main.aspx?gameDate=20250704&gameId=20250704LTHT0
2025-07-05,2025,7,삼성,LG,home,7,6,W,1,0,0,1,대구,20250705LGSS0,https://www.koreabaseball.com/Schedule/GameCenter/Main.aspx?gameDate=20250705&gameId=20250705LGSS0
2025-07-05,2025,7,KIA,롯데,home,13,0,W,1,0,0,13,광주,20250705LTHT0,https://www.koreabaseball.com/Schedule/GameCenter/Main.aspx?gameDate=20250705&gameId=20250705LTHT0
2025-07-06,2025,7,삼성,LG,home,2,4,L,0,1,0,-2,대구,20250706LGSS0,https://www.koreabaseball.com/Schedule/GameCenter/Main.aspx?gameDate=20250706&gameId=20250706LGSS0
2025-07-06,2025,7,KIA,롯데,home,2,5,L,0,1,0,-3,광주,20250706LTHT0,https://www.koreabaseball.com/Schedule/GameCenter/Main.aspx?gameDate=20250706&gameId=20250706LTHT0
2025-07-08,2025,7,KIA,한화,away,8,14,L,0,1,0,-6,대전,20250708HTHH0,https://www.koreabaseball.com/Schedule/GameCenter/Main.aspx?gameDate=20250708&gameId=20250708HTHH0
2025-07-08,2025,7,삼성,NC,away,9,10,L,0,1,0,-1,창원,20250708SSNC0,https://www.koreabaseball.com/Schedule/GameCenter/Main.aspx?gameDate=20250708&gameId=20250708SSNC0
2025-07-09,2025,7,KIA,한화,away,4,7,L,0,1,0,-3,대전,20250709HTHH0,https://www.koreabaseball.com/Schedule/GameCenter/Main.aspx?gameDate=20250709&gameId=20250709HTHH0
2025-07-09,2025,7,삼성,NC,away,0,3,L,0,1,0,-3,창원,20250709SSNC0,https://www.koreabaseball.com/Schedule/GameCenter/Main.aspx?gameDate=20250709&gameId=20250709SSNC0
2025-07-10,2025,7,KIA,한화,away,2,3,L,0,1,0,-1,대전,20250710HTHH0,https://www.koreabaseball.com/Schedule/GameCenter/Main.aspx?gameDate=20250710&gameId=20250710HTHH0
2025-07-10,2025,7,삼성,NC,away,5,7,L,0,1,0,-2,창원,20250710SSNC0,https://www.koreabaseball.com/Schedule/GameCenter/Main.aspx?gameDate=20250710&gameId=20250710SSNC0
2025-07-20,2025,7,KIA,NC,home,3,2,W,1,0,0,1,광주,20250720NCHT0,https://www.koreabaseball.com/Schedule/GameCenter/Main.aspx?gameDate=20250720&gameId=20250720NCHT0
2025-07-20,2025,7,삼성,키움,home,15,10,W,1,0,0,5,대구,20250720WOSS0,https://www.koreabaseball.com/Schedule/GameCenter/Main.aspx?gameDate=20250720&gameId=20250720WOSS0
2025-07-22,2025,7,KIA,LG,home,7,9,L,0,1,0,-2,광주,20250722LGHT0,https://www.koreabaseball.com/Schedule/GameCenter/Main.aspx?gameDate=20250722&gameId=20250722LGHT0
2025-07-22,2025,7,삼성,SSG,home,7,5,W,1,0,0,2,대구,20250722SKSS0,https://www.koreabaseball.com/Schedule/GameCenter/Main.aspx?gameDate=20250722&gameId=20250722SKSS0
2025-07-23,2025,7,KIA,LG,home,5,6,L,0,1,0,-1,광주,20250723LGHT0,https://www.koreabaseball.com/Schedule/GameCenter/Main.aspx?gameDate=20250723&gameId=20250723LGHT0
2025-07-23,2025,7,삼성,SSG,home,9,0,W,1,0,0,9,대구,20250723SKSS0,https://www.koreabaseball.com/Schedule/GameCenter/Main.aspx?gameDate=20250723&gameId=20250723SKSS0
2025-07-24,2025,7,KIA,LG,home,0,8,L,0,1,0,-8,광주,20250724LGHT0,https://www.koreabaseball.com/Schedule/GameCenter/Main.aspx?gameDate=20250724&gameId=20250724LGHT0
2025-07-24,2025,7,삼성,SSG,home,1,3,L,0,1,0,-2,대구,20250724SKSS0,https://www.koreabaseball.com/Schedule/GameCenter/Main.aspx?gameDate=20250724&gameId=20250724SKSS0
2025-07-25,2025,7,KIA,롯데,away,4,7,L,0,1,0,-3,사직,20250725HTLT0,https://www.koreabaseball.com/Schedule/GameCenter/Main.aspx?gameDate=20250725&gameId=20250725HTLT0
2025-07-25,2025,7,삼성,KT,away,5,8,L,0,1,0,-3,수원,20250725SSKT0,https://www.koreabaseball.com/Schedule/GameCenter/Main.aspx?gameDate=20250725&gameId=20250725SSKT0
2025-07-26,2025,7,KIA,롯데,away,4,9,L,0,1,0,-5,사직,20250726HTLT0,https://www.koreabaseball.com/Schedule/GameCenter/Main.aspx?gameDate=20250726&gameId=20250726HTLT0
2025-07-26,2025,7,삼성,KT,away,11,0,W,1,0,0,11,수원,20250726SSKT0,https://www.koreabaseball.com/Schedule/GameCenter/Main.aspx?gameDate=20250726&gameId=20250726SSKT0
2025-07-27,2025,7,KIA,롯데,away,3,5,L,0,1,0,-2,사직,20250727HTLT0,https://www.koreabaseball.com/Schedule/GameCenter/Main.aspx?gameDate=20250727&gameId=20250727HTLT0
2025-07-27,2025,7,삼성,KT,away,3,4,L,0,1,0,-1,수원,20250727SSKT0,https://www.koreabaseball.com/Schedule/GameCenter/Main.aspx?gameDate=20250727&gameId=20250727SSKT0
2025-07-29,2025,7,KIA,두산,home,6,9,L,0,1,0,-3,광주,20250729OBHT0,https://www.koreabaseball.com/Schedule/GameCenter/Main.aspx?gameDate=20250729&gameId=20250729OBHT0
2025-07-29,2025,7,삼성,한화,away,9,2,W,1,0,0,7,대전,20250729SSHH0,https://www.koreabaseball.com/Schedule/GameCenter/Main.aspx?gameDate=20250729&gameId=20250729SSHH0
2025-07-30,2025,7,KIA,두산,home,2,2,D,0,0,1,0,광주,20250730OBHT0,https://www.koreabaseball.com/Schedule/GameCenter/Main.aspx?gameDate=20250730&gameId=20250730OBHT0
2025-07-30,2025,7,삼성,한화,away,0,5,L,0,1,0,-5,대전,20250730SSHH0,https://www.koreabaseball.com/Schedule/GameCenter/Main.aspx?gameDate=20250730&gameId=20250730SSHH0
2025-07-31,2025,7,KIA,두산,home,3,2,W,1,0,0,1,광주,20250731OBHT0,https://www.koreabaseball.com/Schedule/GameCenter/Main.aspx?gameDate=20250731&gameId=20250731OBHT0
2025-07-31,2025,7,삼성,한화,away,1,7,L,0,1,0,-6,대전,20250731SSHH0,https://www.koreabaseball.com/Schedule/GameCenter/Main.aspx?gameDate=20250731&gameId=20250731SSHH0
2025-08-01,2025,8,KIA,한화,home,3,2,W,1,0,0,1,광주,20250801HHHT0,https://www.koreabaseball.com/Schedule/GameCenter/Main.aspx?gameDate=20250801&gameId=20250801HHHT0
2025-08-01,2025,8,삼성,LG,home,2,4,L,0,1,0,-2,대구,20250801LGSS0,https://www.koreabaseball.com/Schedule/GameCenter/Main.aspx?gameDate=20250801&gameId=20250801LGSS0
2025-08-02,2025,8,삼성,LG,home,2,3,L,0,1,0,-1,대구,20250802LGSS0,https://www.koreabaseball.com/Schedule/GameCenter/Main.aspx?gameDate=20250802&gameId=20250802LGSS0
2025-08-03,2025,8,삼성,LG,home,3,6,L,0,1,0,-3,대구,20250803LGSS0,https://www.koreabaseball.com/Schedule/GameCenter/Main.aspx?gameDate=20250803&gameId=20250803LGSS0
2025-08-05,2025,8,KIA,롯데,away,2,0,W,1,0,0,2,사직,20250805HTLT0,https://www.koreabaseball.com/Schedule/GameCenter/Main.aspx?gameDate=20250805&gameId=20250805HTLT0
2025-08-05,2025,8,삼성,SSG,away,6,2,W,1,0,0,4,문학,20250805SSSK0,https://www.koreabaseball.com/Schedule/GameCenter/Main.aspx?gameDate=20250805&gameId=20250805SSSK0
2025-08-06,2025,8,KIA,롯데,away,1,7,L,0,1,0,-6,사직,20250806HTLT0,https://www.koreabaseball.com/Schedule/GameCenter/Main.aspx?gameDate=20250806&gameId=20250806HTLT0
2025-08-06,2025,8,삼성,SSG,away,4,5,L,0,1,0,-1,문학,20250806SSSK0,https://www.koreabaseball.com/Schedule/GameCenter/Main.aspx?gameDate=20250806&gameId=20250806SSSK0
2025-08-07,2025,8,KIA,롯데,away,6,5,W,1,0,0,1,사직,20250807HTLT0,https://www.koreabaseball.com/Schedule/GameCenter/Main.aspx?gameDate=20250807&gameId=20250807HTLT0
2025-08-07,2025,8,삼성,SSG,away,6,1,W,1,0,0,5,문학,20250807SSSK0,https://www.koreabaseball.com/Schedule/GameCenter/Main.aspx?gameDate=20250807&gameId=20250807SSSK0
2025-08-08,2025,8,KIA,NC,away,4,5,L,0,1,0,-1,창원,20250808HTNC0,https://www.koreabaseball.com/Schedule/GameCenter/Main.aspx?gameDate=20250808&gameId=20250808HTNC0
2025-08-08,2025,8,삼성,KT,away,8,4,W,1,0,0,4,수원,20250808SSKT0,https://www.koreabaseball.com/Schedule/GameCenter/Main.aspx?gameDate=20250808&gameId=20250808SSKT0
2025-08-09,2025,8,삼성,KT,away,1,3,L,0,1,0,-2,수원,20250809SSKT0,https://www.koreabaseball.com/Schedule/GameCenter/Main.aspx?gameDate=20250809&gameId=20250809SSKT0
2025-08-10,2025,8,KIA,NC,away,12,16,L,0,1,0,-4,창원,20250810HTNC0,https://www.koreabaseball.com/Schedule/GameCenter/Main.aspx?gameDate=20250810&gameId=20250810HTNC0
2025-08-10,2025,8,삼성,KT,away,2,9,L,0,1,0,-7,수원,20250810SSKT0,https://www.koreabaseball.com/Schedule/GameCenter/Main.aspx?gameDate=20250810&gameId=20250810SSKT0
2025-08-12,2025,8,KIA,삼성,away,5,1,W,1,0,0,4,대구,20250812HTSS0,https://www.koreabaseball.com/Schedule/GameCenter/Main.aspx?gameDate=20250812&gameId=20250812HTSS0
2025-08-12,2025,8,삼성,KIA,home,1,5,L,0,1,0,-4,대구,20250812HTSS0,https://www.koreabaseball.com/Schedule/GameCenter/Main.aspx?gameDate=20250812&gameId=20250812HTSS0
2025-08-13,2025,8,KIA,삼성,away,9,1,W,1,0,0,8,대구,20250813HTSS0,https://www.koreabaseball.com/Schedule/GameCenter/Main.aspx?gameDate=20250813&gameId=20250813HTSS0
2025-08-13,2025,8,삼성,KIA,home,1,9,L,0,1,0,-8,대구,20250813HTSS0,https://www.koreabaseball.com/Schedule/GameCenter/Main.aspx?gameDate=20250813&gameId=20250813HTSS0
2025-08-14,2025,8,KIA,삼성,away,10,4,W,1,0,0,6,대구,20250814HTSS0,https://www.koreabaseball.com/Schedule/GameCenter/Main.aspx?gameDate=20250814&gameId=20250814HTSS0
2025-08-14,2025,8,삼성,KIA,home,4,10,L,0,1,0,-6,대구,20250814HTSS0,https://www.koreabaseball.com/Schedule/GameCenter/Main.aspx?gameDate=20250814&gameId=20250814HTSS0
2025-08-15,2025,8,KIA,두산,away,5,6,L,0,1,0,-1,잠실,20250815HTOB0,https://www.koreabaseball.com/Schedule/GameCenter/Main.aspx?gameDate=20250815&gameId=20250815HTOB0
2025-08-15,2025,8,삼성,롯데,away,10,4,W,1,0,0,6,사직,20250815SSLT0,https://www.koreabaseball.com/Schedule/GameCenter/Main.aspx?gameDate=20250815&gameId=20250815SSLT0
2025-08-16,2025,8,KIA,두산,away,3,4,L,0,1,0,-1,잠실,20250816HTOB0,https://www.koreabaseball.com/Schedule/GameCenter/Main.aspx?gameDate=20250816&gameId=20250816HTOB0
2025-08-16,2025,8,삼성,롯데,away,4,1,W,1,0,0,3,사직,20250816SSLT0,https://www.koreabaseball.com/Schedule/GameCenter/Main.aspx?gameDate=20250816&gameId=20250816SSLT0
2025-08-17,2025,8,KIA,두산,away,2,4,L,0,1,0,-2,잠실,20250817HTOB0,https://www.koreabaseball.com/Schedule/GameCenter/Main.aspx?gameDate=20250817&gameId=20250817HTOB0
2025-08-17,2025,8,삼성,롯데,away,8,8,D,0,0,1,0,사직,20250817SSLT0,https://www.koreabaseball.com/Schedule/GameCenter/Main.aspx?gameDate=20250817&gameId=20250817SSLT0
2025-08-19,2025,8,삼성,NC,away,6,2,W,1,0,0,4,창원,20250819SSNC0,https://www.koreabaseball.com/Schedule/GameCenter/Main.aspx?gameDate=20250819&gameId=20250819SSNC0
2025-08-19,2025,8,KIA,키움,home,12,9,W,1,0,0,3,광주,20250819WOHT0,https://www.koreabaseball.com/Schedule/GameCenter/Main.aspx?gameDate=20250819&gameId=20250819WOHT0
2025-08-20,2025,8,삼성,NC,away,4,3,W,1,0,0,1,창원,20250820SSNC0,https://www.koreabaseball.com/Schedule/GameCenter/Main.aspx?gameDate=20250820&gameId=20250820SSNC0
2025-08-20,2025,8,KIA,키움,home,1,6,L,0,1,0,-5,광주,20250820WOHT0,https://www.koreabaseball.com/Schedule/GameCenter/Main.aspx?gameDate=20250820&gameId=20250820WOHT0
2025-08-21,2025,8,삼성,NC,away,5,7,L,0,1,0,-2,창원,20250821SSNC0,https://www.koreabaseball.com/Schedule/GameCenter/Main.aspx?gameDate=20250821&gameId=20250821SSNC0
2025-08-21,2025,8,KIA,키움,home,10,11,L,0,1,0,-1,광주,20250821WOHT0,https://www.koreabaseball.com/Schedule/GameCenter/Main.aspx?gameDate=20250821&gameId=20250821WOHT0
2025-08-22,2025,8,KIA,LG,home,2,14,L,0,1,0,-12,광주,20250822LGHT0,https://www.koreabaseball.com/Schedule/GameCenter/Main.aspx?gameDate=20250822&gameId=20250822LGHT0
2025-08-22,2025,8,삼성,키움,home,8,2,W,1,0,0,6,대구,20250822WOSS0,https://www.koreabaseball.com/Schedule/GameCenter/Main.aspx?gameDate=20250822&gameId=20250822WOSS0
2025-08-23,2025,8,KIA,LG,home,2,6,L,0,1,0,-4,광주,20250823LGHT0,https://www.koreabaseball.com/Schedule/GameCenter/Main.aspx?gameDate=20250823&gameId=20250823LGHT0
2025-08-23,2025,8,삼성,키움,home,12,8,W,1,0,0,4,대구,20250823WOSS0,https://www.koreabaseball.com/Schedule/GameCenter/Main.aspx?gameDate=20250823&gameId=20250823WOSS0
2025-08-24,2025,8,KIA,LG,home,1,2,L,0,1,0,-1,광주,20250824LGHT0,https://www.koreabaseball.com/Schedule/GameCenter/Main.aspx?gameDate=20250824&gameId=20250824LGHT0
2025-08-24,2025,8,삼성,키움,home,7,4,W,1,0,0,3,대구,20250824WOSS0,https://www.koreabaseball.com/Schedule/GameCenter/Main.aspx?gameDate=20250824&gameId=20250824WOSS0
2025-08-26,2025,8,KIA,SSG,away,5,9,L,0,1,0,-4,문학,20250826HTSK0,https://www.koreabaseball.com/Schedule/GameCenter/Main.aspx?gameDate=20250826&gameId=20250826HTSK0
2025-08-26,2025,8,삼성,두산,away,6,2,W,1,0,0,4,잠실,20250826SSOB0,https://www.koreabaseball.com/Schedule/GameCenter/Main.aspx?gameDate=20250826&gameId=20250826SSOB0
2025-08-27,2025,8,KIA,SSG,away,4,2,W,1,0,0,2,문학,20250827HTSK0,https://www.koreabaseball.com/Schedule/GameCenter/Main.aspx?gameDate=20250827&gameId=20250827HTSK0
2025-08-27,2025,8,삼성,두산,away,14,1,W,1,0,0,13,잠실,20250827SSOB0,https://www.koreabaseball.com/Schedule/GameCenter/Main.aspx?gameDate=20250827&gameId=20250827SSOB0
2025-08-28,2025,8,KIA,SSG,away,10,6,W,1,0,0,4,문학,20250828HTSK0,https://www.koreabaseball.com/Schedule/GameCenter/Main.aspx?gameDate=20250828&gameId=20250828HTSK0
2025-08-28,2025,8,삼성,두산,away,6,7,L,0,1,0,-1,잠실,20250828SSOB0,https://www.koreabaseball.com/Schedule/GameCenter/Main.aspx?gameDate=20250828&gameId=20250828SSOB0
2025-08-29,2025,8,KIA,KT,away,10,1,W,1,0,0,9,수원,20250829HTKT0,https://www.koreabaseball.com/Schedule/GameCenter/Main.aspx?gameDate=20250829&gameId=20250829HTKT0
2025-08-29,2025,8,삼성,한화,away,5,3,W,1,0,0,2,대전,20250829SSHH0,https://www.koreabaseball.com/Schedule/GameCenter/Main.aspx?gameDate=20250829&gameId=20250829SSHH0
2025-08-30,2025,8,KIA,KT,away,2,8,L,0,1,0,-6,수원,20250830HTKT0,https://www.koreabaseball.com/Schedule/GameCenter/Main.aspx?gameDate=20250830&gameId=20250830HTKT0
2025-08-30,2025,8,삼성,한화,away,4,0,W,1,0,0,4,대전,20250830SSHH0,https://www.koreabaseball.com/Schedule/GameCenter/Main.aspx?gameDate=20250830&gameId=20250830SSHH0
2025-08-31,2025,8,KIA,KT,away,6,7,L,0,1,0,-1,수원,20250831HTKT0,https://www.koreabaseball.com/Schedule/GameCenter/Main.aspx?gameDate=20250831&gameId=20250831HTKT0
2025-08-31,2025,8,삼성,한화,away,5,3,W,1,0,0,2,대전,20250831SSHH0,https://www.koreabaseball.com/Schedule/GameCenter/Main.aspx?gameDate=20250831&gameId=20250831SSHH0
2025-09-02,2025,9,KIA,한화,away,3,21,L,0,1,0,-18,대전,20250902HTHH0,https://www.koreabaseball.com/Schedule/GameCenter/Main.aspx?gameDate=20250902&gameId=20250902HTHH0
2025-09-03,2025,9,KIA,SSG,home,1,2,L,0,1,0,-1,광주,20250903SKHT0,https://www.koreabaseball.com/Schedule/GameCenter/Main.aspx?gameDate=20250903&gameId=20250903SKHT0
2025-09-03,2025,9,삼성,키움,home,3,4,L,0,1,0,-1,대구,20250903WOSS0,https://www.koreabaseball.com/Schedule/GameCenter/Main.aspx?gameDate=20250903&gameId=20250903WOSS0
2025-09-05,2025,9,삼성,키움,home,8,3,W,1,0,0,5,대구,20250905WOSS0,https://www.koreabaseball.com/Schedule/GameCenter/Main.aspx?gameDate=20250905&gameId=20250905WOSS0
2025-09-06,2025,9,삼성,한화,home,4,7,L,0,1,0,-3,대구,20250906HHSS0,https://www.koreabaseball.com/Schedule/GameCenter/Main.aspx?gameDate=20250906&gameId=20250906HHSS0
2025-09-06,2025,9,KIA,NC,away,8,4,W,1,0,0,4,창원,20250906HTNC0,https://www.koreabaseball.com/Schedule/GameCenter/Main.aspx?gameDate=20250906&gameId=20250906HTNC0
2025-09-07,2025,9,삼성,한화,home,4,3,W,1,0,0,1,대구,20250907HHSS0,https://www.koreabaseball.com/Schedule/GameCenter/Main.aspx?gameDate=20250907&gameId=20250907HHSS0
2025-09-07,2025,9,KIA,NC,away,1,2,L,0,1,0,-1,창원,20250907HTNC0,https://www.koreabaseball.com/Schedule/GameCenter/Main.aspx?gameDate=20250907&gameId=20250907HTNC0
2025-09-10,2025,9,KIA,삼성,home,4,0,W,1,0,0,4,광주,20250910SSHT0,https://www.koreabaseball.com/Schedule/GameCenter/Main.aspx?gameDate=20250910&gameId=20250910SSHT0
2025-09-10,2025,9,삼성,KIA,away,0,4,L,0,1,0,-4,광주,20250910SSHT0,https://www.koreabaseball.com/Schedule/GameCenter/Main.aspx?gameDate=20250910&gameId=20250910SSHT0
2025-09-11,2025,9,KIA,롯데,home,3,4,L,0,1,0,-1,광주,20250911LTHT0,https://www.koreabaseball.com/Schedule/GameCenter/Main.aspx?gameDate=20250911&gameId=20250911LTHT0
2025-09-11,2025,9,삼성,SSG,home,4,8,L,0,1,0,-4,대구,20250911SKSS0,https://www.koreabaseball.com/Schedule/GameCenter/Main.aspx?gameDate=20250911&gameId=20250911SKSS0
2025-09-12,2025,9,KIA,두산,home,5,4,W,1,0,0,1,광주,20250912OBHT0,https://www.koreabaseball.com/Schedule/GameCenter/Main.aspx?gameDate=20250912&gameId=20250912OBHT0
2025-09-13,2025,9,KIA,LG,away,6,3,W,1,0,0,3,잠실,20250913HTLG0,https://www.koreabaseball.com/Schedule/GameCenter/Main.aspx?gameDate=20250913&gameId=20250913HTLG0
2025-09-13,2025,9,삼성,KT,home,3,5,L,0,1,0,-2,대구,20250913KTSS0,https://www.koreabaseball.com/Schedule/GameCenter/Main.aspx?gameDate=20250913&gameId=20250913KTSS0
2025-09-14,2025,9,KIA,LG,away,0,14,L,0,1,0,-14,잠실,20250914HTLG0,https://www.koreabaseball.com/Schedule/GameCenter/Main.aspx?gameDate=20250914&gameId=20250914HTLG0
2025-09-14,2025,9,삼성,KT,home,6,2,W,1,0,0,4,대구,20250914KTSS0,https://www.koreabaseball.com/Schedule/GameCenter/Main.aspx?gameDate=20250914&gameId=20250914KTSS0
2025-09-16,2025,9,KIA,한화,home,1,11,L,0,1,0,-10,광주,20250916HHHT0,https://www.koreabaseball.com/Schedule/GameCenter/Main.aspx?gameDate=20250916&gameId=20250916HHHT0
2025-09-16,2025,9,삼성,롯데,home,7,5,W,1,0,0,2,대구,20250916LTSS0,https://www.koreabaseball.com/Schedule/GameCenter/Main.aspx?gameDate=20250916&gameId=20250916LTSS0
2025-09-17,2025,9,KIA,한화,home,2,6,L,0,1,0,-4,광주,20250917HHHT0,https://www.koreabaseball.com/Schedule/GameCenter/Main.aspx?gameDate=20250917&gameId=20250917HHHT0
2025-09-18,2025,9,KIA,한화,home,3,4,L,0,1,0,-1,광주,20250918HHHT0,https://www.koreabaseball.com/Schedule/GameCenter/Main.aspx?gameDate=20250918&gameId=20250918HHHT0
2025-09-18,2025,9,삼성,NC,away,9,5,W,1,0,0,4,창원,20250918SSNC0,https://www.koreabaseball.com/Schedule/GameCenter/Main.aspx?gameDate=20250918&gameId=20250918SSNC0
2025-09-20,2025,9,KIA,NC,home,5,4,W,1,0,0,1,광주,20250920NCHT0,https://www.koreabaseball.com/Schedule/GameCenter/Main.aspx?gameDate=20250920&gameId=20250920NCHT0
2025-09-20,2025,9,삼성,LG,away,14,4,W,1,0,0,10,잠실,20250920SSLG0,https://www.koreabaseball.com/Schedule/GameCenter/Main.aspx?gameDate=20250920&gameId=20250920SSLG0
2025-09-21,2025,9,KIA,NC,home,6,7,L,0,1,0,-1,광주,20250921NCHT0,https://www.koreabaseball.com/Schedule/GameCenter/Main.aspx?gameDate=20250921&gameId=20250921NCHT0
2025-09-21,2025,9,삼성,KT,away,3,6,L,0,1,0,-3,수원,20250921SSKT0,https://www.koreabaseball.com/Schedule/GameCenter/Main.aspx?gameDate=20250921&gameId=20250921SSKT0
2025-09-23,2025,9,KIA,SSG,away,0,5,L,0,1,0,-5,문학,20250923HTSK0,https://www.koreabaseball.com/Schedule/GameCenter/Main.aspx?gameDate=20250923&gameId=20250923HTSK0
2025-09-23,2025,9,삼성,두산,home,7,5,W,1,0,0,2,대구,20250923OBSS0,https://www.koreabaseball.com/Schedule/GameCenter/Main.aspx?gameDate=20250923&gameId=20250923OBSS0
2025-09-24,2025,9,KIA,키움,away,2,0,W,1,0,0,2,고척,20250924HTWO0,https://www.koreabaseball.com/Schedule/GameCenter/Main.aspx?gameDate=20250924&gameId=20250924HTWO0
2025-09-24,2025,9,삼성,롯데,home,9,4,W,1,0,0,5,대구,20250924LTSS0,https://www.koreabaseball.com/Schedule/GameCenter/Main.aspx?gameDate=20250924&gameId=20250924LTSS0
2025-09-25,2025,9,삼성,키움,home,12,3,W,1,0,0,9,대구,20250925WOSS0,https://www.koreabaseball.com/Schedule/GameCenter/Main.aspx?gameDate=20250925&gameId=20250925WOSS0
2025-09-26,2025,9,삼성,롯데,away,9,10,L,0,1,0,-1,사직,20250926SSLT0,https://www.koreabaseball.com/Schedule/GameCenter/Main.aspx?gameDate=20250926&gameId=20250926SSLT0
2025-09-27,2025,9,KIA,NC,home,1,2,L,0,1,0,-1,광주,20250927NCHT0,https://www.koreabaseball.com/Schedule/GameCenter/Main.aspx?gameDate=20250927&gameId=20250927NCHT0
2025-09-28,2025,9,삼성,키움,away,4,2,W,1,0,0,2,고척,20250928SSWO0,https://www.koreabaseball.com/Schedule/GameCenter/Main.aspx?gameDate=20250928&gameId=20250928SSWO0
2025-09-29,2025,9,KIA,NC,home,4,13,L,0,1,0,-9,광주,20250929NCHT0,https://www.koreabaseball.com/Schedule/GameCenter/Main.aspx?gameDate=20250929&gameId=20250929NCHT0
2025-09-30,2025,9,KIA,삼성,away,0,5,L,0,1,0,-5,대구,20250930HTSS0,https://www.koreabaseball.com/Schedule/GameCenter/Main.aspx?gameDate=20250930&gameId=20250930HTSS0
2025-09-30,2025,9,삼성,KIA,home,5,0,W,1,0,0,5,대구,20250930HTSS0,https://www.koreabaseball.com/Schedule/GameCenter/Main.aspx?gameDate=20250930&gameId=20250930HTSS0
2025-10-01,2025,10,KIA,KT,home,3,9,L,0,1,0,-6,광주,20251001KTHT0,https://www.koreabaseball.com/Schedule/GameCenter/Main.aspx?gameDate=20251001&gameId=20251001KTHT0
2025-10-02,2025,10,KIA,SSG,home,7,2,W,1,0,0,5,광주,20251002SKHT0,https://www.koreabaseball.com/Schedule/GameCenter/Main.aspx?gameDate=20251002&gameId=20251002SKHT0
2025-10-04,2025,10,KIA,삼성,home,9,8,W,1,0,0,1,광주,20251004SSHT0,https://www.koreabaseball.com/Schedule/GameCenter/Main.aspx?gameDate=20251004&gameId=20251004SSHT0
2025-10-04,2025,10,삼성,KIA,away,8,9,L,0,1,0,-1,광주,20251004SSHT0,https://www.koreabaseball.com/Schedule/GameCenter/Main.aspx?gameDate=20251004&gameId=20251004SSHT0
