date,season,team,opponent,home_away,runs_for,runs_against,stadium,result,status,game_id,source_url
2026-03-28,2026,KIA,SSG,away,6,7,문학,L,completed,20260328HTSK0,https://www.koreabaseball.com/Schedule/GameCenter/Main.aspx?gameDate=20260328&gameId=20260328HTSK0
2026-03-28,2026,SSG,KIA,home,7,6,문학,W,completed,20260328HTSK0,https://www.koreabaseball.com/Schedule/GameCenter/Main.aspx?gameDate=20260328&gameId=20260328HTSK0
2026-03-28,2026,KT,LG,away,11,7,잠실,W,completed,20260328KTLG0,https://www.koreabaseball.com/Schedule/GameCenter/Main.aspx?gameDate=20260328&gameId=20260328KTLG0
2026-03-28,2026,LG,KT,home,7,11,잠실,L,completed,20260328KTLG0,https://www.koreabaseball.com/Schedule/GameCenter/Main.aspx?gameDate=20260328&gameId=20260328KTLG0
2026-03-28,2026,롯데,삼성,away,6,3,대구,W,completed,20260328LTSS0,https://www.koreabaseball.com/Schedule/GameCenter/Main.aspx?gameDate=20260328&gameId=20260328LTSS0
2026-03-28,2026,삼성,롯데,home,3,6,대구,L,completed,20260328LTSS0,https://www.koreabaseball.com/Schedule/GameCenter/Main.aspx?gameDate=20260328&gameId=20260328LTSS0
2026-03-28,2026,NC,두산,home,6,0,창원,W,completed,20260328OBNC0,https://www.koreabaseball.com/Schedule/GameCenter/Main.aspx?gameDate=20260328&gameId=20260328OBNC0
2026-03-28,2026,두산,NC,away,0,6,창원,L,completed,20260328OBNC0,https://www.koreabaseball.com/Schedule/GameCenter/Main.aspx?gameDate=20260328&gameId=20260328OBNC0
2026-03-28,2026,키움,한화,away,9,10,대전,L,completed,20260328WOHH0,https://www.koreabaseball.com/Schedule/GameCenter/Main.aspx?gameDate=20260328&gameId=20260328WOHH0
2026-03-28,2026,한화,키움,home,10,9,대전,W,completed,20260328WOHH0,https://www.koreabaseball.com/Schedule/GameCenter/Main.aspx?gameDate=20260328&gameId=20260328WOHH0
2026-03-29,2026,KIA,SSG,away,6,11,문학,L,completed,20260329HTSK0,https://www.koreabaseball.com/Schedule/GameCenter/Main.aspx?gameDate=20260329&gameId=20260329HTSK0
2026-03-29,2026,SSG,KIA,home,11,6,문학,W,completed,20260329HTSK0,https://www.koreabaseball.com/Schedule/GameCenter/Main.aspx?gameDate=20260329&gameId=20260329HTSK0
2026-03-29,2026,KT,LG,away,6,5,잠실,W,completed,20260329KTLG0,https://www.koreabaseball.com/Schedule/GameCenter/Main.aspx?gameDate=20260329&gameId=20260329KTLG0
2026-03-29,2026,LG,KT,home,5,6,잠실,L,completed,20260329KTLG0,https://www.koreabaseball.com/Schedule/GameCenter/Main.aspx?gameDate=20260329&gameId=20260329KTLG0
2026-03-29,2026,롯데,삼성,away,6,2,대구,W,completed,20260329LTSS0,https://www.koreabaseball.com/Schedule/GameCenter/Main.aspx?gameDate=20260329&gameId=20260329LTSS0
2026-03-29,2026,삼성,롯데,home,2,6,대구,L,completed,20260329LTSS0,https://www.koreabaseball.com/Schedule/GameCenter/Main.aspx?gameDate=20260329&gameId=20260329LTSS0
2026-03-29,2026,NC,두산,home,6,9,창원,L,completed,20260329OBNC0,https://www.koreabaseball.com/Schedule/GameCenter/Main.aspx?gameDate=20260329&gameId=20260329OBNC0
2026-03-29,2026,두산,NC,away,9,6,창원,W,completed,20260329OBNC0,https://www.koreabaseball.com/Schedule/GameCenter/Main.aspx?gameDate=20260329&gameId=20260329OBNC0
2026-03-29,2026,키움,한화,away,4,10,대전,L,completed,20260329WOHH0,https://www.koreabaseball.com/Schedule/GameCenter/Main.aspx?gameDate=20260329&gameId=20260329WOHH0
2026-03-29,2026,한화,키움,home,10,4,대전,W,completed,20260329WOHH0,https://www.koreabaseball.com/Schedule/GameCenter/Main.aspx?gameDate=20260329&gameId=20260329WOHH0
2026-03-31,2026,KIA,LG,away,7,2,잠실,W,completed,20260331HTLG0,https://www.koreabaseball.com/Schedule/GameCenter/Main.aspx?gameDate=20260331&gameId=20260331HTLG0
2026-03-31,2026,LG,KIA,home,2,7,잠실,L,completed,20260331HTLG0,https://www.koreabaseball.com/Schedule/GameCenter/Main.aspx?gameDate=20260331&gameId=20260331HTLG0
2026-03-31,2026,KT,한화,away,9,4,대전,W,completed,20260331KTHH0,https://www.koreabaseball.com/Schedule/GameCenter/Main.aspx?gameDate=20260331&gameId=20260331KTHH0
2026-03-31,2026,한화,KT,home,4,9,대전,L,completed,20260331KTHH0,https://www.koreabaseball.com/Schedule/GameCenter/Main.aspx?gameDate=20260331&gameId=20260331KTHH0
2026-03-31,2026,NC,롯데,home,9,2,창원,W,completed,20260331LTNC0,https://www.koreabaseball.com/Schedule/GameCenter/Main.aspx?gameDate=20260331&gameId=20260331LTNC0
2026-03-31,2026,롯데,NC,away,2,9,창원,L,completed,20260331LTNC0,https://www.koreabaseball.com/Schedule/GameCenter/Main.aspx?gameDate=20260331&gameId=20260331LTNC0
2026-03-31,2026,두산,삼성,away,5,5,대구,D,completed,20260331OBSS0,https://www.koreabaseball.com/Schedule/GameCenter/Main.aspx?gameDate=20260331&gameId=20260331OBSS0
2026-03-31,2026,삼성,두산,home,5,5,대구,D,completed,20260331OBSS0,https://www.koreabaseball.com/Schedule/GameCenter/Main.aspx?gameDate=20260331&gameId=20260331OBSS0
2026-03-31,2026,SSG,키움,home,9,3,문학,W,completed,20260331WOSK0,https://www.koreabaseball.com/Schedule/GameCenter/Main.aspx?gameDate=20260331&gameId=20260331WOSK0
2026-03-31,2026,키움,SSG,away,3,9,문학,L,completed,20260331WOSK0,https://www.koreabaseball.com/Schedule/GameCenter/Main.aspx?gameDate=20260331&gameId=20260331WOSK0
2026-04-01,2026,KIA,LG,away,2,7,잠실,L,completed,20260401HTLG0,https://www.koreabaseball.com/Schedule/GameCenter/Main.aspx?gameDate=20260401&gameId=20260401HTLG0
2026-04-01,2026,LG,KIA,home,7,2,잠실,W,completed,20260401HTLG0,https://www.koreabaseball.com/Schedule/GameCenter/Main.aspx?gameDate=20260401&gameId=20260401HTLG0
2026-04-01,2026,KT,한화,away,14,11,대전,W,completed,20260401KTHH0,https://www.koreabaseball.com/Schedule/GameCenter/Main.aspx?gameDate=20260401&gameId=20260401KTHH0
2026-04-01,2026,한화,KT,home,11,14,대전,L,completed,20260401KTHH0,https://www.koreabaseball.com/Schedule/GameCenter/Main.aspx?gameDate=20260401&gameId=20260401KTHH0
2026-04-01,2026,NC,롯데,home,5,4,창원,W,completed,20260401LTNC0,https://www.koreabaseball.com/Schedule/GameCenter/Main.aspx?gameDate=20260401&gameId=20260401LTNC0
2026-04-01,2026,롯데,NC,away,4,5,창원,L,completed,20260401LTNC0,https://www.koreabaseball.com/Schedule/GameCenter/Main.aspx?gameDate=20260401&gameId=20260401LTNC0
2026-04-01,2026,두산,삼성,away,3,13,대구,L,completed,20260401OBSS0,https://www.koreabaseball.com/Schedule/GameCenter/Main.aspx?gameDate=20260401&gameId=20260401OBSS0
2026-04-01,2026,삼성,두산,home,13,3,대구,W,completed,20260401OBSS0,https://www.koreabaseball.com/Schedule/GameCenter/Main.aspx?gameDate=20260401&gameId=20260401OBSS0
2026-04-01,2026,SSG,키움,home,2,11,문학,L,completed,20260401WOSK0,https://www.koreabaseball.com/Schedule/GameCenter/Main.aspx?gameDate=20260401&gameId=20260401WOSK0
2026-04-01,2026,키움,SSG,away,11,2,문학,W,completed,20260401WOSK0,https://www.koreabaseball.com/Schedule/GameCenter/Main.aspx?gameDate=20260401&gameId=20260401WOSK0
2026-04-02,2026,KIA,LG,away,1,2,잠실,L,completed,20260402HTLG0,https://www.koreabaseball.com/Schedule/GameCenter/Main.aspx?gameDate=20260402&gameId=20260402HTLG0
2026-04-02,2026,LG,KIA,home,2,1,잠실,W,completed,20260402HTLG0,https://www.koreabaseball.com/Schedule/GameCenter/Main.aspx?gameDate=20260402&gameId=20260402HTLG0
2026-04-02,2026,KT,한화,away,13,8,대전,W,completed,20260402KTHH0,https://www.koreabaseball.com/Schedule/GameCenter/Main.aspx?gameDate=20260402&gameId=20260402KTHH0
2026-04-02,2026,한화,KT,home,8,13,대전,L,completed,20260402KTHH0,https://www.koreabaseball.com/Schedule/GameCenter/Main.aspx?gameDate=20260402&gameId=20260402KTHH0
2026-04-02,2026,NC,롯데,home,8,4,창원,W,completed,20260402LTNC0,https://www.koreabaseball.com/Schedule/GameCenter/Main.aspx?gameDate=20260402&gameId=20260402LTNC0
2026-04-02,2026,롯데,NC,away,4,8,창원,L,completed,20260402LTNC0,https://www.koreabaseball.com/Schedule/GameCenter/Main.aspx?gameDate=20260402&gameId=20260402LTNC0
2026-04-02,2026,두산,삼성,away,2,5,대구,L,completed,20260402OBSS0,https://www.koreabaseball.com/Schedule/GameCenter/Main.aspx?gameDate=20260402&gameId=20260402OBSS0
2026-04-02,2026,삼성,두산,home,5,2,대구,W,completed,20260402OBSS0,https://www.koreabaseball.com/Schedule/GameCenter/Main.aspx?gameDate=20260402&gameId=20260402OBSS0
2026-04-02,2026,SSG,키움,home,11,1,문학,W,completed,20260402WOSK0,https://www.koreabaseball.com/Schedule/GameCenter/Main.aspx?gameDate=20260402&gameId=20260402WOSK0
2026-04-02,2026,키움,SSG,away,1,11,문학,L,completed,20260402WOSK0,https://www.koreabaseball.com/Schedule/GameCenter/Main.aspx?gameDate=20260402&gameId=20260402WOSK0
2026-04-03,2026,두산,한화,home,6,11,잠실,L,completed,20260403HHOB0,https://www.koreabaseball.com/Schedule/GameCenter/Main.aspx?gameDate=20260403&gameId=20260403HHOB0
2026-04-03,2026,한화,두산,away,11,6,잠실,W,completed,20260403HHOB0,https://www.koreabaseball.com/Schedule/GameCenter/Main.aspx?gameDate=20260403&gameId=20260403HHOB0
2026-04-03,2026,LG,키움,away,2,5,고척,L,completed,20260403LGWO0,https://www.koreabaseball.com/Schedule/GameCenter/Main.aspx?gameDate=20260403&gameId=20260403LGWO0
2026-04-03,2026,키움,LG,home,5,2,고척,W,completed,20260403LGWO0,https://www.koreabaseball.com/Schedule/GameCenter/Main.aspx?gameDate=20260403&gameId=20260403LGWO0
2026-04-03,2026,KIA,NC,home,2,5,광주,L,completed,20260403NCHT0,https://www.koreabaseball.com/Schedule/GameCenter/Main.aspx?gameDate=20260403&gameId=20260403NCHT0
2026-04-03,2026,NC,KIA,away,5,2,광주,W,completed,20260403NCHT0,https://www.koreabaseball.com/Schedule/GameCenter/Main.aspx?gameDate=20260403&gameId=20260403NCHT0
2026-04-03,2026,SSG,롯데,away,17,2,사직,W,completed,20260403SKLT0,https://www.koreabaseball.com/Schedule/GameCenter/Main.aspx?gameDate=20260403&gameId=20260403SKLT0
2026-04-03,2026,롯데,SSG,home,2,17,사직,L,completed,20260403SKLT0,https://www.koreabaseball.com/Schedule/GameCenter/Main.aspx?gameDate=20260403&gameId=20260403SKLT0
2026-04-03,2026,KT,삼성,home,1,2,수원,L,completed,20260403SSKT0,https://www.koreabaseball.com/Schedule/GameCenter/Main.aspx?gameDate=20260403&gameId=20260403SSKT0
2026-04-03,2026,삼성,KT,away,2,1,수원,W,completed,20260403SSKT0,https://www.koreabaseball.com/Schedule/GameCenter/Main.aspx?gameDate=20260403&gameId=20260403SSKT0
2026-04-04,2026,두산,한화,home,3,9,잠실,L,completed,20260404HHOB0,https://www.koreabaseball.com/Schedule/GameCenter/Main.aspx?gameDate=20260404&gameId=20260404HHOB0
2026-04-04,2026,한화,두산,away,9,3,잠실,W,completed,20260404HHOB0,https://www.koreabaseball.com/Schedule/GameCenter/Main.aspx?gameDate=20260404&gameId=20260404HHOB0
2026-04-04,2026,LG,키움,away,6,4,고척,W,completed,20260404LGWO0,https://www.koreabaseball.com/Schedule/GameCenter/Main.aspx?gameDate=20260404&gameId=20260404LGWO0
2026-04-04,2026,키움,LG,home,4,6,고척,L,completed,20260404LGWO0,https://www.koreabaseball.com/Schedule/GameCenter/Main.aspx?gameDate=20260404&gameId=20260404LGWO0
2026-04-04,2026,KIA,NC,home,0,6,광주,L,completed,20260404NCHT0,https://www.koreabaseball.com/Schedule/GameCenter/Main.aspx?gameDate=20260404&gameId=20260404NCHT0
2026-04-04,2026,NC,KIA,away,6,0,광주,W,completed,20260404NCHT0,https://www.koreabaseball.com/Schedule/GameCenter/Main.aspx?gameDate=20260404&gameId=20260404NCHT0
2026-04-04,2026,SSG,롯데,away,7,6,사직,W,completed,20260404SKLT0,https://www.koreabaseball.com/Schedule/GameCenter/Main.aspx?gameDate=20260404&gameId=20260404SKLT0
2026-04-04,2026,롯데,SSG,home,6,7,사직,L,completed,20260404SKLT0,https://www.koreabaseball.com/Schedule/GameCenter/Main.aspx?gameDate=20260404&gameId=20260404SKLT0
2026-04-04,2026,KT,삼성,home,6,8,수원,L,completed,20260404SSKT0,https://www.koreabaseball.com/Schedule/GameCenter/Main.aspx?gameDate=20260404&gameId=20260404SSKT0
2026-04-04,2026,삼성,KT,away,8,6,수원,W,completed,20260404SSKT0,https://www.koreabaseball.com/Schedule/GameCenter/Main.aspx?gameDate=20260404&gameId=20260404SSKT0
2026-04-05,2026,두산,한화,home,8,0,잠실,W,completed,20260405HHOB0,https://www.koreabaseball.com/Schedule/GameCenter/Main.aspx?gameDate=20260405&gameId=20260405HHOB0
2026-04-05,2026,한화,두산,away,0,8,잠실,L,completed,20260405HHOB0,https://www.koreabaseball.com/Schedule/GameCenter/Main.aspx?gameDate=20260405&gameId=20260405HHOB0
2026-04-05,2026,LG,키움,away,6,5,고척,W,completed,20260405LGWO0,https://www.koreabaseball.com/Schedule/GameCenter/Main.aspx?gameDate=20260405&gameId=20260405LGWO0
2026-04-05,2026,키움,LG,home,5,6,고척,L,completed,20260405LGWO0,https://www.koreabaseball.com/Schedule/GameCenter/Main.aspx?gameDate=20260405&gameId=20260405LGWO0
2026-04-05,2026,KIA,NC,home,3,0,광주,W,completed,20260405NCHT0,https://www.koreabaseball.com/Schedule/GameCenter/Main.aspx?gameDate=20260405&gameId=20260405NCHT0
2026-04-05,2026,NC,KIA,away,0,3,광주,L,completed,20260405NCHT0,https://www.koreabaseball.com/Schedule/GameCenter/Main.aspx?gameDate=20260405&gameId=20260405NCHT0
2026-04-05,2026,SSG,롯데,away,4,3,사직,W,completed,20260405SKLT0,https://www.koreabaseball.com/Schedule/GameCenter/Main.aspx?gameDate=20260405&gameId=20260405SKLT0
2026-04-05,2026,롯데,SSG,home,3,4,사직,L,completed,20260405SKLT0,https://www.koreabaseball.com/Schedule/GameCenter/Main.aspx?gameDate=20260405&gameId=20260405SKLT0
2026-04-05,2026,KT,삼성,home,2,0,수원,W,completed,20260405SSKT0,https://www.koreabaseball.com/Schedule/GameCenter/Main.aspx?gameDate=20260405&gameId=20260405SSKT0
2026-04-05,2026,삼성,KT,away,0,2,수원,L,completed,20260405SSKT0,https://www.koreabaseball.com/Schedule/GameCenter/Main.aspx?gameDate=20260405&gameId=20260405SSKT0
2026-04-07,2026,SSG,한화,home,2,6,문학,L,completed,20260407HHSK0,https://www.koreabaseball.com/Schedule/GameCenter/Main.aspx?gameDate=20260407&gameId=20260407HHSK0
2026-04-07,2026,한화,SSG,away,6,2,문학,W,completed,20260407HHSK0,https://www.koreabaseball.com/Schedule/GameCenter/Main.aspx?gameDate=20260407&gameId=20260407HHSK0
2026-04-07,2026,KT,롯데,away,7,3,사직,W,completed,20260407KTLT0,https://www.koreabaseball.com/Schedule/GameCenter/Main.aspx?gameDate=20260407&gameId=20260407KTLT0
2026-04-07,2026,롯데,KT,home,3,7,사직,L,completed,20260407KTLT0,https://www.koreabaseball.com/Schedule/GameCenter/Main.aspx?gameDate=20260407&gameId=20260407KTLT0
2026-04-07,2026,LG,NC,away,2,0,창원,W,completed,20260407LGNC0,https://www.koreabaseball.com/Schedule/GameCenter/Main.aspx?gameDate=20260407&gameId=20260407LGNC0
2026-04-07,2026,NC,LG,home,0,2,창원,L,completed,20260407LGNC0,https://www.koreabaseball.com/Schedule/GameCenter/Main.aspx?gameDate=20260407&gameId=20260407LGNC0
2026-04-07,2026,KIA,삼성,home,3,10,광주,L,completed,20260407SSHT0,https://www.koreabaseball.com/Schedule/GameCenter/Main.aspx?gameDate=20260407&gameId=20260407SSHT0
2026-04-07,2026,삼성,KIA,away,10,3,광주,W,completed,20260407SSHT0,https://www.koreabaseball.com/Schedule/GameCenter/Main.aspx?gameDate=20260407&gameId=20260407SSHT0
2026-04-07,2026,두산,키움,home,2,5,잠실,L,completed,20260407WOOB0,https://www.koreabaseball.com/Schedule/GameCenter/Main.aspx?gameDate=20260407&gameId=20260407WOOB0
2026-04-07,2026,키움,두산,away,5,2,잠실,W,completed,20260407WOOB0,https://www.koreabaseball.com/Schedule/GameCenter/Main.aspx?gameDate=20260407&gameId=20260407WOOB0
2026-04-08,2026,SSG,한화,home,3,4,문학,L,completed,20260408HHSK0,https://www.koreabaseball.com/Schedule/GameCenter/Main.aspx?gameDate=20260408&gameId=20260408HHSK0
2026-04-08,2026,한화,SSG,away,4,3,문학,W,completed,20260408HHSK0,https://www.koreabaseball.com/Schedule/GameCenter/Main.aspx?gameDate=20260408&gameId=20260408HHSK0
2026-04-08,2026,KT,롯데,away,1,6,사직,L,completed,20260408KTLT0,https://www.koreabaseball.com/Schedule/GameCenter/Main.aspx?gameDate=20260408&gameId=20260408KTLT0
2026-04-08,2026,롯데,KT,home,6,1,사직,W,completed,20260408KTLT0,https://www.koreabaseball.com/Schedule/GameCenter/Main.aspx?gameDate=20260408&gameId=20260408KTLT0
2026-04-08,2026,LG,NC,away,5,4,창원,W,completed,20260408LGNC0,https://www.koreabaseball.com/Schedule/GameCenter/Main.aspx?gameDate=20260408&gameId=20260408LGNC0
2026-04-08,2026,NC,LG,home,4,5,창원,L,completed,20260408LGNC0,https://www.koreabaseball.com/Schedule/GameCenter/Main.aspx?gameDate=20260408&gameId=20260408LGNC0
2026-04-08,2026,KIA,삼성,home,15,5,광주,W,completed,20260408SSHT0,https://www.koreabaseball.com/Schedule/GameCenter/Main.aspx?gameDate=20260408&gameId=20260408SSHT0
2026-04-08,2026,삼성,KIA,away,5,15,광주,L,completed,20260408SSHT0,https://www.koreabaseball.com/Schedule/GameCenter/Main.aspx?gameDate=20260408&gameId=20260408SSHT0
2026-04-08,2026,두산,키움,home,7,3,잠실,W,completed,20260408WOOB0,https://www.koreabaseball.com/Schedule/GameCenter/Main.aspx?gameDate=20260408&gameId=20260408WOOB0
2026-04-08,2026,키움,두산,away,3,7,잠실,L,completed,20260408WOOB0,https://www.koreabaseball.com/Schedule/GameCenter/Main.aspx?gameDate=20260408&gameId=20260408WOOB0
2026-04-09,2026,KIA,삼성,home,,,광주,,not_completed,2026-04-09_KIA_삼성,https://www.koreabaseball.com/Schedule/Schedule.aspx
2026-04-09,2026,삼성,KIA,away,,,광주,,not_completed,2026-04-09_KIA_삼성,https://www.koreabaseball.com/Schedule/Schedule.aspx
2026-04-09,2026,KT,롯데,away,,,사직,,not_completed,2026-04-09_KT_롯데,https://www.koreabaseball.com/Schedule/Schedule.aspx
2026-04-09,2026,롯데,KT,home,,,사직,,not_completed,2026-04-09_KT_롯데,https://www.koreabaseball.com/Schedule/Schedule.aspx
2026-04-09,2026,LG,NC,away,,,창원,,not_completed,2026-04-09_LG_NC,https://www.koreabaseball.com/Schedule/Schedule.aspx
2026-04-09,2026,NC,LG,home,,,창원,,not_completed,2026-04-09_LG_NC,https://www.koreabaseball.com/Schedule/Schedule.aspx
2026-04-09,2026,SSG,한화,home,,,문학,,not_completed,2026-04-09_SSG_한화,https://www.koreabaseball.com/Schedule/Schedule.aspx
2026-04-09,2026,한화,SSG,away,,,문학,,not_completed,2026-04-09_SSG_한화,https://www.koreabaseball.com/Schedule/Schedule.aspx
2026-04-09,2026,두산,키움,home,,,잠실,,not_completed,2026-04-09_두산_키움,https://www.koreabaseball.com/Schedule/Schedule.aspx
2026-04-09,2026,키움,두산,away,,,잠실,,not_completed,2026-04-09_두산_키움,https://www.koreabaseball.com/Schedule/Schedule.aspx
2026-04-10,2026,KIA,한화,away,6,5,대전,W,completed,20260410HTHH0,https://www.koreabaseball.com/Schedule/GameCenter/Main.aspx?gameDate=20260410&gameId=20260410HTHH0
2026-04-10,2026,한화,KIA,home,5,6,대전,L,completed,20260410HTHH0,https://www.koreabaseball.com/Schedule/GameCenter/Main.aspx?gameDate=20260410&gameId=20260410HTHH0
2026-04-10,2026,롯데,키움,away,3,1,고척,W,completed,20260410LTWO0,https://www.koreabaseball.com/Schedule/GameCenter/Main.aspx?gameDate=20260410&gameId=20260410LTWO0
2026-04-10,2026,키움,롯데,home,1,3,고척,L,completed,20260410LTWO0,https://www.koreabaseball.com/Schedule/GameCenter/Main.aspx?gameDate=20260410&gameId=20260410LTWO0
2026-04-10,2026,NC,삼성,away,5,8,대구,L,completed,20260410NCSS0,https://www.koreabaseball.com/Schedule/GameCenter/Main.aspx?gameDate=20260410&gameId=20260410NCSS0
2026-04-10,2026,삼성,NC,home,8,5,대구,W,completed,20260410NCSS0,https://www.koreabaseball.com/Schedule/GameCenter/Main.aspx?gameDate=20260410&gameId=20260410NCSS0
2026-04-10,2026,KT,두산,home,7,8,수원,L,completed,20260410OBKT0,https://www.koreabaseball.com/Schedule/GameCenter/Main.aspx?gameDate=20260410&gameId=20260410OBKT0
2026-04-10,2026,두산,KT,away,8,7,수원,W,completed,20260410OBKT0,https://www.koreabaseball.com/Schedule/GameCenter/Main.aspx?gameDate=20260410&gameId=20260410OBKT0
2026-04-10,2026,LG,SSG,home,10,2,잠실,W,completed,20260410SKLG0,https://www.koreabaseball.com/Schedule/GameCenter/Main.aspx?gameDate=20260410&gameId=20260410SKLG0
2026-04-10,2026,SSG,LG,away,2,10,잠실,L,completed,20260410SKLG0,https://www.koreabaseball.com/Schedule/GameCenter/Main.aspx?gameDate=20260410&gameId=20260410SKLG0
2026-04-11,2026,KIA,한화,away,6,5,대전,W,completed,20260411HTHH0,https://www.koreabaseball.com/Schedule/GameCenter/Main.aspx?gameDate=20260411&gameId=20260411HTHH0
2026-04-11,2026,한화,KIA,home,5,6,대전,L,completed,20260411HTHH0,https://www.koreabaseball.com/Schedule/GameCenter/Main.aspx?gameDate=20260411&gameId=20260411HTHH0
2026-04-11,2026,롯데,키움,away,3,1,고척,W,completed,20260411LTWO0,https://www.koreabaseball.com/Schedule/GameCenter/Main.aspx?gameDate=20260411&gameId=20260411LTWO0
2026-04-11,2026,키움,롯데,home,1,3,고척,L,completed,20260411LTWO0,https://www.koreabaseball.com/Schedule/GameCenter/Main.aspx?gameDate=20260411&gameId=20260411LTWO0
2026-04-11,2026,NC,삼성,away,4,5,대구,L,completed,20260411NCSS0,https://www.koreabaseball.com/Schedule/GameCenter/Main.aspx?gameDate=20260411&gameId=20260411NCSS0
2026-04-11,2026,삼성,NC,home,5,4,대구,W,completed,20260411NCSS0,https://www.koreabaseball.com/Schedule/GameCenter/Main.aspx?gameDate=20260411&gameId=20260411NCSS0
2026-04-11,2026,KT,두산,home,6,4,수원,W,completed,20260411OBKT0,https://www.koreabaseball.com/Schedule/GameCenter/Main.aspx?gameDate=20260411&gameId=20260411OBKT0
2026-04-11,2026,두산,KT,away,4,6,수원,L,completed,20260411OBKT0,https://www.koreabaseball.com/Schedule/GameCenter/Main.aspx?gameDate=20260411&gameId=20260411OBKT0
2026-04-11,2026,LG,SSG,home,4,3,잠실,W,completed,20260411SKLG0,https://www.koreabaseball.com/Schedule/GameCenter/Main.aspx?gameDate=20260411&gameId=20260411SKLG0
2026-04-11,2026,SSG,LG,away,3,4,잠실,L,completed,20260411SKLG0,https://www.koreabaseball.com/Schedule/GameCenter/Main.aspx?gameDate=20260411&gameId=20260411SKLG0
2026-04-12,2026,KIA,한화,away,9,3,대전,W,completed,20260412HTHH0,https://www.koreabaseball.com/Schedule/GameCenter/Main.aspx?gameDate=20260412&gameId=20260412HTHH0
2026-04-12,2026,한화,KIA,home,3,9,대전,L,completed,20260412HTHH0,https://www.koreabaseball.com/Schedule/GameCenter/Main.aspx?gameDate=20260412&gameId=20260412HTHH0
2026-04-12,2026,롯데,키움,away,0,2,고척,L,completed,20260412LTWO0,https://www.koreabaseball.com/Schedule/GameCenter/Main.aspx?gameDate=20260412&gameId=20260412LTWO0
2026-04-12,2026,키움,롯데,home,2,0,고척,W,completed,20260412LTWO0,https://www.koreabaseball.com/Schedule/GameCenter/Main.aspx?gameDate=20260412&gameId=20260412LTWO0
2026-04-12,2026,NC,삼성,away,3,9,대구,L,completed,20260412NCSS0,https://www.koreabaseball.com/Schedule/GameCenter/Main.aspx?gameDate=20260412&gameId=20260412NCSS0
2026-04-12,2026,삼성,NC,home,9,3,대구,W,completed,20260412NCSS0,https://www.koreabaseball.com/Schedule/GameCenter/Main.aspx?gameDate=20260412&gameId=20260412NCSS0
2026-04-12,2026,KT,두산,home,6,1,수원,W,completed,20260412OBKT0,https://www.koreabaseball.com/Schedule/GameCenter/Main.aspx?gameDate=20260412&gameId=20260412OBKT0
2026-04-12,2026,두산,KT,away,1,6,수원,L,completed,20260412OBKT0,https://www.koreabaseball.com/Schedule/GameCenter/Main.aspx?gameDate=20260412&gameId=20260412OBKT0
2026-04-12,2026,LG,SSG,home,9,1,잠실,W,completed,20260412SKLG0,https://www.koreabaseball.com/Schedule/GameCenter/Main.aspx?gameDate=20260412&gameId=20260412SKLG0
2026-04-12,2026,SSG,LG,away,1,9,잠실,L,completed,20260412SKLG0,https://www.koreabaseball.com/Schedule/GameCenter/Main.aspx?gameDate=20260412&gameId=20260412SKLG0
2026-04-14,2026,KT,NC,away,4,7,창원,L,completed,20260414KTNC0,https://www.koreabaseball.com/Schedule/GameCenter/Main.aspx?gameDate=20260414&gameId=20260414KTNC0
2026-04-14,2026,NC,KT,home,7,4,창원,W,completed,20260414KTNC0,https://www.koreabaseball.com/Schedule/GameCenter/Main.aspx?gameDate=20260414&gameId=20260414KTNC0
2026-04-14,2026,LG,롯데,home,2,1,잠실,W,completed,20260414LTLG0,https://www.koreabaseball.com/Schedule/GameCenter/Main.aspx?gameDate=20260414&gameId=20260414LTLG0
2026-04-14,2026,롯데,LG,away,1,2,잠실,L,completed,20260414LTLG0,https://www.koreabaseball.com/Schedule/GameCenter/Main.aspx?gameDate=20260414&gameId=20260414LTLG0
2026-04-14,2026,SSG,두산,home,3,11,문학,L,completed,20260414OBSK0,https://www.koreabaseball.com/Schedule/GameCenter/Main.aspx?gameDate=20260414&gameId=20260414OBSK0
2026-04-14,2026,두산,SSG,away,11,3,문학,W,completed,20260414OBSK0,https://www.koreabaseball.com/Schedule/GameCenter/Main.aspx?gameDate=20260414&gameId=20260414OBSK0
2026-04-14,2026,삼성,한화,away,6,5,대전,W,completed,20260414SSHH0,https://www.koreabaseball.com/Schedule/GameCenter/Main.aspx?gameDate=20260414&gameId=20260414SSHH0
2026-04-14,2026,한화,삼성,home,5,6,대전,L,completed,20260414SSHH0,https://www.koreabaseball.com/Schedule/GameCenter/Main.aspx?gameDate=20260414&gameId=20260414SSHH0
2026-04-14,2026,KIA,키움,home,6,2,광주,W,completed,20260414WOHT0,https://www.koreabaseball.com/Schedule/GameCenter/Main.aspx?gameDate=20260414&gameId=20260414WOHT0
2026-04-14,2026,키움,KIA,away,2,6,광주,L,completed,20260414WOHT0,https://www.koreabaseball.com/Schedule/GameCenter/Main.aspx?gameDate=20260414&gameId=20260414WOHT0
2026-04-15,2026,KT,NC,away,10,2,창원,W,completed,20260415KTNC0,https://www.koreabaseball.com/Schedule/GameCenter/Main.aspx?gameDate=20260415&gameId=20260415KTNC0
2026-04-15,2026,NC,KT,home,2,10,창원,L,completed,20260415KTNC0,https://www.koreabaseball.com/Schedule/GameCenter/Main.aspx?gameDate=20260415&gameId=20260415KTNC0
2026-04-15,2026,LG,롯데,home,0,2,잠실,L,completed,20260415LTLG0,https://www.koreabaseball.com/Schedule/GameCenter/Main.aspx?gameDate=20260415&gameId=20260415LTLG0
2026-04-15,2026,롯데,LG,away,2,0,잠실,W,completed,20260415LTLG0,https://www.koreabaseball.com/Schedule/GameCenter/Main.aspx?gameDate=20260415&gameId=20260415LTLG0
2026-04-15,2026,SSG,두산,home,6,0,문학,W,completed,20260415OBSK0,https://www.koreabaseball.com/Schedule/GameCenter/Main.aspx?gameDate=20260415&gameId=20260415OBSK0
2026-04-15,2026,두산,SSG,away,0,6,문학,L,completed,20260415OBSK0,https://www.koreabaseball.com/Schedule/GameCenter/Main.aspx?gameDate=20260415&gameId=20260415OBSK0
2026-04-15,2026,삼성,한화,away,13,5,대전,W,completed,20260415SSHH0,https://www.koreabaseball.com/Schedule/GameCenter/Main.aspx?gameDate=20260415&gameId=20260415SSHH0
2026-04-15,2026,한화,삼성,home,5,13,대전,L,completed,20260415SSHH0,https://www.koreabaseball.com/Schedule/GameCenter/Main.aspx?gameDate=20260415&gameId=20260415SSHH0
2026-04-15,2026,KIA,키움,home,7,5,광주,W,completed,20260415WOHT0,https://www.koreabaseball.com/Schedule/GameCenter/Main.aspx?gameDate=20260415&gameId=20260415WOHT0
2026-04-15,2026,키움,KIA,away,5,7,광주,L,completed,20260415WOHT0,https://www.koreabaseball.com/Schedule/GameCenter/Main.aspx?gameDate=20260415&gameId=20260415WOHT0
2026-04-16,2026,KT,NC,away,4,3,창원,W,completed,20260416KTNC0,https://www.koreabaseball.com/Schedule/GameCenter/Main.aspx?gameDate=20260416&gameId=20260416KTNC0
2026-04-16,2026,NC,KT,home,3,4,창원,L,completed,20260416KTNC0,https://www.koreabaseball.com/Schedule/GameCenter/Main.aspx?gameDate=20260416&gameId=20260416KTNC0
2026-04-16,2026,LG,롯데,home,7,4,잠실,W,completed,20260416LTLG0,https://www.koreabaseball.com/Schedule/GameCenter/Main.aspx?gameDate=20260416&gameId=20260416LTLG0
2026-04-16,2026,롯데,LG,away,4,7,잠실,L,completed,20260416LTLG0,https://www.koreabaseball.com/Schedule/GameCenter/Main.aspx?gameDate=20260416&gameId=20260416LTLG0
2026-04-16,2026,SSG,두산,home,2,1,문학,W,completed,20260416OBSK0,https://www.koreabaseball.com/Schedule/GameCenter/Main.aspx?gameDate=20260416&gameId=20260416OBSK0
2026-04-16,2026,두산,SSG,away,1,2,문학,L,completed,20260416OBSK0,https://www.koreabaseball.com/Schedule/GameCenter/Main.aspx?gameDate=20260416&gameId=20260416OBSK0
2026-04-16,2026,삼성,한화,away,6,1,대전,W,completed,20260416SSHH0,https://www.koreabaseball.com/Schedule/GameCenter/Main.aspx?gameDate=20260416&gameId=20260416SSHH0
2026-04-16,2026,한화,삼성,home,1,6,대전,L,completed,20260416SSHH0,https://www.koreabaseball.com/Schedule/GameCenter/Main.aspx?gameDate=20260416&gameId=20260416SSHH0
2026-04-16,2026,KIA,키움,home,5,1,광주,W,completed,20260416WOHT0,https://www.koreabaseball.com/Schedule/GameCenter/Main.aspx?gameDate=20260416&gameId=20260416WOHT0
2026-04-16,2026,키움,KIA,away,1,5,광주,L,completed,20260416WOHT0,https://www.koreabaseball.com/Schedule/GameCenter/Main.aspx?gameDate=20260416&gameId=20260416WOHT0
2026-04-17,2026,LG,삼성,away,,,대구,,not_completed,2026-04-17_LG_삼성,https://www.koreabaseball.com/Schedule/Schedule.aspx
2026-04-17,2026,삼성,LG,home,,,대구,,not_completed,2026-04-17_LG_삼성,https://www.koreabaseball.com/Schedule/Schedule.aspx
2026-04-17,2026,NC,SSG,home,,,창원,,not_completed,2026-04-17_NC_SSG,https://www.koreabaseball.com/Schedule/Schedule.aspx
2026-04-17,2026,SSG,NC,away,,,창원,,not_completed,2026-04-17_NC_SSG,https://www.koreabaseball.com/Schedule/Schedule.aspx
2026-04-17,2026,롯데,한화,home,,,사직,,not_completed,2026-04-17_롯데_한화,https://www.koreabaseball.com/Schedule/Schedule.aspx
2026-04-17,2026,한화,롯데,away,,,사직,,not_completed,2026-04-17_롯데_한화,https://www.koreabaseball.com/Schedule/Schedule.aspx
2026-04-17,2026,KIA,두산,away,7,3,잠실,W,completed,20260417HTOB0,https://www.koreabaseball.com/Schedule/GameCenter/Main.aspx?gameDate=20260417&gameId=20260417HTOB0
2026-04-17,2026,두산,KIA,home,3,7,잠실,L,completed,20260417HTOB0,https://www.koreabaseball.com/Schedule/GameCenter/Main.aspx?gameDate=20260417&gameId=20260417HTOB0
2026-04-17,2026,KT,키움,home,5,0,수원,W,completed,20260417WOKT0,https://www.koreabaseball.com/Schedule/GameCenter/Main.aspx?gameDate=20260417&gameId=20260417WOKT0
2026-04-17,2026,키움,KT,away,0,5,수원,L,completed,20260417WOKT0,https://www.koreabaseball.com/Schedule/GameCenter/Main.aspx?gameDate=20260417&gameId=20260417WOKT0
2026-04-18,2026,롯데,한화,home,0,5,사직,L,completed,20260418HHLT0,https://www.koreabaseball.com/Schedule/GameCenter/Main.aspx?gameDate=20260418&gameId=20260418HHLT0
2026-04-18,2026,한화,롯데,away,5,0,사직,W,completed,20260418HHLT0,https://www.koreabaseball.com/Schedule/GameCenter/Main.aspx?gameDate=20260418&gameId=20260418HHLT0
2026-04-18,2026,KIA,두산,away,4,5,잠실,L,completed,20260418HTOB0,https://www.koreabaseball.com/Schedule/GameCenter/Main.aspx?gameDate=20260418&gameId=20260418HTOB0
2026-04-18,2026,두산,KIA,home,5,4,잠실,W,completed,20260418HTOB0,https://www.koreabaseball.com/Schedule/GameCenter/Main.aspx?gameDate=20260418&gameId=20260418HTOB0
2026-04-18,2026,LG,삼성,away,2,7,대구,L,completed,20260418LGSS0,https://www.koreabaseball.com/Schedule/GameCenter/Main.aspx?gameDate=20260418&gameId=20260418LGSS0
2026-04-18,2026,삼성,LG,home,7,2,대구,W,completed,20260418LGSS0,https://www.koreabaseball.com/Schedule/GameCenter/Main.aspx?gameDate=20260418&gameId=20260418LGSS0
2026-04-18,2026,NC,SSG,home,3,11,창원,L,completed,20260418SKNC0,https://www.koreabaseball.com/Schedule/GameCenter/Main.aspx?gameDate=20260418&gameId=20260418SKNC0
2026-04-18,2026,SSG,NC,away,11,3,창원,W,completed,20260418SKNC0,https://www.koreabaseball.com/Schedule/GameCenter/Main.aspx?gameDate=20260418&gameId=20260418SKNC0
2026-04-18,2026,KT,키움,home,4,2,수원,W,completed,20260418WOKT0,https://www.koreabaseball.com/Schedule/GameCenter/Main.aspx?gameDate=20260418&gameId=20260418WOKT0
2026-04-18,2026,키움,KT,away,2,4,수원,L,completed,20260418WOKT0,https://www.koreabaseball.com/Schedule/GameCenter/Main.aspx?gameDate=20260418&gameId=20260418WOKT0
2026-04-19,2026,롯데,한화,home,1,9,사직,L,completed,20260419HHLT0,https://www.koreabaseball.com/Schedule/GameCenter/Main.aspx?gameDate=20260419&gameId=20260419HHLT0
2026-04-19,2026,한화,롯데,away,9,1,사직,W,completed,20260419HHLT0,https://www.koreabaseball.com/Schedule/GameCenter/Main.aspx?gameDate=20260419&gameId=20260419HHLT0
2026-04-19,2026,KIA,두산,away,3,6,잠실,L,completed,20260419HTOB0,https://www.koreabaseball.com/Schedule/GameCenter/Main.aspx?gameDate=20260419&gameId=20260419HTOB0
2026-04-19,2026,두산,KIA,home,6,3,잠실,W,completed,20260419HTOB0,https://www.koreabaseball.com/Schedule/GameCenter/Main.aspx?gameDate=20260419&gameId=20260419HTOB0
2026-04-19,2026,LG,삼성,away,5,0,대구,W,completed,20260419LGSS0,https://www.koreabaseball.com/Schedule/GameCenter/Main.aspx?gameDate=20260419&gameId=20260419LGSS0
2026-04-19,2026,삼성,LG,home,0,5,대구,L,completed,20260419LGSS0,https://www.koreabaseball.com/Schedule/GameCenter/Main.aspx?gameDate=20260419&gameId=20260419LGSS0
2026-04-19,2026,NC,SSG,home,9,2,창원,W,completed,20260419SKNC0,https://www.koreabaseball.com/Schedule/GameCenter/Main.aspx?gameDate=20260419&gameId=20260419SKNC0
2026-04-19,2026,SSG,NC,away,2,9,창원,L,completed,20260419SKNC0,https://www.koreabaseball.com/Schedule/GameCenter/Main.aspx?gameDate=20260419&gameId=20260419SKNC0
2026-04-19,2026,KT,키움,home,1,3,수원,L,completed,20260419WOKT0,https://www.koreabaseball.com/Schedule/GameCenter/Main.aspx?gameDate=20260419&gameId=20260419WOKT0
2026-04-19,2026,키움,KT,away,3,1,수원,W,completed,20260419WOKT0,https://www.koreabaseball.com/Schedule/GameCenter/Main.aspx?gameDate=20260419&gameId=20260419WOKT0
2026-04-21,2026,LG,한화,home,6,5,잠실,W,completed,20260421HHLG0,https://www.koreabaseball.com/Schedule/GameCenter/Main.aspx?gameDate=20260421&gameId=20260421HHLG0
2026-04-21,2026,한화,LG,away,5,6,잠실,L,completed,20260421HHLG0,https://www.koreabaseball.com/Schedule/GameCenter/Main.aspx?gameDate=20260421&gameId=20260421HHLG0
2026-04-21,2026,KIA,KT,away,5,6,수원,L,completed,20260421HTKT0,https://www.koreabaseball.com/Schedule/GameCenter/Main.aspx?gameDate=20260421&gameId=20260421HTKT0
2026-04-21,2026,KT,KIA,home,6,5,수원,W,completed,20260421HTKT0,https://www.koreabaseball.com/Schedule/GameCenter/Main.aspx?gameDate=20260421&gameId=20260421HTKT0
2026-04-21,2026,NC,키움,away,1,2,고척,L,completed,20260421NCWO0,https://www.koreabaseball.com/Schedule/GameCenter/Main.aspx?gameDate=20260421&gameId=20260421NCWO0
2026-04-21,2026,키움,NC,home,2,1,고척,W,completed,20260421NCWO0,https://www.koreabaseball.com/Schedule/GameCenter/Main.aspx?gameDate=20260421&gameId=20260421NCWO0
2026-04-21,2026,두산,롯데,away,6,2,사직,W,completed,20260421OBLT0,https://www.koreabaseball.com/Schedule/GameCenter/Main.aspx?gameDate=20260421&gameId=20260421OBLT0
2026-04-21,2026,롯데,두산,home,2,6,사직,L,completed,20260421OBLT0,https://www.koreabaseball.com/Schedule/GameCenter/Main.aspx?gameDate=20260421&gameId=20260421OBLT0
2026-04-21,2026,SSG,삼성,away,5,4,대구,W,completed,20260421SKSS0,https://www.koreabaseball.com/Schedule/GameCenter/Main.aspx?gameDate=20260421&gameId=20260421SKSS0
2026-04-21,2026,삼성,SSG,home,4,5,대구,L,completed,20260421SKSS0,https://www.koreabaseball.com/Schedule/GameCenter/Main.aspx?gameDate=20260421&gameId=20260421SKSS0
2026-04-22,2026,LG,한화,home,3,0,잠실,W,completed,20260422HHLG0,https://www.koreabaseball.com/Schedule/GameCenter/Main.aspx?gameDate=20260422&gameId=20260422HHLG0
2026-04-22,2026,한화,LG,away,0,3,잠실,L,completed,20260422HHLG0,https://www.koreabaseball.com/Schedule/GameCenter/Main.aspx?gameDate=20260422&gameId=20260422HHLG0
2026-04-22,2026,KIA,KT,away,3,8,수원,L,completed,20260422HTKT0,https://www.koreabaseball.com/Schedule/GameCenter/Main.aspx?gameDate=20260422&gameId=20260422HTKT0
2026-04-22,2026,KT,KIA,home,8,3,수원,W,completed,20260422HTKT0,https://www.koreabaseball.com/Schedule/GameCenter/Main.aspx?gameDate=20260422&gameId=20260422HTKT0
2026-04-22,2026,NC,키움,away,0,3,고척,L,completed,20260422NCWO0,https://www.koreabaseball.com/Schedule/GameCenter/Main.aspx?gameDate=20260422&gameId=20260422NCWO0
2026-04-22,2026,키움,NC,home,3,0,고척,W,completed,20260422NCWO0,https://www.koreabaseball.com/Schedule/GameCenter/Main.aspx?gameDate=20260422&gameId=20260422NCWO0
2026-04-22,2026,두산,롯데,away,9,1,사직,W,completed,20260422OBLT0,https://www.koreabaseball.com/Schedule/GameCenter/Main.aspx?gameDate=20260422&gameId=20260422OBLT0
2026-04-22,2026,롯데,두산,home,1,9,사직,L,completed,20260422OBLT0,https://www.koreabaseball.com/Schedule/GameCenter/Main.aspx?gameDate=20260422&gameId=20260422OBLT0
2026-04-22,2026,SSG,삼성,away,3,2,대구,W,completed,20260422SKSS0,https://www.koreabaseball.com/Schedule/GameCenter/Main.aspx?gameDate=20260422&gameId=20260422SKSS0
2026-04-22,2026,삼성,SSG,home,2,3,대구,L,completed,20260422SKSS0,https://www.koreabaseball.com/Schedule/GameCenter/Main.aspx?gameDate=20260422&gameId=20260422SKSS0
2026-04-23,2026,LG,한화,home,4,8,잠실,L,completed,20260423HHLG0,https://www.koreabaseball.com/Schedule/GameCenter/Main.aspx?gameDate=20260423&gameId=20260423HHLG0
2026-04-23,2026,한화,LG,away,8,4,잠실,W,completed,20260423HHLG0,https://www.koreabaseball.com/Schedule/GameCenter/Main.aspx?gameDate=20260423&gameId=20260423HHLG0
2026-04-23,2026,KIA,KT,away,3,8,수원,L,completed,20260423HTKT0,https://www.koreabaseball.com/Schedule/GameCenter/Main.aspx?gameDate=20260423&gameId=20260423HTKT0
2026-04-23,2026,KT,KIA,home,8,3,수원,W,completed,20260423HTKT0,https://www.koreabaseball.com/Schedule/GameCenter/Main.aspx?gameDate=20260423&gameId=20260423HTKT0
2026-04-23,2026,NC,키움,away,12,2,고척,W,completed,20260423NCWO0,https://www.koreabaseball.com/Schedule/GameCenter/Main.aspx?gameDate=20260423&gameId=20260423NCWO0
2026-04-23,2026,키움,NC,home,2,12,고척,L,completed,20260423NCWO0,https://www.koreabaseball.com/Schedule/GameCenter/Main.aspx?gameDate=20260423&gameId=20260423NCWO0
2026-04-23,2026,두산,롯데,away,1,6,사직,L,completed,20260423OBLT0,https://www.koreabaseball.com/Schedule/GameCenter/Main.aspx?gameDate=20260423&gameId=20260423OBLT0
2026-04-23,2026,롯데,두산,home,6,1,사직,W,completed,20260423OBLT0,https://www.koreabaseball.com/Schedule/GameCenter/Main.aspx?gameDate=20260423&gameId=20260423OBLT0
2026-04-23,2026,SSG,삼성,away,8,2,대구,W,completed,20260423SKSS0,https://www.koreabaseball.com/Schedule/GameCenter/Main.aspx?gameDate=20260423&gameId=20260423SKSS0
2026-04-23,2026,삼성,SSG,home,2,8,대구,L,completed,20260423SKSS0,https://www.koreabaseball.com/Schedule/GameCenter/Main.aspx?gameDate=20260423&gameId=20260423SKSS0
2026-04-24,2026,KT,SSG,away,0,5,문학,L,completed,20260424KTSK0,https://www.koreabaseball.com/Schedule/GameCenter/Main.aspx?gameDate=20260424&gameId=20260424KTSK0
2026-04-24,2026,SSG,KT,home,5,0,문학,W,completed,20260424KTSK0,https://www.koreabaseball.com/Schedule/GameCenter/Main.aspx?gameDate=20260424&gameId=20260424KTSK0
2026-04-24,2026,LG,두산,away,4,1,잠실,W,completed,20260424LGOB0,https://www.koreabaseball.com/Schedule/GameCenter/Main.aspx?gameDate=20260424&gameId=20260424LGOB0
2026-04-24,2026,두산,LG,home,1,4,잠실,L,completed,20260424LGOB0,https://www.koreabaseball.com/Schedule/GameCenter/Main.aspx?gameDate=20260424&gameId=20260424LGOB0
2026-04-24,2026,KIA,롯데,home,4,0,광주,W,completed,20260424LTHT0,https://www.koreabaseball.com/Schedule/GameCenter/Main.aspx?gameDate=20260424&gameId=20260424LTHT0
2026-04-24,2026,롯데,KIA,away,0,4,광주,L,completed,20260424LTHT0,https://www.koreabaseball.com/Schedule/GameCenter/Main.aspx?gameDate=20260424&gameId=20260424LTHT0
2026-04-24,2026,NC,한화,away,7,3,대전,W,completed,20260424NCHH0,https://www.koreabaseball.com/Schedule/GameCenter/Main.aspx?gameDate=20260424&gameId=20260424NCHH0
2026-04-24,2026,한화,NC,home,3,7,대전,L,completed,20260424NCHH0,https://www.koreabaseball.com/Schedule/GameCenter/Main.aspx?gameDate=20260424&gameId=20260424NCHH0
2026-04-24,2026,삼성,키움,away,4,6,고척,L,completed,20260424SSWO0,https://www.koreabaseball.com/Schedule/GameCenter/Main.aspx?gameDate=20260424&gameId=20260424SSWO0
2026-04-24,2026,키움,삼성,home,6,4,고척,W,completed,20260424SSWO0,https://www.koreabaseball.com/Schedule/GameCenter/Main.aspx?gameDate=20260424&gameId=20260424SSWO0
2026-04-25,2026,KT,SSG,away,1,3,문학,L,completed,20260425KTSK0,https://www.koreabaseball.com/Schedule/GameCenter/Main.aspx?gameDate=20260425&gameId=20260425KTSK0
2026-04-25,2026,SSG,KT,home,3,1,문학,W,completed,20260425KTSK0,https://www.koreabaseball.com/Schedule/GameCenter/Main.aspx?gameDate=20260425&gameId=20260425KTSK0
2026-04-25,2026,LG,두산,away,7,5,잠실,W,completed,20260425LGOB0,https://www.koreabaseball.com/Schedule/GameCenter/Main.aspx?gameDate=20260425&gameId=20260425LGOB0
2026-04-25,2026,두산,LG,home,5,7,잠실,L,completed,20260425LGOB0,https://www.koreabaseball.com/Schedule/GameCenter/Main.aspx?gameDate=20260425&gameId=20260425LGOB0
2026-04-25,2026,KIA,롯데,home,4,3,광주,W,completed,20260425LTHT0,https://www.koreabaseball.com/Schedule/GameCenter/Main.aspx?gameDate=20260425&gameId=20260425LTHT0
2026-04-25,2026,롯데,KIA,away,3,4,광주,L,completed,20260425LTHT0,https://www.koreabaseball.com/Schedule/GameCenter/Main.aspx?gameDate=20260425&gameId=20260425LTHT0
2026-04-25,2026,NC,한화,away,1,8,대전,L,completed,20260425NCHH0,https://www.koreabaseball.com/Schedule/GameCenter/Main.aspx?gameDate=20260425&gameId=20260425NCHH0
2026-04-25,2026,한화,NC,home,8,1,대전,W,completed,20260425NCHH0,https://www.koreabaseball.com/Schedule/GameCenter/Main.aspx?gameDate=20260425&gameId=20260425NCHH0
2026-04-25,2026,삼성,키움,away,2,4,고척,L,completed,20260425SSWO0,https://www.koreabaseball.com/Schedule/GameCenter/Main.aspx?gameDate=20260425&gameId=20260425SSWO0
2026-04-25,2026,키움,삼성,home,4,2,고척,W,completed,20260425SSWO0,https://www.koreabaseball.com/Schedule/GameCenter/Main.aspx?gameDate=20260425&gameId=20260425SSWO0
2026-04-26,2026,KT,SSG,away,12,2,문학,W,completed,20260426KTSK0,https://www.koreabaseball.com/Schedule/GameCenter/Main.aspx?gameDate=20260426&gameId=20260426KTSK0
2026-04-26,2026,SSG,KT,home,2,12,문학,L,completed,20260426KTSK0,https://www.koreabaseball.com/Schedule/GameCenter/Main.aspx?gameDate=20260426&gameId=20260426KTSK0
2026-04-26,2026,LG,두산,away,3,4,잠실,L,completed,20260426LGOB0,https://www.koreabaseball.com/Schedule/GameCenter/Main.aspx?gameDate=20260426&gameId=20260426LGOB0
2026-04-26,2026,두산,LG,home,4,3,잠실,W,completed,20260426LGOB0,https://www.koreabaseball.com/Schedule/GameCenter/Main.aspx?gameDate=20260426&gameId=20260426LGOB0
2026-04-26,2026,KIA,롯데,home,5,5,광주,D,completed,20260426LTHT0,https://www.koreabaseball.com/Schedule/GameCenter/Main.aspx?gameDate=20260426&gameId=20260426LTHT0
2026-04-26,2026,롯데,KIA,away,5,5,광주,D,completed,20260426LTHT0,https://www.koreabaseball.com/Schedule/GameCenter/Main.aspx?gameDate=20260426&gameId=20260426LTHT0
2026-04-26,2026,NC,한화,away,5,3,대전,W,completed,20260426NCHH0,https://www.koreabaseball.com/Schedule/GameCenter/Main.aspx?gameDate=20260426&gameId=20260426NCHH0
2026-04-26,2026,한화,NC,home,3,5,대전,L,completed,20260426NCHH0,https://www.koreabaseball.com/Schedule/GameCenter/Main.aspx?gameDate=20260426&gameId=20260426NCHH0
2026-04-26,2026,삼성,키움,away,0,2,고척,L,completed,20260426SSWO0,https://www.koreabaseball.com/Schedule/GameCenter/Main.aspx?gameDate=20260426&gameId=20260426SSWO0
2026-04-26,2026,키움,삼성,home,2,0,고척,W,completed,20260426SSWO0,https://www.koreabaseball.com/Schedule/GameCenter/Main.aspx?gameDate=20260426&gameId=20260426SSWO0
2026-04-28,2026,KIA,NC,away,4,5,창원,L,completed,20260428HTNC0,https://www.koreabaseball.com/Schedule/GameCenter/Main.aspx?gameDate=20260428&gameId=20260428HTNC0
2026-04-28,2026,NC,KIA,home,5,4,창원,W,completed,20260428HTNC0,https://www.koreabaseball.com/Schedule/GameCenter/Main.aspx?gameDate=20260428&gameId=20260428HTNC0
2026-04-28,2026,KT,LG,home,6,5,수원,W,completed,20260428LGKT0,https://www.koreabaseball.com/Schedule/GameCenter/Main.aspx?gameDate=20260428&gameId=20260428LGKT0
2026-04-28,2026,LG,KT,away,5,6,수원,L,completed,20260428LGKT0,https://www.koreabaseball.com/Schedule/GameCenter/Main.aspx?gameDate=20260428&gameId=20260428LGKT0
2026-04-28,2026,SSG,한화,away,6,7,대전,L,completed,20260428SKHH0,https://www.koreabaseball.com/Schedule/GameCenter/Main.aspx?gameDate=20260428&gameId=20260428SKHH0
2026-04-28,2026,한화,SSG,home,7,6,대전,W,completed,20260428SKHH0,https://www.koreabaseball.com/Schedule/GameCenter/Main.aspx?gameDate=20260428&gameId=20260428SKHH0
2026-04-28,2026,두산,삼성,home,4,5,잠실,L,completed,20260428SSOB0,https://www.koreabaseball.com/Schedule/GameCenter/Main.aspx?gameDate=20260428&gameId=20260428SSOB0
2026-04-28,2026,삼성,두산,away,5,4,잠실,W,completed,20260428SSOB0,https://www.koreabaseball.com/Schedule/GameCenter/Main.aspx?gameDate=20260428&gameId=20260428SSOB0
2026-04-28,2026,롯데,키움,home,5,4,사직,W,completed,20260428WOLT0,https://www.koreabaseball.com/Schedule/GameCenter/Main.aspx?gameDate=20260428&gameId=20260428WOLT0
2026-04-28,2026,키움,롯데,away,4,5,사직,L,completed,20260428WOLT0,https://www.koreabaseball.com/Schedule/GameCenter/Main.aspx?gameDate=20260428&gameId=20260428WOLT0
2026-04-29,2026,KIA,NC,away,9,4,창원,W,completed,20260429HTNC0,https://www.koreabaseball.com/Schedule/GameCenter/Main.aspx?gameDate=20260429&gameId=20260429HTNC0
2026-04-29,2026,NC,KIA,home,4,9,창원,L,completed,20260429HTNC0,https://www.koreabaseball.com/Schedule/GameCenter/Main.aspx?gameDate=20260429&gameId=20260429HTNC0
2026-04-29,2026,KT,LG,home,5,4,수원,W,completed,20260429LGKT0,https://www.koreabaseball.com/Schedule/GameCenter/Main.aspx?gameDate=20260429&gameId=20260429LGKT0
2026-04-29,2026,LG,KT,away,4,5,수원,L,completed,20260429LGKT0,https://www.koreabaseball.com/Schedule/GameCenter/Main.aspx?gameDate=20260429&gameId=20260429LGKT0
2026-04-29,2026,SSG,한화,away,6,1,대전,W,completed,20260429SKHH0,https://www.koreabaseball.com/Schedule/GameCenter/Main.aspx?gameDate=20260429&gameId=20260429SKHH0
2026-04-29,2026,한화,SSG,home,1,6,대전,L,completed,20260429SKHH0,https://www.koreabaseball.com/Schedule/GameCenter/Main.aspx?gameDate=20260429&gameId=20260429SKHH0
2026-04-29,2026,두산,삼성,home,4,0,잠실,W,completed,20260429SSOB0,https://www.koreabaseball.com/Schedule/GameCenter/Main.aspx?gameDate=20260429&gameId=20260429SSOB0
2026-04-29,2026,삼성,두산,away,0,4,잠실,L,completed,20260429SSOB0,https://www.koreabaseball.com/Schedule/GameCenter/Main.aspx?gameDate=20260429&gameId=20260429SSOB0
2026-04-29,2026,롯데,키움,home,5,6,사직,L,completed,20260429WOLT0,https://www.koreabaseball.com/Schedule/GameCenter/Main.aspx?gameDate=20260429&gameId=20260429WOLT0
2026-04-29,2026,키움,롯데,away,6,5,사직,W,completed,20260429WOLT0,https://www.koreabaseball.com/Schedule/GameCenter/Main.aspx?gameDate=20260429&gameId=20260429WOLT0
2026-04-30,2026,KIA,NC,away,2,7,창원,L,completed,20260430HTNC0,https://www.koreabaseball.com/Schedule/GameCenter/Main.aspx?gameDate=20260430&gameId=20260430HTNC0
2026-04-30,2026,NC,KIA,home,7,2,창원,W,completed,20260430HTNC0,https://www.koreabaseball.com/Schedule/GameCenter/Main.aspx?gameDate=20260430&gameId=20260430HTNC0
2026-04-30,2026,KT,LG,home,5,6,수원,L,completed,20260430LGKT0,https://www.koreabaseball.com/Schedule/GameCenter/Main.aspx?gameDate=20260430&gameId=20260430LGKT0
2026-04-30,2026,LG,KT,away,6,5,수원,W,completed,20260430LGKT0,https://www.koreabaseball.com/Schedule/GameCenter/Main.aspx?gameDate=20260430&gameId=20260430LGKT0
2026-04-30,2026,SSG,한화,away,14,3,대전,W,completed,20260430SKHH0,https://www.koreabaseball.com/Schedule/GameCenter/Main.aspx?gameDate=20260430&gameId=20260430SKHH0
2026-04-30,2026,한화,SSG,home,3,14,대전,L,completed,20260430SKHH0,https://www.koreabaseball.com/Schedule/GameCenter/Main.aspx?gameDate=20260430&gameId=20260430SKHH0
2026-04-30,2026,두산,삼성,home,8,5,잠실,W,completed,20260430SSOB0,https://www.koreabaseball.com/Schedule/GameCenter/Main.aspx?gameDate=20260430&gameId=20260430SSOB0
2026-04-30,2026,삼성,두산,away,5,8,잠실,L,completed,20260430SSOB0,https://www.koreabaseball.com/Schedule/GameCenter/Main.aspx?gameDate=20260430&gameId=20260430SSOB0
2026-04-30,2026,롯데,키움,home,3,1,사직,W,completed,20260430WOLT0,https://www.koreabaseball.com/Schedule/GameCenter/Main.aspx?gameDate=20260430&gameId=20260430WOLT0
2026-04-30,2026,키움,롯데,away,1,3,사직,L,completed,20260430WOLT0,https://www.koreabaseball.com/Schedule/GameCenter/Main.aspx?gameDate=20260430&gameId=20260430WOLT0
2026-05-01,2026,삼성,한화,home,4,3,대구,W,completed,20260501HHSS0,https://www.koreabaseball.com/Schedule/GameCenter/Main.aspx?gameDate=20260501&gameId=20260501HHSS0
2026-05-01,2026,한화,삼성,away,3,4,대구,L,completed,20260501HHSS0,https://www.koreabaseball.com/Schedule/GameCenter/Main.aspx?gameDate=20260501&gameId=20260501HHSS0
2026-05-01,2026,KIA,KT,home,3,4,광주,L,completed,20260501KTHT0,https://www.koreabaseball.com/Schedule/GameCenter/Main.aspx?gameDate=20260501&gameId=20260501KTHT0
2026-05-01,2026,KT,KIA,away,4,3,광주,W,completed,20260501KTHT0,https://www.koreabaseball.com/Schedule/GameCenter/Main.aspx?gameDate=20260501&gameId=20260501KTHT0
2026-05-01,2026,SSG,롯데,home,7,10,문학,L,completed,20260501LTSK0,https://www.koreabaseball.com/Schedule/GameCenter/Main.aspx?gameDate=20260501&gameId=20260501LTSK0
2026-05-01,2026,롯데,SSG,away,10,7,문학,W,completed,20260501LTSK0,https://www.koreabaseball.com/Schedule/GameCenter/Main.aspx?gameDate=20260501&gameId=20260501LTSK0
2026-05-01,2026,LG,NC,home,5,1,잠실,W,completed,20260501NCLG0,https://www.koreabaseball.com/Schedule/GameCenter/Main.aspx?gameDate=20260501&gameId=20260501NCLG0
2026-05-01,2026,NC,LG,away,1,5,잠실,L,completed,20260501NCLG0,https://www.koreabaseball.com/Schedule/GameCenter/Main.aspx?gameDate=20260501&gameId=20260501NCLG0
2026-05-01,2026,두산,키움,away,16,6,고척,W,completed,20260501OBWO0,https://www.koreabaseball.com/Schedule/GameCenter/Main.aspx?gameDate=20260501&gameId=20260501OBWO0
2026-05-01,2026,키움,두산,home,6,16,고척,L,completed,20260501OBWO0,https://www.koreabaseball.com/Schedule/GameCenter/Main.aspx?gameDate=20260501&gameId=20260501OBWO0
2026-05-02,2026,삼성,한화,home,3,13,대구,L,completed,20260502HHSS0,https://www.koreabaseball.com/Schedule/GameCenter/Main.aspx?gameDate=20260502&gameId=20260502HHSS0
2026-05-02,2026,한화,삼성,away,13,3,대구,W,completed,20260502HHSS0,https://www.koreabaseball.com/Schedule/GameCenter/Main.aspx?gameDate=20260502&gameId=20260502HHSS0
2026-05-02,2026,KIA,KT,home,6,0,광주,W,completed,20260502KTHT0,https://www.koreabaseball.com/Schedule/GameCenter/Main.aspx?gameDate=20260502&gameId=20260502KTHT0
2026-05-02,2026,KT,KIA,away,0,6,광주,L,completed,20260502KTHT0,https://www.koreabaseball.com/Schedule/GameCenter/Main.aspx?gameDate=20260502&gameId=20260502KTHT0
2026-05-02,2026,SSG,롯데,home,5,7,문학,L,completed,20260502LTSK0,https://www.koreabaseball.com/Schedule/GameCenter/Main.aspx?gameDate=20260502&gameId=20260502LTSK0
2026-05-02,2026,롯데,SSG,away,7,5,문학,W,completed,20260502LTSK0,https://www.koreabaseball.com/Schedule/GameCenter/Main.aspx?gameDate=20260502&gameId=20260502LTSK0
2026-05-02,2026,LG,NC,home,13,5,잠실,W,completed,20260502NCLG0,https://www.koreabaseball.com/Schedule/GameCenter/Main.aspx?gameDate=20260502&gameId=20260502NCLG0
2026-05-02,2026,NC,LG,away,5,13,잠실,L,completed,20260502NCLG0,https://www.koreabaseball.com/Schedule/GameCenter/Main.aspx?gameDate=20260502&gameId=20260502NCLG0
2026-05-02,2026,두산,키움,away,2,4,고척,L,completed,20260502OBWO0,https://www.koreabaseball.com/Schedule/GameCenter/Main.aspx?gameDate=20260502&gameId=20260502OBWO0
2026-05-02,2026,키움,두산,home,4,2,고척,W,completed,20260502OBWO0,https://www.koreabaseball.com/Schedule/GameCenter/Main.aspx?gameDate=20260502&gameId=20260502OBWO0
2026-05-03,2026,삼성,한화,home,7,6,대구,W,completed,20260503HHSS0,https://www.koreabaseball.com/Schedule/GameCenter/Main.aspx?gameDate=20260503&gameId=20260503HHSS0
2026-05-03,2026,한화,삼성,away,6,7,대구,L,completed,20260503HHSS0,https://www.koreabaseball.com/Schedule/GameCenter/Main.aspx?gameDate=20260503&gameId=20260503HHSS0
2026-05-03,2026,KIA,KT,home,4,6,광주,L,completed,20260503KTHT0,https://www.koreabaseball.com/Schedule/GameCenter/Main.aspx?gameDate=20260503&gameId=20260503KTHT0
2026-05-03,2026,KT,KIA,away,6,4,광주,W,completed,20260503KTHT0,https://www.koreabaseball.com/Schedule/GameCenter/Main.aspx?gameDate=20260503&gameId=20260503KTHT0
2026-05-03,2026,SSG,롯데,home,2,5,문학,L,completed,20260503LTSK0,https://www.koreabaseball.com/Schedule/GameCenter/Main.aspx?gameDate=20260503&gameId=20260503LTSK0
2026-05-03,2026,롯데,SSG,away,5,2,문학,W,completed,20260503LTSK0,https://www.koreabaseball.com/Schedule/GameCenter/Main.aspx?gameDate=20260503&gameId=20260503LTSK0
2026-05-03,2026,LG,NC,home,3,10,잠실,L,completed,20260503NCLG0,https://www.koreabaseball.com/Schedule/GameCenter/Main.aspx?gameDate=20260503&gameId=20260503NCLG0
2026-05-03,2026,NC,LG,away,10,3,잠실,W,completed,20260503NCLG0,https://www.koreabaseball.com/Schedule/GameCenter/Main.aspx?gameDate=20260503&gameId=20260503NCLG0
2026-05-03,2026,두산,키움,away,14,3,고척,W,completed,20260503OBWO0,https://www.koreabaseball.com/Schedule/GameCenter/Main.aspx?gameDate=20260503&gameId=20260503OBWO0
2026-05-03,2026,키움,두산,home,3,14,고척,L,completed,20260503OBWO0,https://www.koreabaseball.com/Schedule/GameCenter/Main.aspx?gameDate=20260503&gameId=20260503OBWO0
2026-05-05,2026,KIA,한화,home,12,7,광주,W,completed,20260505HHHT0,https://www.koreabaseball.com/Schedule/GameCenter/Main.aspx?gameDate=20260505&gameId=20260505HHHT0
2026-05-05,2026,한화,KIA,away,7,12,광주,L,completed,20260505HHHT0,https://www.koreabaseball.com/Schedule/GameCenter/Main.aspx?gameDate=20260505&gameId=20260505HHHT0
2026-05-05,2026,KT,롯데,home,5,4,수원,W,completed,20260505LTKT0,https://www.koreabaseball.com/Schedule/GameCenter/Main.aspx?gameDate=20260505&gameId=20260505LTKT0
2026-05-05,2026,롯데,KT,away,4,5,수원,L,completed,20260505LTKT0,https://www.koreabaseball.com/Schedule/GameCenter/Main.aspx?gameDate=20260505&gameId=20260505LTKT0
2026-05-05,2026,NC,SSG,away,7,7,문학,D,completed,20260505NCSK0,https://www.koreabaseball.com/Schedule/GameCenter/Main.aspx?gameDate=20260505&gameId=20260505NCSK0
2026-05-05,2026,SSG,NC,home,7,7,문학,D,completed,20260505NCSK0,https://www.koreabaseball.com/Schedule/GameCenter/Main.aspx?gameDate=20260505&gameId=20260505NCSK0
2026-05-05,2026,LG,두산,home,2,1,잠실,W,completed,20260505OBLG0,https://www.koreabaseball.com/Schedule/GameCenter/Main.aspx?gameDate=20260505&gameId=20260505OBLG0
2026-05-05,2026,두산,LG,away,1,2,잠실,L,completed,20260505OBLG0,https://www.koreabaseball.com/Schedule/GameCenter/Main.aspx?gameDate=20260505&gameId=20260505OBLG0
2026-05-05,2026,삼성,키움,home,11,1,대구,W,completed,20260505WOSS0,https://www.koreabaseball.com/Schedule/GameCenter/Main.aspx?gameDate=20260505&gameId=20260505WOSS0
2026-05-05,2026,키움,삼성,away,1,11,대구,L,completed,20260505WOSS0,https://www.koreabaseball.com/Schedule/GameCenter/Main.aspx?gameDate=20260505&gameId=20260505WOSS0
2026-05-06,2026,KIA,한화,home,2,7,광주,L,completed,20260506HHHT0,https://www.koreabaseball.com/Schedule/GameCenter/Main.aspx?gameDate=20260506&gameId=20260506HHHT0
2026-05-06,2026,한화,KIA,away,7,2,광주,W,completed,20260506HHHT0,https://www.koreabaseball.com/Schedule/GameCenter/Main.aspx?gameDate=20260506&gameId=20260506HHHT0
2026-05-06,2026,KT,롯데,home,1,8,수원,L,completed,20260506LTKT0,https://www.koreabaseball.com/Schedule/GameCenter/Main.aspx?gameDate=20260506&gameId=20260506LTKT0
2026-05-06,2026,롯데,KT,away,8,1,수원,W,completed,20260506LTKT0,https://www.koreabaseball.com/Schedule/GameCenter/Main.aspx?gameDate=20260506&gameId=20260506LTKT0
2026-05-06,2026,NC,SSG,away,6,7,문학,L,completed,20260506NCSK0,https://www.koreabaseball.com/Schedule/GameCenter/Main.aspx?gameDate=20260506&gameId=20260506NCSK0
2026-05-06,2026,SSG,NC,home,7,6,문학,W,completed,20260506NCSK0,https://www.koreabaseball.com/Schedule/GameCenter/Main.aspx?gameDate=20260506&gameId=20260506NCSK0
2026-05-06,2026,LG,두산,home,6,1,잠실,W,completed,20260506OBLG0,https://www.koreabaseball.com/Schedule/GameCenter/Main.aspx?gameDate=20260506&gameId=20260506OBLG0
2026-05-06,2026,두산,LG,away,1,6,잠실,L,completed,20260506OBLG0,https://www.koreabaseball.com/Schedule/GameCenter/Main.aspx?gameDate=20260506&gameId=20260506OBLG0
2026-05-06,2026,삼성,키움,home,2,1,대구,W,completed,20260506WOSS0,https://www.koreabaseball.com/Schedule/GameCenter/Main.aspx?gameDate=20260506&gameId=20260506WOSS0
2026-05-06,2026,키움,삼성,away,1,2,대구,L,completed,20260506WOSS0,https://www.koreabaseball.com/Schedule/GameCenter/Main.aspx?gameDate=20260506&gameId=20260506WOSS0
2026-05-07,2026,KT,롯데,home,,,수원,,not_completed,2026-05-07_KT_롯데,https://www.koreabaseball.com/Schedule/Schedule.aspx
2026-05-07,2026,롯데,KT,away,,,수원,,not_completed,2026-05-07_KT_롯데,https://www.koreabaseball.com/Schedule/Schedule.aspx
2026-05-07,2026,KIA,한화,home,8,11,광주,L,completed,20260507HHHT0,https://www.koreabaseball.com/Schedule/GameCenter/Main.aspx?gameDate=20260507&gameId=20260507HHHT0
2026-05-07,2026,한화,KIA,away,11,8,광주,W,completed,20260507HHHT0,https://www.koreabaseball.com/Schedule/GameCenter/Main.aspx?gameDate=20260507&gameId=20260507HHHT0
2026-05-07,2026,NC,SSG,away,10,5,문학,W,completed,20260507NCSK0,https://www.koreabaseball.com/Schedule/GameCenter/Main.aspx?gameDate=20260507&gameId=20260507NCSK0
2026-05-07,2026,SSG,NC,home,5,10,문학,L,completed,20260507NCSK0,https://www.koreabaseball.com/Schedule/GameCenter/Main.aspx?gameDate=20260507&gameId=20260507NCSK0
2026-05-07,2026,LG,두산,home,2,3,잠실,L,completed,20260507OBLG0,https://www.koreabaseball.com/Schedule/GameCenter/Main.aspx?gameDate=20260507&gameId=20260507OBLG0
2026-05-07,2026,두산,LG,away,3,2,잠실,W,completed,20260507OBLG0,https://www.koreabaseball.com/Schedule/GameCenter/Main.aspx?gameDate=20260507&gameId=20260507OBLG0
2026-05-07,2026,삼성,키움,home,6,0,대구,W,completed,20260507WOSS0,https://www.koreabaseball.com/Schedule/GameCenter/Main.aspx?gameDate=20260507&gameId=20260507WOSS0
2026-05-07,2026,키움,삼성,away,0,6,대구,L,completed,20260507WOSS0,https://www.koreabaseball.com/Schedule/GameCenter/Main.aspx?gameDate=20260507&gameId=20260507WOSS0
2026-05-08,2026,KIA,롯데,away,8,2,사직,W,completed,20260508HTLT0,https://www.koreabaseball.com/Schedule/GameCenter/Main.aspx?gameDate=20260508&gameId=20260508HTLT0
2026-05-08,2026,롯데,KIA,home,2,8,사직,L,completed,20260508HTLT0,https://www.koreabaseball.com/Schedule/GameCenter/Main.aspx?gameDate=20260508&gameId=20260508HTLT0
2026-05-08,2026,KT,키움,away,8,0,고척,W,completed,20260508KTWO0,https://www.koreabaseball.com/Schedule/GameCenter/Main.aspx?gameDate=20260508&gameId=20260508KTWO0
2026-05-08,2026,키움,KT,home,0,8,고척,L,completed,20260508KTWO0,https://www.koreabaseball.com/Schedule/GameCenter/Main.aspx?gameDate=20260508&gameId=20260508KTWO0
2026-05-08,2026,LG,한화,away,9,8,대전,W,completed,20260508LGHH0,https://www.koreabaseball.com/Schedule/GameCenter/Main.aspx?gameDate=20260508&gameId=20260508LGHH0
2026-05-08,2026,한화,LG,home,8,9,대전,L,completed,20260508LGHH0,https://www.koreabaseball.com/Schedule/GameCenter/Main.aspx?gameDate=20260508&gameId=20260508LGHH0
2026-05-08,2026,SSG,두산,away,4,1,잠실,W,completed,20260508SKOB0,https://www.koreabaseball.com/Schedule/GameCenter/Main.aspx?gameDate=20260508&gameId=20260508SKOB0
2026-05-08,2026,두산,SSG,home,1,4,잠실,L,completed,20260508SKOB0,https://www.koreabaseball.com/Schedule/GameCenter/Main.aspx?gameDate=20260508&gameId=20260508SKOB0
2026-05-08,2026,NC,삼성,home,3,4,창원,L,completed,20260508SSNC0,https://www.koreabaseball.com/Schedule/GameCenter/Main.aspx?gameDate=20260508&gameId=20260508SSNC0
2026-05-08,2026,삼성,NC,away,4,3,창원,W,completed,20260508SSNC0,https://www.koreabaseball.com/Schedule/GameCenter/Main.aspx?gameDate=20260508&gameId=20260508SSNC0
2026-05-09,2026,KIA,롯데,away,3,1,사직,W,completed,20260509HTLT0,https://www.koreabaseball.com/Schedule/GameCenter/Main.aspx?gameDate=20260509&gameId=20260509HTLT0
2026-05-09,2026,롯데,KIA,home,1,3,사직,L,completed,20260509HTLT0,https://www.koreabaseball.com/Schedule/GameCenter/Main.aspx?gameDate=20260509&gameId=20260509HTLT0
2026-05-09,2026,KT,키움,away,6,6,고척,D,completed,20260509KTWO0,https://www.koreabaseball.com/Schedule/GameCenter/Main.aspx?gameDate=20260509&gameId=20260509KTWO0
2026-05-09,2026,키움,KT,home,6,6,고척,D,completed,20260509KTWO0,https://www.koreabaseball.com/Schedule/GameCenter/Main.aspx?gameDate=20260509&gameId=20260509KTWO0
2026-05-09,2026,LG,한화,away,3,11,대전,L,completed,20260509LGHH0,https://www.koreabaseball.com/Schedule/GameCenter/Main.aspx?gameDate=20260509&gameId=20260509LGHH0
2026-05-09,2026,한화,LG,home,11,3,대전,W,completed,20260509LGHH0,https://www.koreabaseball.com/Schedule/GameCenter/Main.aspx?gameDate=20260509&gameId=20260509LGHH0
2026-05-09,2026,SSG,두산,away,4,9,잠실,L,completed,20260509SKOB0,https://www.koreabaseball.com/Schedule/GameCenter/Main.aspx?gameDate=20260509&gameId=20260509SKOB0
2026-05-09,2026,두산,SSG,home,9,4,잠실,W,completed,20260509SKOB0,https://www.koreabaseball.com/Schedule/GameCenter/Main.aspx?gameDate=20260509&gameId=20260509SKOB0
2026-05-09,2026,NC,삼성,home,4,5,창원,L,completed,20260509SSNC0,https://www.koreabaseball.com/Schedule/GameCenter/Main.aspx?gameDate=20260509&gameId=20260509SSNC0
2026-05-09,2026,삼성,NC,away,5,4,창원,W,completed,20260509SSNC0,https://www.koreabaseball.com/Schedule/GameCenter/Main.aspx?gameDate=20260509&gameId=20260509SSNC0
2026-05-10,2026,KIA,롯데,away,3,7,사직,L,completed,20260510HTLT0,https://www.koreabaseball.com/Schedule/GameCenter/Main.aspx?gameDate=20260510&gameId=20260510HTLT0
2026-05-10,2026,롯데,KIA,home,7,3,사직,W,completed,20260510HTLT0,https://www.koreabaseball.com/Schedule/GameCenter/Main.aspx?gameDate=20260510&gameId=20260510HTLT0
2026-05-10,2026,KT,키움,away,1,5,고척,L,completed,20260510KTWO0,https://www.koreabaseball.com/Schedule/GameCenter/Main.aspx?gameDate=20260510&gameId=20260510KTWO0
2026-05-10,2026,키움,KT,home,5,1,고척,W,completed,20260510KTWO0,https://www.koreabaseball.com/Schedule/GameCenter/Main.aspx?gameDate=20260510&gameId=20260510KTWO0
2026-05-10,2026,LG,한화,away,3,9,대전,L,completed,20260510LGHH0,https://www.koreabaseball.com/Schedule/GameCenter/Main.aspx?gameDate=20260510&gameId=20260510LGHH0
2026-05-10,2026,한화,LG,home,9,3,대전,W,completed,20260510LGHH0,https://www.koreabaseball.com/Schedule/GameCenter/Main.aspx?gameDate=20260510&gameId=20260510LGHH0
2026-05-10,2026,SSG,두산,away,1,3,잠실,L,completed,20260510SKOB0,https://www.koreabaseball.com/Schedule/GameCenter/Main.aspx?gameDate=20260510&gameId=20260510SKOB0
2026-05-10,2026,두산,SSG,home,3,1,잠실,W,completed,20260510SKOB0,https://www.koreabaseball.com/Schedule/GameCenter/Main.aspx?gameDate=20260510&gameId=20260510SKOB0
2026-05-10,2026,NC,삼성,home,1,11,창원,L,completed,20260510SSNC0,https://www.koreabaseball.com/Schedule/GameCenter/Main.aspx?gameDate=20260510&gameId=20260510SSNC0
2026-05-10,2026,삼성,NC,away,11,1,창원,W,completed,20260510SSNC0,https://www.koreabaseball.com/Schedule/GameCenter/Main.aspx?gameDate=20260510&gameId=20260510SSNC0
2026-05-12,2026,키움,한화,home,5,11,고척,L,completed,20260512HHWO0,https://www.koreabaseball.com/Schedule/GameCenter/Main.aspx?gameDate=20260512&gameId=20260512HHWO0
2026-05-12,2026,한화,키움,away,11,5,고척,W,completed,20260512HHWO0,https://www.koreabaseball.com/Schedule/GameCenter/Main.aspx?gameDate=20260512&gameId=20260512HHWO0
2026-05-12,2026,NC,롯데,away,8,1,사직,W,completed,20260512NCLT0,https://www.koreabaseball.com/Schedule/GameCenter/Main.aspx?gameDate=20260512&gameId=20260512NCLT0
2026-05-12,2026,롯데,NC,home,1,8,사직,L,completed,20260512NCLT0,https://www.koreabaseball.com/Schedule/GameCenter/Main.aspx?gameDate=20260512&gameId=20260512NCLT0
2026-05-12,2026,KIA,두산,home,1,5,광주,L,completed,20260512OBHT0,https://www.koreabaseball.com/Schedule/GameCenter/Main.aspx?gameDate=20260512&gameId=20260512OBHT0
2026-05-12,2026,두산,KIA,away,5,1,광주,W,completed,20260512OBHT0,https://www.koreabaseball.com/Schedule/GameCenter/Main.aspx?gameDate=20260512&gameId=20260512OBHT0
2026-05-12,2026,KT,SSG,home,1,5,수원,L,completed,20260512SKKT0,https://www.koreabaseball.com/Schedule/GameCenter/Main.aspx?gameDate=20260512&gameId=20260512SKKT0
2026-05-12,2026,SSG,KT,away,5,1,수원,W,completed,20260512SKKT0,https://www.koreabaseball.com/Schedule/GameCenter/Main.aspx?gameDate=20260512&gameId=20260512SKKT0
2026-05-12,2026,LG,삼성,home,1,9,잠실,L,completed,20260512SSLG0,https://www.koreabaseball.com/Schedule/GameCenter/Main.aspx?gameDate=20260512&gameId=20260512SSLG0
2026-05-12,2026,삼성,LG,away,9,1,잠실,W,completed,20260512SSLG0,https://www.koreabaseball.com/Schedule/GameCenter/Main.aspx?gameDate=20260512&gameId=20260512SSLG0
2026-05-13,2026,키움,한화,home,3,2,고척,W,completed,20260513HHWO0,https://www.koreabaseball.com/Schedule/GameCenter/Main.aspx?gameDate=20260513&gameId=20260513HHWO0
2026-05-13,2026,한화,키움,away,2,3,고척,L,completed,20260513HHWO0,https://www.koreabaseball.com/Schedule/GameCenter/Main.aspx?gameDate=20260513&gameId=20260513HHWO0
2026-05-13,2026,NC,롯데,away,5,10,사직,L,completed,20260513NCLT0,https://www.koreabaseball.com/Schedule/GameCenter/Main.aspx?gameDate=20260513&gameId=20260513NCLT0
2026-05-13,2026,롯데,NC,home,10,5,사직,W,completed,20260513NCLT0,https://www.koreabaseball.com/Schedule/GameCenter/Main.aspx?gameDate=20260513&gameId=20260513NCLT0
2026-05-13,2026,KIA,두산,home,9,2,광주,W,completed,20260513OBHT0,https://www.koreabaseball.com/Schedule/GameCenter/Main.aspx?gameDate=20260513&gameId=20260513OBHT0
2026-05-13,2026,두산,KIA,away,2,9,광주,L,completed,20260513OBHT0,https://www.koreabaseball.com/Schedule/GameCenter/Main.aspx?gameDate=20260513&gameId=20260513OBHT0
2026-05-13,2026,KT,SSG,home,18,4,수원,W,completed,20260513SKKT0,https://www.koreabaseball.com/Schedule/GameCenter/Main.aspx?gameDate=20260513&gameId=20260513SKKT0
2026-05-13,2026,SSG,KT,away,4,18,수원,L,completed,20260513SKKT0,https://www.koreabaseball.com/Schedule/GameCenter/Main.aspx?gameDate=20260513&gameId=20260513SKKT0
2026-05-13,2026,LG,삼성,home,5,3,잠실,W,completed,20260513SSLG0,https://www.koreabaseball.com/Schedule/GameCenter/Main.aspx?gameDate=20260513&gameId=20260513SSLG0
2026-05-13,2026,삼성,LG,away,3,5,잠실,L,completed,20260513SSLG0,https://www.koreabaseball.com/Schedule/GameCenter/Main.aspx?gameDate=20260513&gameId=20260513SSLG0
2026-05-14,2026,키움,한화,home,1,10,고척,L,completed,20260514HHWO0,https://www.koreabaseball.com/Schedule/GameCenter/Main.aspx?gameDate=20260514&gameId=20260514HHWO0
2026-05-14,2026,한화,키움,away,10,1,고척,W,completed,20260514HHWO0,https://www.koreabaseball.com/Schedule/GameCenter/Main.aspx?gameDate=20260514&gameId=20260514HHWO0
2026-05-14,2026,NC,롯데,away,5,4,사직,W,completed,20260514NCLT0,https://www.koreabaseball.com/Schedule/GameCenter/Main.aspx?gameDate=20260514&gameId=20260514NCLT0
2026-05-14,2026,롯데,NC,home,4,5,사직,L,completed,20260514NCLT0,https://www.koreabaseball.com/Schedule/GameCenter/Main.aspx?gameDate=20260514&gameId=20260514NCLT0
2026-05-14,2026,KIA,두산,home,5,3,광주,W,completed,20260514OBHT0,https://www.koreabaseball.com/Schedule/GameCenter/Main.aspx?gameDate=20260514&gameId=20260514OBHT0
2026-05-14,2026,두산,KIA,away,3,5,광주,L,completed,20260514OBHT0,https://www.koreabaseball.com/Schedule/GameCenter/Main.aspx?gameDate=20260514&gameId=20260514OBHT0
2026-05-14,2026,KT,SSG,home,10,16,수원,L,completed,20260514SKKT0,https://www.koreabaseball.com/Schedule/GameCenter/Main.aspx?gameDate=20260514&gameId=20260514SKKT0
2026-05-14,2026,SSG,KT,away,16,10,수원,W,completed,20260514SKKT0,https://www.koreabaseball.com/Schedule/GameCenter/Main.aspx?gameDate=20260514&gameId=20260514SKKT0
2026-05-14,2026,LG,삼성,home,5,9,잠실,L,completed,20260514SSLG0,https://www.koreabaseball.com/Schedule/GameCenter/Main.aspx?gameDate=20260514&gameId=20260514SSLG0
2026-05-14,2026,삼성,LG,away,9,5,잠실,W,completed,20260514SSLG0,https://www.koreabaseball.com/Schedule/GameCenter/Main.aspx?gameDate=20260514&gameId=20260514SSLG0
2026-05-15,2026,KT,한화,home,3,5,수원,L,completed,20260515HHKT0,https://www.koreabaseball.com/Schedule/GameCenter/Main.aspx?gameDate=20260515&gameId=20260515HHKT0
2026-05-15,2026,한화,KT,away,5,3,수원,W,completed,20260515HHKT0,https://www.koreabaseball.com/Schedule/GameCenter/Main.aspx?gameDate=20260515&gameId=20260515HHKT0
2026-05-15,2026,KIA,삼성,away,5,4,대구,W,completed,20260515HTSS0,https://www.koreabaseball.com/Schedule/GameCenter/Main.aspx?gameDate=20260515&gameId=20260515HTSS0
2026-05-15,2026,삼성,KIA,home,4,5,대구,L,completed,20260515HTSS0,https://www.koreabaseball.com/Schedule/GameCenter/Main.aspx?gameDate=20260515&gameId=20260515HTSS0
2026-05-15,2026,LG,SSG,away,8,7,문학,W,completed,20260515LGSK0,https://www.koreabaseball.com/Schedule/GameCenter/Main.aspx?gameDate=20260515&gameId=20260515LGSK0
2026-05-15,2026,SSG,LG,home,7,8,문학,L,completed,20260515LGSK0,https://www.koreabaseball.com/Schedule/GameCenter/Main.aspx?gameDate=20260515&gameId=20260515LGSK0
2026-05-15,2026,두산,롯데,home,5,6,잠실,L,completed,20260515LTOB0,https://www.koreabaseball.com/Schedule/GameCenter/Main.aspx?gameDate=20260515&gameId=20260515LTOB0
2026-05-15,2026,롯데,두산,away,6,5,잠실,W,completed,20260515LTOB0,https://www.koreabaseball.com/Schedule/GameCenter/Main.aspx?gameDate=20260515&gameId=20260515LTOB0
2026-05-15,2026,NC,키움,home,1,4,창원,L,completed,20260515WONC0,https://www.koreabaseball.com/Schedule/GameCenter/Main.aspx?gameDate=20260515&gameId=20260515WONC0
2026-05-15,2026,키움,NC,away,4,1,창원,W,completed,20260515WONC0,https://www.koreabaseball.com/Schedule/GameCenter/Main.aspx?gameDate=20260515&gameId=20260515WONC0
2026-05-16,2026,KT,한화,home,5,10,수원,L,completed,20260516HHKT0,https://www.koreabaseball.com/Schedule/GameCenter/Main.aspx?gameDate=20260516&gameId=20260516HHKT0
2026-05-16,2026,한화,KT,away,10,5,수원,W,completed,20260516HHKT0,https://www.koreabaseball.com/Schedule/GameCenter/Main.aspx?gameDate=20260516&gameId=20260516HHKT0
2026-05-16,2026,KIA,삼성,away,2,5,대구,L,completed,20260516HTSS0,https://www.koreabaseball.com/Schedule/GameCenter/Main.aspx?gameDate=20260516&gameId=20260516HTSS0
2026-05-16,2026,삼성,KIA,home,5,2,대구,W,completed,20260516HTSS0,https://www.koreabaseball.com/Schedule/GameCenter/Main.aspx?gameDate=20260516&gameId=20260516HTSS0
2026-05-16,2026,LG,SSG,away,3,4,문학,L,completed,20260516LGSK0,https://www.koreabaseball.com/Schedule/GameCenter/Main.aspx?gameDate=20260516&gameId=20260516LGSK0
2026-05-16,2026,SSG,LG,home,4,3,문학,W,completed,20260516LGSK0,https://www.koreabaseball.com/Schedule/GameCenter/Main.aspx?gameDate=20260516&gameId=20260516LGSK0
2026-05-16,2026,두산,롯데,home,10,9,잠실,W,completed,20260516LTOB0,https://www.koreabaseball.com/Schedule/GameCenter/Main.aspx?gameDate=20260516&gameId=20260516LTOB0
2026-05-16,2026,롯데,두산,away,9,10,잠실,L,completed,20260516LTOB0,https://www.koreabaseball.com/Schedule/GameCenter/Main.aspx?gameDate=20260516&gameId=20260516LTOB0
2026-05-16,2026,NC,키움,home,9,2,창원,W,completed,20260516WONC0,https://www.koreabaseball.com/Schedule/GameCenter/Main.aspx?gameDate=20260516&gameId=20260516WONC0
2026-05-16,2026,키움,NC,away,2,9,창원,L,completed,20260516WONC0,https://www.koreabaseball.com/Schedule/GameCenter/Main.aspx?gameDate=20260516&gameId=20260516WONC0
2026-05-17,2026,KT,한화,home,8,7,수원,W,completed,20260517HHKT0,https://www.koreabaseball.com/Schedule/GameCenter/Main.aspx?gameDate=20260517&gameId=20260517HHKT0
2026-05-17,2026,한화,KT,away,7,8,수원,L,completed,20260517HHKT0,https://www.koreabaseball.com/Schedule/GameCenter/Main.aspx?gameDate=20260517&gameId=20260517HHKT0
2026-05-17,2026,KIA,삼성,away,16,7,대구,W,completed,20260517HTSS0,https://www.koreabaseball.com/Schedule/GameCenter/Main.aspx?gameDate=20260517&gameId=20260517HTSS0
2026-05-17,2026,삼성,KIA,home,7,16,대구,L,completed,20260517HTSS0,https://www.koreabaseball.com/Schedule/GameCenter/Main.aspx?gameDate=20260517&gameId=20260517HTSS0
2026-05-17,2026,LG,SSG,away,6,4,문학,W,completed,20260517LGSK0,https://www.koreabaseball.com/Schedule/GameCenter/Main.aspx?gameDate=20260517&gameId=20260517LGSK0
2026-05-17,2026,SSG,LG,home,4,6,문학,L,completed,20260517LGSK0,https://www.koreabaseball.com/Schedule/GameCenter/Main.aspx?gameDate=20260517&gameId=20260517LGSK0
2026-05-17,2026,두산,롯데,home,8,4,잠실,W,completed,20260517LTOB0,https://www.koreabaseball.com/Schedule/GameCenter/Main.aspx?gameDate=20260517&gameId=20260517LTOB0
2026-05-17,2026,롯데,두산,away,4,8,잠실,L,completed,20260517LTOB0,https://www.koreabaseball.com/Schedule/GameCenter/Main.aspx?gameDate=20260517&gameId=20260517LTOB0
2026-05-17,2026,NC,키움,home,2,3,창원,L,completed,20260517WONC0,https://www.koreabaseball.com/Schedule/GameCenter/Main.aspx?gameDate=20260517&gameId=20260517WONC0
2026-05-17,2026,키움,NC,away,3,2,창원,W,completed,20260517WONC0,https://www.koreabaseball.com/Schedule/GameCenter/Main.aspx?gameDate=20260517&gameId=20260517WONC0
2026-05-19,2026,KT,삼성,away,2,10,포항,L,completed,20260519KTSS0,https://www.koreabaseball.com/Schedule/GameCenter/Main.aspx?gameDate=20260519&gameId=20260519KTSS0
2026-05-19,2026,삼성,KT,home,10,2,포항,W,completed,20260519KTSS0,https://www.koreabaseball.com/Schedule/GameCenter/Main.aspx?gameDate=20260519&gameId=20260519KTSS0
2026-05-19,2026,KIA,LG,home,14,0,광주,W,completed,20260519LGHT0,https://www.koreabaseball.com/Schedule/GameCenter/Main.aspx?gameDate=20260519&gameId=20260519LGHT0
2026-05-19,2026,LG,KIA,away,0,14,광주,L,completed,20260519LGHT0,https://www.koreabaseball.com/Schedule/GameCenter/Main.aspx?gameDate=20260519&gameId=20260519LGHT0
2026-05-19,2026,롯데,한화,away,6,4,대전,W,completed,20260519LTHH0,https://www.koreabaseball.com/Schedule/GameCenter/Main.aspx?gameDate=20260519&gameId=20260519LTHH0
2026-05-19,2026,한화,롯데,home,4,6,대전,L,completed,20260519LTHH0,https://www.koreabaseball.com/Schedule/GameCenter/Main.aspx?gameDate=20260519&gameId=20260519LTHH0
2026-05-19,2026,NC,두산,away,3,9,잠실,L,completed,20260519NCOB0,https://www.koreabaseball.com/Schedule/GameCenter/Main.aspx?gameDate=20260519&gameId=20260519NCOB0
2026-05-19,2026,두산,NC,home,9,3,잠실,W,completed,20260519NCOB0,https://www.koreabaseball.com/Schedule/GameCenter/Main.aspx?gameDate=20260519&gameId=20260519NCOB0
2026-05-19,2026,SSG,키움,away,6,7,고척,L,completed,20260519SKWO0,https://www.koreabaseball.com/Schedule/GameCenter/Main.aspx?gameDate=20260519&gameId=20260519SKWO0
2026-05-19,2026,키움,SSG,home,7,6,고척,W,completed,20260519SKWO0,https://www.koreabaseball.com/Schedule/GameCenter/Main.aspx?gameDate=20260519&gameId=20260519SKWO0
2026-05-20,2026,KIA,LG,home,,,광주,,not_completed,2026-05-20_KIA_LG,https://www.koreabaseball.com/Schedule/Schedule.aspx
2026-05-20,2026,LG,KIA,away,,,광주,,not_completed,2026-05-20_KIA_LG,https://www.koreabaseball.com/Schedule/Schedule.aspx
2026-05-20,2026,KT,삼성,away,,,포항,,not_completed,2026-05-20_KT_삼성,https://www.koreabaseball.com/Schedule/Schedule.aspx
2026-05-20,2026,삼성,KT,home,,,포항,,not_completed,2026-05-20_KT_삼성,https://www.koreabaseball.com/Schedule/Schedule.aspx
2026-05-20,2026,NC,두산,away,,,잠실,,not_completed,2026-05-20_NC_두산,https://www.koreabaseball.com/Schedule/Schedule.aspx
2026-05-20,2026,두산,NC,home,,,잠실,,not_completed,2026-05-20_NC_두산,https://www.koreabaseball.com/Schedule/Schedule.aspx
2026-05-20,2026,롯데,한화,away,,,대전,,not_completed,2026-05-20_롯데_한화,https://www.koreabaseball.com/Schedule/Schedule.aspx
2026-05-20,2026,한화,롯데,home,,,대전,,not_completed,2026-05-20_롯데_한화,https://www.koreabaseball.com/Schedule/Schedule.aspx
2026-05-20,2026,SSG,키움,away,5,6,고척,L,completed,20260520SKWO0,https://www.koreabaseball.com/Schedule/GameCenter/Main.aspx?gameDate=20260520&gameId=20260520SKWO0
2026-05-20,2026,키움,SSG,home,6,5,고척,W,completed,20260520SKWO0,https://www.koreabaseball.com/Schedule/GameCenter/Main.aspx?gameDate=20260520&gameId=20260520SKWO0
2026-05-21,2026,KT,삼성,away,5,8,포항,L,completed,20260521KTSS0,https://www.koreabaseball.com/Schedule/GameCenter/Main.aspx?gameDate=20260521&gameId=20260521KTSS0
2026-05-21,2026,삼성,KT,home,8,5,포항,W,completed,20260521KTSS0,https://www.koreabaseball.com/Schedule/GameCenter/Main.aspx?gameDate=20260521&gameId=20260521KTSS0
2026-05-21,2026,KIA,LG,home,3,5,광주,L,completed,20260521LGHT0,https://www.koreabaseball.com/Schedule/GameCenter/Main.aspx?gameDate=20260521&gameId=20260521LGHT0
2026-05-21,2026,LG,KIA,away,5,3,광주,W,completed,20260521LGHT0,https://www.koreabaseball.com/Schedule/GameCenter/Main.aspx?gameDate=20260521&gameId=20260521LGHT0
2026-05-21,2026,롯데,한화,away,8,2,대전,W,completed,20260521LTHH0,https://www.koreabaseball.com/Schedule/GameCenter/Main.aspx?gameDate=20260521&gameId=20260521LTHH0
2026-05-21,2026,한화,롯데,home,2,8,대전,L,completed,20260521LTHH0,https://www.koreabaseball.com/Schedule/GameCenter/Main.aspx?gameDate=20260521&gameId=20260521LTHH0
2026-05-21,2026,NC,두산,away,0,1,잠실,L,completed,20260521NCOB0,https://www.koreabaseball.com/Schedule/GameCenter/Main.aspx?gameDate=20260521&gameId=20260521NCOB0
2026-05-21,2026,두산,NC,home,1,0,잠실,W,completed,20260521NCOB0,https://www.koreabaseball.com/Schedule/GameCenter/Main.aspx?gameDate=20260521&gameId=20260521NCOB0
2026-05-21,2026,SSG,키움,away,0,6,고척,L,completed,20260521SKWO0,https://www.koreabaseball.com/Schedule/GameCenter/Main.aspx?gameDate=20260521&gameId=20260521SKWO0
2026-05-21,2026,키움,SSG,home,6,0,고척,W,completed,20260521SKWO0,https://www.koreabaseball.com/Schedule/GameCenter/Main.aspx?gameDate=20260521&gameId=20260521SKWO0
2026-05-22,2026,KT,NC,home,7,4,수원,W,completed,20260522NCKT0,https://www.koreabaseball.com/Schedule/GameCenter/Main.aspx?gameDate=20260522&gameId=20260522NCKT0
2026-05-22,2026,NC,KT,away,4,7,수원,L,completed,20260522NCKT0,https://www.koreabaseball.com/Schedule/GameCenter/Main.aspx?gameDate=20260522&gameId=20260522NCKT0
2026-05-22,2026,두산,한화,away,3,5,대전,L,completed,20260522OBHH0,https://www.koreabaseball.com/Schedule/GameCenter/Main.aspx?gameDate=20260522&gameId=20260522OBHH0
2026-05-22,2026,한화,두산,home,5,3,대전,W,completed,20260522OBHH0,https://www.koreabaseball.com/Schedule/GameCenter/Main.aspx?gameDate=20260522&gameId=20260522OBHH0
2026-05-22,2026,KIA,SSG,home,5,2,광주,W,completed,20260522SKHT0,https://www.koreabaseball.com/Schedule/GameCenter/Main.aspx?gameDate=20260522&gameId=20260522SKHT0
2026-05-22,2026,SSG,KIA,away,2,5,광주,L,completed,20260522SKHT0,https://www.koreabaseball.com/Schedule/GameCenter/Main.aspx?gameDate=20260522&gameId=20260522SKHT0
2026-05-22,2026,롯데,삼성,home,5,7,사직,L,completed,20260522SSLT0,https://www.koreabaseball.com/Schedule/GameCenter/Main.aspx?gameDate=20260522&gameId=20260522SSLT0
2026-05-22,2026,삼성,롯데,away,7,5,사직,W,completed,20260522SSLT0,https://www.koreabaseball.com/Schedule/GameCenter/Main.aspx?gameDate=20260522&gameId=20260522SSLT0
2026-05-22,2026,LG,키움,home,0,7,잠실,L,completed,20260522WOLG0,https://www.koreabaseball.com/Schedule/GameCenter/Main.aspx?gameDate=20260522&gameId=20260522WOLG0
2026-05-22,2026,키움,LG,away,7,0,잠실,W,completed,20260522WOLG0,https://www.koreabaseball.com/Schedule/GameCenter/Main.aspx?gameDate=20260522&gameId=20260522WOLG0
2026-05-23,2026,KT,NC,home,10,5,수원,W,completed,20260523NCKT0,https://www.koreabaseball.com/Schedule/GameCenter/Main.aspx?gameDate=20260523&gameId=20260523NCKT0
2026-05-23,2026,NC,KT,away,5,10,수원,L,completed,20260523NCKT0,https://www.koreabaseball.com/Schedule/GameCenter/Main.aspx?gameDate=20260523&gameId=20260523NCKT0
2026-05-23,2026,두산,한화,away,2,5,대전,L,completed,20260523OBHH0,https://www.koreabaseball.com/Schedule/GameCenter/Main.aspx?gameDate=20260523&gameId=20260523OBHH0
2026-05-23,2026,한화,두산,home,5,2,대전,W,completed,20260523OBHH0,https://www.koreabaseball.com/Schedule/GameCenter/Main.aspx?gameDate=20260523&gameId=20260523OBHH0
2026-05-23,2026,KIA,SSG,home,5,4,광주,W,completed,20260523SKHT0,https://www.koreabaseball.com/Schedule/GameCenter/Main.aspx?gameDate=20260523&gameId=20260523SKHT0
2026-05-23,2026,SSG,KIA,away,4,5,광주,L,completed,20260523SKHT0,https://www.koreabaseball.com/Schedule/GameCenter/Main.aspx?gameDate=20260523&gameId=20260523SKHT0
2026-05-23,2026,롯데,삼성,home,7,5,사직,W,completed,20260523SSLT0,https://www.koreabaseball.com/Schedule/GameCenter/Main.aspx?gameDate=20260523&gameId=20260523SSLT0
2026-05-23,2026,삼성,롯데,away,5,7,사직,L,completed,20260523SSLT0,https://www.koreabaseball.com/Schedule/GameCenter/Main.aspx?gameDate=20260523&gameId=20260523SSLT0
2026-05-23,2026,LG,키움,home,5,2,잠실,W,completed,20260523WOLG0,https://www.koreabaseball.com/Schedule/GameCenter/Main.aspx?gameDate=20260523&gameId=20260523WOLG0
2026-05-23,2026,키움,LG,away,2,5,잠실,L,completed,20260523WOLG0,https://www.koreabaseball.com/Schedule/GameCenter/Main.aspx?gameDate=20260523&gameId=20260523WOLG0
2026-05-24,2026,KT,NC,home,5,8,수원,L,completed,20260524NCKT0,https://www.koreabaseball.com/Schedule/GameCenter/Main.aspx?gameDate=20260524&gameId=20260524NCKT0
2026-05-24,2026,NC,KT,away,8,5,수원,W,completed,20260524NCKT0,https://www.koreabaseball.com/Schedule/GameCenter/Main.aspx?gameDate=20260524&gameId=20260524NCKT0
2026-05-24,2026,두산,한화,away,2,5,대전,L,completed,20260524OBHH0,https://www.koreabaseball.com/Schedule/GameCenter/Main.aspx?gameDate=20260524&gameId=20260524OBHH0
2026-05-24,2026,한화,두산,home,5,2,대전,W,completed,20260524OBHH0,https://www.koreabaseball.com/Schedule/GameCenter/Main.aspx?gameDate=20260524&gameId=20260524OBHH0
2026-05-24,2026,KIA,SSG,home,3,2,광주,W,completed,20260524SKHT0,https://www.koreabaseball.com/Schedule/GameCenter/Main.aspx?gameDate=20260524&gameId=20260524SKHT0
2026-05-24,2026,SSG,KIA,away,2,3,광주,L,completed,20260524SKHT0,https://www.koreabaseball.com/Schedule/GameCenter/Main.aspx?gameDate=20260524&gameId=20260524SKHT0
2026-05-24,2026,롯데,삼성,home,0,10,사직,L,completed,20260524SSLT0,https://www.koreabaseball.com/Schedule/GameCenter/Main.aspx?gameDate=20260524&gameId=20260524SSLT0
2026-05-24,2026,삼성,롯데,away,10,0,사직,W,completed,20260524SSLT0,https://www.koreabaseball.com/Schedule/GameCenter/Main.aspx?gameDate=20260524&gameId=20260524SSLT0
2026-05-24,2026,LG,키움,home,6,4,잠실,W,completed,20260524WOLG0,https://www.koreabaseball.com/Schedule/GameCenter/Main.aspx?gameDate=20260524&gameId=20260524WOLG0
2026-05-24,2026,키움,LG,away,4,6,잠실,L,completed,20260524WOLG0,https://www.koreabaseball.com/Schedule/GameCenter/Main.aspx?gameDate=20260524&gameId=20260524WOLG0
2026-05-26,2026,NC,한화,home,,,창원,,not_completed,2026-05-26_NC_한화,https://www.koreabaseball.com/Schedule/Schedule.aspx
2026-05-26,2026,한화,NC,away,,,창원,,not_completed,2026-05-26_NC_한화,https://www.koreabaseball.com/Schedule/Schedule.aspx
2026-05-26,2026,SSG,삼성,home,,,문학,,not_completed,2026-05-26_SSG_삼성,https://www.koreabaseball.com/Schedule/Schedule.aspx
2026-05-26,2026,삼성,SSG,away,,,문학,,not_completed,2026-05-26_SSG_삼성,https://www.koreabaseball.com/Schedule/Schedule.aspx
2026-05-26,2026,KIA,키움,away,5,2,고척,W,completed,20260526HTWO0,https://www.koreabaseball.com/Schedule/GameCenter/Main.aspx?gameDate=20260526&gameId=20260526HTWO0
2026-05-26,2026,키움,KIA,home,2,5,고척,L,completed,20260526HTWO0,https://www.koreabaseball.com/Schedule/GameCenter/Main.aspx?gameDate=20260526&gameId=20260526HTWO0
2026-05-26,2026,KT,두산,away,6,0,잠실,W,completed,20260526KTOB0,https://www.koreabaseball.com/Schedule/GameCenter/Main.aspx?gameDate=20260526&gameId=20260526KTOB0
2026-05-26,2026,두산,KT,home,0,6,잠실,L,completed,20260526KTOB0,https://www.koreabaseball.com/Schedule/GameCenter/Main.aspx?gameDate=20260526&gameId=20260526KTOB0
2026-05-26,2026,LG,롯데,away,2,1,사직,W,completed,20260526LGLT0,https://www.koreabaseball.com/Schedule/GameCenter/Main.aspx?gameDate=20260526&gameId=20260526LGLT0
2026-05-26,2026,롯데,LG,home,1,2,사직,L,completed,20260526LGLT0,https://www.koreabaseball.com/Schedule/GameCenter/Main.aspx?gameDate=20260526&gameId=20260526LGLT0
2026-05-27,2026,NC,한화,home,6,4,창원,W,completed,20260527HHNC0,https://www.koreabaseball.com/Schedule/GameCenter/Main.aspx?gameDate=20260527&gameId=20260527HHNC0
2026-05-27,2026,한화,NC,away,4,6,창원,L,completed,20260527HHNC0,https://www.koreabaseball.com/Schedule/GameCenter/Main.aspx?gameDate=20260527&gameId=20260527HHNC0
2026-05-27,2026,KIA,키움,away,9,2,고척,W,completed,20260527HTWO0,https://www.koreabaseball.com/Schedule/GameCenter/Main.aspx?gameDate=20260527&gameId=20260527HTWO0
2026-05-27,2026,키움,KIA,home,2,9,고척,L,completed,20260527HTWO0,https://www.koreabaseball.com/Schedule/GameCenter/Main.aspx?gameDate=20260527&gameId=20260527HTWO0
2026-05-27,2026,KT,두산,away,0,5,잠실,L,completed,20260527KTOB0,https://www.koreabaseball.com/Schedule/GameCenter/Main.aspx?gameDate=20260527&gameId=20260527KTOB0
2026-05-27,2026,두산,KT,home,5,0,잠실,W,completed,20260527KTOB0,https://www.koreabaseball.com/Schedule/GameCenter/Main.aspx?gameDate=20260527&gameId=20260527KTOB0
2026-05-27,2026,LG,롯데,away,8,6,사직,W,completed,20260527LGLT0,https://www.koreabaseball.com/Schedule/GameCenter/Main.aspx?gameDate=20260527&gameId=20260527LGLT0
2026-05-27,2026,롯데,LG,home,6,8,사직,L,completed,20260527LGLT0,https://www.koreabaseball.com/Schedule/GameCenter/Main.aspx?gameDate=20260527&gameId=20260527LGLT0
2026-05-27,2026,SSG,삼성,home,1,4,문학,L,completed,20260527SSSK0,https://www.koreabaseball.com/Schedule/GameCenter/Main.aspx?gameDate=20260527&gameId=20260527SSSK0
2026-05-27,2026,삼성,SSG,away,4,1,문학,W,completed,20260527SSSK0,https://www.koreabaseball.com/Schedule/GameCenter/Main.aspx?gameDate=20260527&gameId=20260527SSSK0
2026-05-28,2026,NC,한화,home,7,18,창원,L,completed,20260528HHNC0,https://www.koreabaseball.com/Schedule/GameCenter/Main.aspx?gameDate=20260528&gameId=20260528HHNC0
2026-05-28,2026,한화,NC,away,18,7,창원,W,completed,20260528HHNC0,https://www.koreabaseball.com/Schedule/GameCenter/Main.aspx?gameDate=20260528&gameId=20260528HHNC0
2026-05-28,2026,KIA,키움,away,5,0,고척,W,completed,20260528HTWO0,https://www.koreabaseball.com/Schedule/GameCenter/Main.aspx?gameDate=20260528&gameId=20260528HTWO0
2026-05-28,2026,키움,KIA,home,0,5,고척,L,completed,20260528HTWO0,https://www.koreabaseball.com/Schedule/GameCenter/Main.aspx?gameDate=20260528&gameId=20260528HTWO0
2026-05-28,2026,KT,두산,away,11,3,잠실,W,completed,20260528KTOB0,https://www.koreabaseball.com/Schedule/GameCenter/Main.aspx?gameDate=20260528&gameId=20260528KTOB0
2026-05-28,2026,두산,KT,home,3,11,잠실,L,completed,20260528KTOB0,https://www.koreabaseball.com/Schedule/GameCenter/Main.aspx?gameDate=20260528&gameId=20260528KTOB0
2026-05-28,2026,LG,롯데,away,5,8,사직,L,completed,20260528LGLT0,https://www.koreabaseball.com/Schedule/GameCenter/Main.aspx?gameDate=20260528&gameId=20260528LGLT0
2026-05-28,2026,롯데,LG,home,8,5,사직,W,completed,20260528LGLT0,https://www.koreabaseball.com/Schedule/GameCenter/Main.aspx?gameDate=20260528&gameId=20260528LGLT0
2026-05-28,2026,SSG,삼성,home,1,10,문학,L,completed,20260528SSSK0,https://www.koreabaseball.com/Schedule/GameCenter/Main.aspx?gameDate=20260528&gameId=20260528SSSK0
2026-05-28,2026,삼성,SSG,away,10,1,문학,W,completed,20260528SSSK0,https://www.koreabaseball.com/Schedule/GameCenter/Main.aspx?gameDate=20260528&gameId=20260528SSSK0
2026-05-29,2026,KIA,LG,away,2,12,잠실,L,completed,20260529HTLG0,https://www.koreabaseball.com/Schedule/GameCenter/Main.aspx?gameDate=20260529&gameId=20260529HTLG0
2026-05-29,2026,LG,KIA,home,12,2,잠실,W,completed,20260529HTLG0,https://www.koreabaseball.com/Schedule/GameCenter/Main.aspx?gameDate=20260529&gameId=20260529HTLG0
2026-05-29,2026,KT,키움,away,7,1,고척,W,completed,20260529KTWO0,https://www.koreabaseball.com/Schedule/GameCenter/Main.aspx?gameDate=20260529&gameId=20260529KTWO0
2026-05-29,2026,키움,KT,home,1,7,고척,L,completed,20260529KTWO0,https://www.koreabaseball.com/Schedule/GameCenter/Main.aspx?gameDate=20260529&gameId=20260529KTWO0
2026-05-29,2026,NC,롯데,home,2,6,창원,L,completed,20260529LTNC0,https://www.koreabaseball.com/Schedule/GameCenter/Main.aspx?gameDate=20260529&gameId=20260529LTNC0
2026-05-29,2026,롯데,NC,away,6,2,창원,W,completed,20260529LTNC0,https://www.koreabaseball.com/Schedule/GameCenter/Main.aspx?gameDate=20260529&gameId=20260529LTNC0
2026-05-29,2026,두산,삼성,away,9,7,대구,W,completed,20260529OBSS0,https://www.koreabaseball.com/Schedule/GameCenter/Main.aspx?gameDate=20260529&gameId=20260529OBSS0
2026-05-29,2026,삼성,두산,home,7,9,대구,L,completed,20260529OBSS0,https://www.koreabaseball.com/Schedule/GameCenter/Main.aspx?gameDate=20260529&gameId=20260529OBSS0
2026-05-29,2026,SSG,한화,away,3,4,대전,L,completed,20260529SKHH0,https://www.koreabaseball.com/Schedule/GameCenter/Main.aspx?gameDate=20260529&gameId=20260529SKHH0
2026-05-29,2026,한화,SSG,home,4,3,대전,W,completed,20260529SKHH0,https://www.koreabaseball.com/Schedule/GameCenter/Main.aspx?gameDate=20260529&gameId=20260529SKHH0
2026-05-30,2026,KIA,LG,away,1,3,잠실,L,completed,20260530HTLG0,https://www.koreabaseball.com/Schedule/GameCenter/Main.aspx?gameDate=20260530&gameId=20260530HTLG0
2026-05-30,2026,LG,KIA,home,3,1,잠실,W,completed,20260530HTLG0,https://www.koreabaseball.com/Schedule/GameCenter/Main.aspx?gameDate=20260530&gameId=20260530HTLG0
2026-05-30,2026,KT,키움,away,8,7,고척,W,completed,20260530KTWO0,https://www.koreabaseball.com/Schedule/GameCenter/Main.aspx?gameDate=20260530&gameId=20260530KTWO0
2026-05-30,2026,키움,KT,home,7,8,고척,L,completed,20260530KTWO0,https://www.koreabaseball.com/Schedule/GameCenter/Main.aspx?gameDate=20260530&gameId=20260530KTWO0
2026-05-30,2026,NC,롯데,home,6,2,창원,W,completed,20260530LTNC0,https://www.koreabaseball.com/Schedule/GameCenter/Main.aspx?gameDate=20260530&gameId=20260530LTNC0
2026-05-30,2026,롯데,NC,away,2,6,창원,L,completed,20260530LTNC0,https://www.koreabaseball.com/Schedule/GameCenter/Main.aspx?gameDate=20260530&gameId=20260530LTNC0
2026-05-30,2026,두산,삼성,away,8,7,대구,W,completed,20260530OBSS0,https://www.koreabaseball.com/Schedule/GameCenter/Main.aspx?gameDate=20260530&gameId=20260530OBSS0
2026-05-30,2026,삼성,두산,home,7,8,대구,L,completed,20260530OBSS0,https://www.koreabaseball.com/Schedule/GameCenter/Main.aspx?gameDate=20260530&gameId=20260530OBSS0
2026-05-30,2026,SSG,한화,away,10,13,대전,L,completed,20260530SKHH0,https://www.koreabaseball.com/Schedule/GameCenter/Main.aspx?gameDate=20260530&gameId=20260530SKHH0
2026-05-30,2026,한화,SSG,home,13,10,대전,W,completed,20260530SKHH0,https://www.koreabaseball.com/Schedule/GameCenter/Main.aspx?gameDate=20260530&gameId=20260530SKHH0
2026-05-31,2026,KIA,LG,away,3,5,잠실,L,completed,20260531HTLG0,https://www.koreabaseball.com/Schedule/GameCenter/Main.aspx?gameDate=20260531&gameId=20260531HTLG0
2026-05-31,2026,LG,KIA,home,5,3,잠실,W,completed,20260531HTLG0,https://www.koreabaseball.com/Schedule/GameCenter/Main.aspx?gameDate=20260531&gameId=20260531HTLG0
2026-05-31,2026,KT,키움,away,5,1,고척,W,completed,20260531KTWO0,https://www.koreabaseball.com/Schedule/GameCenter/Main.aspx?gameDate=20260531&gameId=20260531KTWO0
2026-05-31,2026,키움,KT,home,1,5,고척,L,completed,20260531KTWO0,https://www.koreabaseball.com/Schedule/GameCenter/Main.aspx?gameDate=20260531&gameId=20260531KTWO0
2026-05-31,2026,NC,롯데,home,8,2,창원,W,completed,20260531LTNC0,https://www.koreabaseball.com/Schedule/GameCenter/Main.aspx?gameDate=20260531&gameId=20260531LTNC0
2026-05-31,2026,롯데,NC,away,2,8,창원,L,completed,20260531LTNC0,https://www.koreabaseball.com/Schedule/GameCenter/Main.aspx?gameDate=20260531&gameId=20260531LTNC0
2026-05-31,2026,두산,삼성,away,4,9,대구,L,completed,20260531OBSS0,https://www.koreabaseball.com/Schedule/GameCenter/Main.aspx?gameDate=20260531&gameId=20260531OBSS0
2026-05-31,2026,삼성,두산,home,9,4,대구,W,completed,20260531OBSS0,https://www.koreabaseball.com/Schedule/GameCenter/Main.aspx?gameDate=20260531&gameId=20260531OBSS0
2026-05-31,2026,SSG,한화,away,2,6,대전,L,completed,20260531SKHH0,https://www.koreabaseball.com/Schedule/GameCenter/Main.aspx?gameDate=20260531&gameId=20260531SKHH0
2026-05-31,2026,한화,SSG,home,6,2,대전,W,completed,20260531SKHH0,https://www.koreabaseball.com/Schedule/GameCenter/Main.aspx?gameDate=20260531&gameId=20260531SKHH0
2026-06-02,2026,두산,한화,home,5,3,잠실,W,completed,20260602HHOB0,https://www.koreabaseball.com/Schedule/GameCenter/Main.aspx?gameDate=20260602&gameId=20260602HHOB0
2026-06-02,2026,한화,두산,away,3,5,잠실,L,completed,20260602HHOB0,https://www.koreabaseball.com/Schedule/GameCenter/Main.aspx?gameDate=20260602&gameId=20260602HHOB0
2026-06-02,2026,KT,LG,home,1,10,수원,L,completed,20260602LGKT0,https://www.koreabaseball.com/Schedule/GameCenter/Main.aspx?gameDate=20260602&gameId=20260602LGKT0
2026-06-02,2026,LG,KT,away,10,1,수원,W,completed,20260602LGKT0,https://www.koreabaseball.com/Schedule/GameCenter/Main.aspx?gameDate=20260602&gameId=20260602LGKT0
2026-06-02,2026,KIA,롯데,home,5,4,광주,W,completed,20260602LTHT0,https://www.koreabaseball.com/Schedule/GameCenter/Main.aspx?gameDate=20260602&gameId=20260602LTHT0
2026-06-02,2026,롯데,KIA,away,4,5,광주,L,completed,20260602LTHT0,https://www.koreabaseball.com/Schedule/GameCenter/Main.aspx?gameDate=20260602&gameId=20260602LTHT0
2026-06-02,2026,NC,삼성,away,7,8,대구,L,completed,20260602NCSS0,https://www.koreabaseball.com/Schedule/GameCenter/Main.aspx?gameDate=20260602&gameId=20260602NCSS0
2026-06-02,2026,삼성,NC,home,8,7,대구,W,completed,20260602NCSS0,https://www.koreabaseball.com/Schedule/GameCenter/Main.aspx?gameDate=20260602&gameId=20260602NCSS0
2026-06-02,2026,SSG,키움,home,6,12,문학,L,completed,20260602WOSK0,https://www.koreabaseball.com/Schedule/GameCenter/Main.aspx?gameDate=20260602&gameId=20260602WOSK0
2026-06-02,2026,키움,SSG,away,12,6,문학,W,completed,20260602WOSK0,https://www.koreabaseball.com/Schedule/GameCenter/Main.aspx?gameDate=20260602&gameId=20260602WOSK0
2026-06-03,2026,두산,한화,home,3,3,잠실,D,completed,20260603HHOB0,https://www.koreabaseball.com/Schedule/GameCenter/Main.aspx?gameDate=20260603&gameId=20260603HHOB0
2026-06-03,2026,한화,두산,away,3,3,잠실,D,completed,20260603HHOB0,https://www.koreabaseball.com/Schedule/GameCenter/Main.aspx?gameDate=20260603&gameId=20260603HHOB0
2026-06-03,2026,KT,LG,home,7,6,수원,W,completed,20260603LGKT0,https://www.koreabaseball.com/Schedule/GameCenter/Main.aspx?gameDate=20260603&gameId=20260603LGKT0
2026-06-03,2026,LG,KT,away,6,7,수원,L,completed,20260603LGKT0,https://www.koreabaseball.com/Schedule/GameCenter/Main.aspx?gameDate=20260603&gameId=20260603LGKT0
2026-06-03,2026,KIA,롯데,home,3,8,광주,L,completed,20260603LTHT0,https://www.koreabaseball.com/Schedule/GameCenter/Main.aspx?gameDate=20260603&gameId=20260603LTHT0
2026-06-03,2026,롯데,KIA,away,8,3,광주,W,completed,20260603LTHT0,https://www.koreabaseball.com/Schedule/GameCenter/Main.aspx?gameDate=20260603&gameId=20260603LTHT0
2026-06-03,2026,NC,삼성,away,6,4,대구,W,completed,20260603NCSS0,https://www.koreabaseball.com/Schedule/GameCenter/Main.aspx?gameDate=20260603&gameId=20260603NCSS0
2026-06-03,2026,삼성,NC,home,4,6,대구,L,completed,20260603NCSS0,https://www.koreabaseball.com/Schedule/GameCenter/Main.aspx?gameDate=20260603&gameId=20260603NCSS0
2026-06-03,2026,SSG,키움,home,5,4,문학,W,completed,20260603WOSK0,https://www.koreabaseball.com/Schedule/GameCenter/Main.aspx?gameDate=20260603&gameId=20260603WOSK0
2026-06-03,2026,키움,SSG,away,4,5,문학,L,completed,20260603WOSK0,https://www.koreabaseball.com/Schedule/GameCenter/Main.aspx?gameDate=20260603&gameId=20260603WOSK0
2026-06-04,2026,두산,한화,home,3,1,잠실,W,completed,20260604HHOB0,https://www.koreabaseball.com/Schedule/GameCenter/Main.aspx?gameDate=20260604&gameId=20260604HHOB0
2026-06-04,2026,한화,두산,away,1,3,잠실,L,completed,20260604HHOB0,https://www.koreabaseball.com/Schedule/GameCenter/Main.aspx?gameDate=20260604&gameId=20260604HHOB0
2026-06-04,2026,KT,LG,home,5,7,수원,L,completed,20260604LGKT0,https://www.koreabaseball.com/Schedule/GameCenter/Main.aspx?gameDate=20260604&gameId=20260604LGKT0
2026-06-04,2026,LG,KT,away,7,5,수원,W,completed,20260604LGKT0,https://www.koreabaseball.com/Schedule/GameCenter/Main.aspx?gameDate=20260604&gameId=20260604LGKT0
2026-06-04,2026,KIA,롯데,home,10,0,광주,W,completed,20260604LTHT0,https://www.koreabaseball.com/Schedule/GameCenter/Main.aspx?gameDate=20260604&gameId=20260604LTHT0
2026-06-04,2026,롯데,KIA,away,0,10,광주,L,completed,20260604LTHT0,https://www.koreabaseball.com/Schedule/GameCenter/Main.aspx?gameDate=20260604&gameId=20260604LTHT0
2026-06-04,2026,NC,삼성,away,6,3,대구,W,completed,20260604NCSS0,https://www.koreabaseball.com/Schedule/GameCenter/Main.aspx?gameDate=20260604&gameId=20260604NCSS0
2026-06-04,2026,삼성,NC,home,3,6,대구,L,completed,20260604NCSS0,https://www.koreabaseball.com/Schedule/GameCenter/Main.aspx?gameDate=20260604&gameId=20260604NCSS0
2026-06-04,2026,SSG,키움,home,7,6,문학,W,completed,20260604WOSK0,https://www.koreabaseball.com/Schedule/GameCenter/Main.aspx?gameDate=20260604&gameId=20260604WOSK0
2026-06-04,2026,키움,SSG,away,6,7,문학,L,completed,20260604WOSK0,https://www.koreabaseball.com/Schedule/GameCenter/Main.aspx?gameDate=20260604&gameId=20260604WOSK0
2026-06-05,2026,롯데,한화,home,2,9,사직,L,completed,20260605HHLT0,https://www.koreabaseball.com/Schedule/GameCenter/Main.aspx?gameDate=20260605&gameId=20260605HHLT0
2026-06-05,2026,한화,롯데,away,9,2,사직,W,completed,20260605HHLT0,https://www.koreabaseball.com/Schedule/GameCenter/Main.aspx?gameDate=20260605&gameId=20260605HHLT0
2026-06-05,2026,KT,SSG,away,5,6,문학,L,completed,20260605KTSK0,https://www.koreabaseball.com/Schedule/GameCenter/Main.aspx?gameDate=20260605&gameId=20260605KTSK0
2026-06-05,2026,SSG,KT,home,6,5,문학,W,completed,20260605KTSK0,https://www.koreabaseball.com/Schedule/GameCenter/Main.aspx?gameDate=20260605&gameId=20260605KTSK0
2026-06-05,2026,LG,NC,away,5,4,창원,W,completed,20260605LGNC0,https://www.koreabaseball.com/Schedule/GameCenter/Main.aspx?gameDate=20260605&gameId=20260605LGNC0
2026-06-05,2026,NC,LG,home,4,5,창원,L,completed,20260605LGNC0,https://www.koreabaseball.com/Schedule/GameCenter/Main.aspx?gameDate=20260605&gameId=20260605LGNC0
2026-06-05,2026,KIA,삼성,home,5,2,광주,W,completed,20260605SSHT0,https://www.koreabaseball.com/Schedule/GameCenter/Main.aspx?gameDate=20260605&gameId=20260605SSHT0
2026-06-05,2026,삼성,KIA,away,2,5,광주,L,completed,20260605SSHT0,https://www.koreabaseball.com/Schedule/GameCenter/Main.aspx?gameDate=20260605&gameId=20260605SSHT0
2026-06-05,2026,두산,키움,home,4,3,잠실,W,completed,20260605WOOB0,https://www.koreabaseball.com/Schedule/GameCenter/Main.aspx?gameDate=20260605&gameId=20260605WOOB0
2026-06-05,2026,키움,두산,away,3,4,잠실,L,completed,20260605WOOB0,https://www.koreabaseball.com/Schedule/GameCenter/Main.aspx?gameDate=20260605&gameId=20260605WOOB0
2026-06-06,2026,롯데,한화,home,2,7,사직,L,completed,20260606HHLT0,https://www.koreabaseball.com/Schedule/GameCenter/Main.aspx?gameDate=20260606&gameId=20260606HHLT0
2026-06-06,2026,한화,롯데,away,7,2,사직,W,completed,20260606HHLT0,https://www.koreabaseball.com/Schedule/GameCenter/Main.aspx?gameDate=20260606&gameId=20260606HHLT0
2026-06-06,2026,KT,SSG,away,7,3,문학,W,completed,20260606KTSK0,https://www.koreabaseball.com/Schedule/GameCenter/Main.aspx?gameDate=20260606&gameId=20260606KTSK0
2026-06-06,2026,SSG,KT,home,3,7,문학,L,completed,20260606KTSK0,https://www.koreabaseball.com/Schedule/GameCenter/Main.aspx?gameDate=20260606&gameId=20260606KTSK0
2026-06-06,2026,LG,NC,away,5,8,창원,L,completed,20260606LGNC0,https://www.koreabaseball.com/Schedule/GameCenter/Main.aspx?gameDate=20260606&gameId=20260606LGNC0
2026-06-06,2026,NC,LG,home,8,5,창원,W,completed,20260606LGNC0,https://www.koreabaseball.com/Schedule/GameCenter/Main.aspx?gameDate=20260606&gameId=20260606LGNC0
2026-06-06,2026,KIA,삼성,home,2,3,광주,L,completed,20260606SSHT0,https://www.koreabaseball.com/Schedule/GameCenter/Main.aspx?gameDate=20260606&gameId=20260606SSHT0
2026-06-06,2026,삼성,KIA,away,3,2,광주,W,completed,20260606SSHT0,https://www.koreabaseball.com/Schedule/GameCenter/Main.aspx?gameDate=20260606&gameId=20260606SSHT0
2026-06-06,2026,두산,키움,home,9,1,잠실,W,completed,20260606WOOB0,https://www.koreabaseball.com/Schedule/GameCenter/Main.aspx?gameDate=20260606&gameId=20260606WOOB0
2026-06-06,2026,키움,두산,away,1,9,잠실,L,completed,20260606WOOB0,https://www.koreabaseball.com/Schedule/GameCenter/Main.aspx?gameDate=20260606&gameId=20260606WOOB0
2026-06-07,2026,롯데,한화,home,8,9,사직,L,completed,20260607HHLT0,https://www.koreabaseball.com/Schedule/GameCenter/Main.aspx?gameDate=20260607&gameId=20260607HHLT0
2026-06-07,2026,한화,롯데,away,9,8,사직,W,completed,20260607HHLT0,https://www.koreabaseball.com/Schedule/GameCenter/Main.aspx?gameDate=20260607&gameId=20260607HHLT0
2026-06-07,2026,KT,SSG,away,0,7,문학,L,completed,20260607KTSK0,https://www.koreabaseball.com/Schedule/GameCenter/Main.aspx?gameDate=20260607&gameId=20260607KTSK0
2026-06-07,2026,SSG,KT,home,7,0,문학,W,completed,20260607KTSK0,https://www.koreabaseball.com/Schedule/GameCenter/Main.aspx?gameDate=20260607&gameId=20260607KTSK0
2026-06-07,2026,LG,NC,away,6,7,창원,L,completed,20260607LGNC0,https://www.koreabaseball.com/Schedule/GameCenter/Main.aspx?gameDate=20260607&gameId=20260607LGNC0
2026-06-07,2026,NC,LG,home,7,6,창원,W,completed,20260607LGNC0,https://www.koreabaseball.com/Schedule/GameCenter/Main.aspx?gameDate=20260607&gameId=20260607LGNC0
2026-06-07,2026,KIA,삼성,home,7,6,광주,W,completed,20260607SSHT0,https://www.koreabaseball.com/Schedule/GameCenter/Main.aspx?gameDate=20260607&gameId=20260607SSHT0
2026-06-07,2026,삼성,KIA,away,6,7,광주,L,completed,20260607SSHT0,https://www.koreabaseball.com/Schedule/GameCenter/Main.aspx?gameDate=20260607&gameId=20260607SSHT0
2026-06-07,2026,두산,키움,home,1,4,잠실,L,completed,20260607WOOB0,https://www.koreabaseball.com/Schedule/GameCenter/Main.aspx?gameDate=20260607&gameId=20260607WOOB0
2026-06-07,2026,키움,두산,away,4,1,잠실,W,completed,20260607WOOB0,https://www.koreabaseball.com/Schedule/GameCenter/Main.aspx?gameDate=20260607&gameId=20260607WOOB0
2026-06-09,2026,KIA,한화,away,6,4,대전,W,completed,20260609HTHH0,https://www.koreabaseball.com/Schedule/GameCenter/Main.aspx?gameDate=20260609&gameId=20260609HTHH0
2026-06-09,2026,한화,KIA,home,4,6,대전,L,completed,20260609HTHH0,https://www.koreabaseball.com/Schedule/GameCenter/Main.aspx?gameDate=20260609&gameId=20260609HTHH0
2026-06-09,2026,NC,키움,away,6,7,고척,L,completed,20260609NCWO0,https://www.koreabaseball.com/Schedule/GameCenter/Main.aspx?gameDate=20260609&gameId=20260609NCWO0
2026-06-09,2026,키움,NC,home,7,6,고척,W,completed,20260609NCWO0,https://www.koreabaseball.com/Schedule/GameCenter/Main.aspx?gameDate=20260609&gameId=20260609NCWO0
2026-06-09,2026,두산,롯데,away,6,5,사직,W,completed,20260609OBLT0,https://www.koreabaseball.com/Schedule/GameCenter/Main.aspx?gameDate=20260609&gameId=20260609OBLT0
2026-06-09,2026,롯데,두산,home,5,6,사직,L,completed,20260609OBLT0,https://www.koreabaseball.com/Schedule/GameCenter/Main.aspx?gameDate=20260609&gameId=20260609OBLT0
2026-06-09,2026,LG,SSG,home,8,2,잠실,W,completed,20260609SKLG0,https://www.koreabaseball.com/Schedule/GameCenter/Main.aspx?gameDate=20260609&gameId=20260609SKLG0
2026-06-09,2026,SSG,LG,away,2,8,잠실,L,completed,20260609SKLG0,https://www.koreabaseball.com/Schedule/GameCenter/Main.aspx?gameDate=20260609&gameId=20260609SKLG0
2026-06-09,2026,KT,삼성,home,5,2,수원,W,completed,20260609SSKT0,https://www.koreabaseball.com/Schedule/GameCenter/Main.aspx?gameDate=20260609&gameId=20260609SSKT0
2026-06-09,2026,삼성,KT,away,2,5,수원,L,completed,20260609SSKT0,https://www.koreabaseball.com/Schedule/GameCenter/Main.aspx?gameDate=20260609&gameId=20260609SSKT0
2026-06-10,2026,KIA,한화,away,3,4,대전,L,completed,20260610HTHH0,https://www.koreabaseball.com/Schedule/GameCenter/Main.aspx?gameDate=20260610&gameId=20260610HTHH0
2026-06-10,2026,한화,KIA,home,4,3,대전,W,completed,20260610HTHH0,https://www.koreabaseball.com/Schedule/GameCenter/Main.aspx?gameDate=20260610&gameId=20260610HTHH0
2026-06-10,2026,NC,키움,away,4,2,고척,W,completed,20260610NCWO0,https://www.koreabaseball.com/Schedule/GameCenter/Main.aspx?gameDate=20260610&gameId=20260610NCWO0
2026-06-10,2026,키움,NC,home,2,4,고척,L,completed,20260610NCWO0,https://www.koreabaseball.com/Schedule/GameCenter/Main.aspx?gameDate=20260610&gameId=20260610NCWO0
2026-06-10,2026,두산,롯데,away,1,3,사직,L,completed,20260610OBLT0,https://www.koreabaseball.com/Schedule/GameCenter/Main.aspx?gameDate=20260610&gameId=20260610OBLT0
2026-06-10,2026,롯데,두산,home,3,1,사직,W,completed,20260610OBLT0,https://www.koreabaseball.com/Schedule/GameCenter/Main.aspx?gameDate=20260610&gameId=20260610OBLT0
2026-06-10,2026,LG,SSG,home,8,6,잠실,W,completed,20260610SKLG0,https://www.koreabaseball.com/Schedule/GameCenter/Main.aspx?gameDate=20260610&gameId=20260610SKLG0
2026-06-10,2026,SSG,LG,away,6,8,잠실,L,completed,20260610SKLG0,https://www.koreabaseball.com/Schedule/GameCenter/Main.aspx?gameDate=20260610&gameId=20260610SKLG0
2026-06-10,2026,KT,삼성,home,4,3,수원,W,completed,20260610SSKT0,https://www.koreabaseball.com/Schedule/GameCenter/Main.aspx?gameDate=20260610&gameId=20260610SSKT0
2026-06-10,2026,삼성,KT,away,3,4,수원,L,completed,20260610SSKT0,https://www.koreabaseball.com/Schedule/GameCenter/Main.aspx?gameDate=20260610&gameId=20260610SSKT0
2026-06-11,2026,KIA,한화,away,1,5,대전,L,completed,20260611HTHH0,https://www.koreabaseball.com/Schedule/GameCenter/Main.aspx?gameDate=20260611&gameId=20260611HTHH0
2026-06-11,2026,한화,KIA,home,5,1,대전,W,completed,20260611HTHH0,https://www.koreabaseball.com/Schedule/GameCenter/Main.aspx?gameDate=20260611&gameId=20260611HTHH0
2026-06-11,2026,NC,키움,away,3,2,고척,W,completed,20260611NCWO0,https://www.koreabaseball.com/Schedule/GameCenter/Main.aspx?gameDate=20260611&gameId=20260611NCWO0
2026-06-11,2026,키움,NC,home,2,3,고척,L,completed,20260611NCWO0,https://www.koreabaseball.com/Schedule/GameCenter/Main.aspx?gameDate=20260611&gameId=20260611NCWO0
2026-06-11,2026,두산,롯데,away,12,7,사직,W,completed,20260611OBLT0,https://www.koreabaseball.com/Schedule/GameCenter/Main.aspx?gameDate=20260611&gameId=20260611OBLT0
2026-06-11,2026,롯데,두산,home,7,12,사직,L,completed,20260611OBLT0,https://www.koreabaseball.com/Schedule/GameCenter/Main.aspx?gameDate=20260611&gameId=20260611OBLT0
2026-06-11,2026,LG,SSG,home,15,1,잠실,W,completed,20260611SKLG0,https://www.koreabaseball.com/Schedule/GameCenter/Main.aspx?gameDate=20260611&gameId=20260611SKLG0
2026-06-11,2026,SSG,LG,away,1,15,잠실,L,completed,20260611SKLG0,https://www.koreabaseball.com/Schedule/GameCenter/Main.aspx?gameDate=20260611&gameId=20260611SKLG0
2026-06-11,2026,KT,삼성,home,1,8,수원,L,completed,20260611SSKT0,https://www.koreabaseball.com/Schedule/GameCenter/Main.aspx?gameDate=20260611&gameId=20260611SSKT0
2026-06-11,2026,삼성,KT,away,8,1,수원,W,completed,20260611SSKT0,https://www.koreabaseball.com/Schedule/GameCenter/Main.aspx?gameDate=20260611&gameId=20260611SSKT0
2026-06-12,2026,키움,한화,home,4,3,고척,W,completed,20260612HHWO0,https://www.koreabaseball.com/Schedule/GameCenter/Main.aspx?gameDate=20260612&gameId=20260612HHWO0
2026-06-12,2026,한화,키움,away,3,4,고척,L,completed,20260612HHWO0,https://www.koreabaseball.com/Schedule/GameCenter/Main.aspx?gameDate=20260612&gameId=20260612HHWO0
2026-06-12,2026,LG,롯데,home,5,16,잠실,L,completed,20260612LTLG0,https://www.koreabaseball.com/Schedule/GameCenter/Main.aspx?gameDate=20260612&gameId=20260612LTLG0
2026-06-12,2026,롯데,LG,away,16,5,잠실,W,completed,20260612LTLG0,https://www.koreabaseball.com/Schedule/GameCenter/Main.aspx?gameDate=20260612&gameId=20260612LTLG0
2026-06-12,2026,KT,NC,home,3,2,수원,W,completed,20260612NCKT0,https://www.koreabaseball.com/Schedule/GameCenter/Main.aspx?gameDate=20260612&gameId=20260612NCKT0
2026-06-12,2026,NC,KT,away,2,3,수원,L,completed,20260612NCKT0,https://www.koreabaseball.com/Schedule/GameCenter/Main.aspx?gameDate=20260612&gameId=20260612NCKT0
2026-06-12,2026,KIA,두산,home,2,4,광주,L,completed,20260612OBHT0,https://www.koreabaseball.com/Schedule/GameCenter/Main.aspx?gameDate=20260612&gameId=20260612OBHT0
2026-06-12,2026,두산,KIA,away,4,2,광주,W,completed,20260612OBHT0,https://www.koreabaseball.com/Schedule/GameCenter/Main.aspx?gameDate=20260612&gameId=20260612OBHT0
2026-06-12,2026,SSG,삼성,away,5,3,대구,W,completed,20260612SKSS0,https://www.koreabaseball.com/Schedule/GameCenter/Main.aspx?gameDate=20260612&gameId=20260612SKSS0
2026-06-12,2026,삼성,SSG,home,3,5,대구,L,completed,20260612SKSS0,https://www.koreabaseball.com/Schedule/GameCenter/Main.aspx?gameDate=20260612&gameId=20260612SKSS0
2026-06-13,2026,키움,한화,home,3,1,고척,W,completed,20260613HHWO0,https://www.koreabaseball.com/Schedule/GameCenter/Main.aspx?gameDate=20260613&gameId=20260613HHWO0
2026-06-13,2026,한화,키움,away,1,3,고척,L,completed,20260613HHWO0,https://www.koreabaseball.com/Schedule/GameCenter/Main.aspx?gameDate=20260613&gameId=20260613HHWO0
2026-06-13,2026,LG,롯데,home,5,3,잠실,W,completed,20260613LTLG0,https://www.koreabaseball.com/Schedule/GameCenter/Main.aspx?gameDate=20260613&gameId=20260613LTLG0
2026-06-13,2026,롯데,LG,away,3,5,잠실,L,completed,20260613LTLG0,https://www.koreabaseball.com/Schedule/GameCenter/Main.aspx?gameDate=20260613&gameId=20260613LTLG0
2026-06-13,2026,KT,NC,home,11,9,수원,W,completed,20260613NCKT0,https://www.koreabaseball.com/Schedule/GameCenter/Main.aspx?gameDate=20260613&gameId=20260613NCKT0
2026-06-13,2026,NC,KT,away,9,11,수원,L,completed,20260613NCKT0,https://www.koreabaseball.com/Schedule/GameCenter/Main.aspx?gameDate=20260613&gameId=20260613NCKT0
2026-06-13,2026,KIA,두산,home,2,1,광주,W,completed,20260613OBHT0,https://www.koreabaseball.com/Schedule/GameCenter/Main.aspx?gameDate=20260613&gameId=20260613OBHT0
2026-06-13,2026,두산,KIA,away,1,2,광주,L,completed,20260613OBHT0,https://www.koreabaseball.com/Schedule/GameCenter/Main.aspx?gameDate=20260613&gameId=20260613OBHT0
2026-06-13,2026,SSG,삼성,away,6,7,대구,L,completed,20260613SKSS0,https://www.koreabaseball.com/Schedule/GameCenter/Main.aspx?gameDate=20260613&gameId=20260613SKSS0
2026-06-13,2026,삼성,SSG,home,7,6,대구,W,completed,20260613SKSS0,https://www.koreabaseball.com/Schedule/GameCenter/Main.aspx?gameDate=20260613&gameId=20260613SKSS0
2026-06-14,2026,KT,NC,home,,,수원,,not_completed,2026-06-14_KT_NC,https://www.koreabaseball.com/Schedule/Schedule.aspx
2026-06-14,2026,NC,KT,away,,,수원,,not_completed,2026-06-14_KT_NC,https://www.koreabaseball.com/Schedule/Schedule.aspx
2026-06-14,2026,키움,한화,home,3,2,고척,W,completed,20260614HHWO0,https://www.koreabaseball.com/Schedule/GameCenter/Main.aspx?gameDate=20260614&gameId=20260614HHWO0
2026-06-14,2026,한화,키움,away,2,3,고척,L,completed,20260614HHWO0,https://www.koreabaseball.com/Schedule/GameCenter/Main.aspx?gameDate=20260614&gameId=20260614HHWO0
2026-06-14,2026,LG,롯데,home,6,1,잠실,W,completed,20260614LTLG0,https://www.koreabaseball.com/Schedule/GameCenter/Main.aspx?gameDate=20260614&gameId=20260614LTLG0
2026-06-14,2026,롯데,LG,away,1,6,잠실,L,completed,20260614LTLG0,https://www.koreabaseball.com/Schedule/GameCenter/Main.aspx?gameDate=20260614&gameId=20260614LTLG0
2026-06-14,2026,KIA,두산,home,1,8,광주,L,completed,20260614OBHT0,https://www.koreabaseball.com/Schedule/GameCenter/Main.aspx?gameDate=20260614&gameId=20260614OBHT0
2026-06-14,2026,두산,KIA,away,8,1,광주,W,completed,20260614OBHT0,https://www.koreabaseball.com/Schedule/GameCenter/Main.aspx?gameDate=20260614&gameId=20260614OBHT0
2026-06-14,2026,SSG,삼성,away,8,10,대구,L,completed,20260614SKSS0,https://www.koreabaseball.com/Schedule/GameCenter/Main.aspx?gameDate=20260614&gameId=20260614SKSS0
2026-06-14,2026,삼성,SSG,home,10,8,대구,W,completed,20260614SKSS0,https://www.koreabaseball.com/Schedule/GameCenter/Main.aspx?gameDate=20260614&gameId=20260614SKSS0
2026-06-16,2026,NC,한화,home,6,5,창원,W,completed,20260616HHNC0,https://www.koreabaseball.com/Schedule/GameCenter/Main.aspx?gameDate=20260616&gameId=20260616HHNC0
2026-06-16,2026,한화,NC,away,5,6,창원,L,completed,20260616HHNC0,https://www.koreabaseball.com/Schedule/GameCenter/Main.aspx?gameDate=20260616&gameId=20260616HHNC0
2026-06-16,2026,KT,두산,away,6,2,잠실,W,completed,20260616KTOB0,https://www.koreabaseball.com/Schedule/GameCenter/Main.aspx?gameDate=20260616&gameId=20260616KTOB0
2026-06-16,2026,두산,KT,home,2,6,잠실,L,completed,20260616KTOB0,https://www.koreabaseball.com/Schedule/GameCenter/Main.aspx?gameDate=20260616&gameId=20260616KTOB0
2026-06-16,2026,KIA,LG,home,2,8,광주,L,completed,20260616LGHT0,https://www.koreabaseball.com/Schedule/GameCenter/Main.aspx?gameDate=20260616&gameId=20260616LGHT0
2026-06-16,2026,LG,KIA,away,8,2,광주,W,completed,20260616LGHT0,https://www.koreabaseball.com/Schedule/GameCenter/Main.aspx?gameDate=20260616&gameId=20260616LGHT0
2026-06-16,2026,SSG,롯데,home,6,10,문학,L,completed,20260616LTSK0,https://www.koreabaseball.com/Schedule/GameCenter/Main.aspx?gameDate=20260616&gameId=20260616LTSK0
2026-06-16,2026,롯데,SSG,away,10,6,문학,W,completed,20260616LTSK0,https://www.koreabaseball.com/Schedule/GameCenter/Main.aspx?gameDate=20260616&gameId=20260616LTSK0
2026-06-16,2026,삼성,키움,home,4,1,대구,W,completed,20260616WOSS0,https://www.koreabaseball.com/Schedule/GameCenter/Main.aspx?gameDate=20260616&gameId=20260616WOSS0
2026-06-16,2026,키움,삼성,away,1,4,대구,L,completed,20260616WOSS0,https://www.koreabaseball.com/Schedule/GameCenter/Main.aspx?gameDate=20260616&gameId=20260616WOSS0
2026-06-17,2026,NC,한화,home,5,4,창원,W,completed,20260617HHNC0,https://www.koreabaseball.com/Schedule/GameCenter/Main.aspx?gameDate=20260617&gameId=20260617HHNC0
2026-06-17,2026,한화,NC,away,4,5,창원,L,completed,20260617HHNC0,https://www.koreabaseball.com/Schedule/GameCenter/Main.aspx?gameDate=20260617&gameId=20260617HHNC0
2026-06-17,2026,KT,두산,away,8,1,잠실,W,completed,20260617KTOB0,https://www.koreabaseball.com/Schedule/GameCenter/Main.aspx?gameDate=20260617&gameId=20260617KTOB0
2026-06-17,2026,두산,KT,home,1,8,잠실,L,completed,20260617KTOB0,https://www.koreabaseball.com/Schedule/GameCenter/Main.aspx?gameDate=20260617&gameId=20260617KTOB0
2026-06-17,2026,KIA,LG,home,5,4,광주,W,completed,20260617LGHT0,https://www.koreabaseball.com/Schedule/GameCenter/Main.aspx?gameDate=20260617&gameId=20260617LGHT0
2026-06-17,2026,LG,KIA,away,4,5,광주,L,completed,20260617LGHT0,https://www.koreabaseball.com/Schedule/GameCenter/Main.aspx?gameDate=20260617&gameId=20260617LGHT0
2026-06-17,2026,SSG,롯데,home,1,2,문학,L,completed,20260617LTSK0,https://www.koreabaseball.com/Schedule/GameCenter/Main.aspx?gameDate=20260617&gameId=20260617LTSK0
2026-06-17,2026,롯데,SSG,away,2,1,문학,W,completed,20260617LTSK0,https://www.koreabaseball.com/Schedule/GameCenter/Main.aspx?gameDate=20260617&gameId=20260617LTSK0
2026-06-17,2026,삼성,키움,home,1,0,대구,W,completed,20260617WOSS0,https://www.koreabaseball.com/Schedule/GameCenter/Main.aspx?gameDate=20260617&gameId=20260617WOSS0
2026-06-17,2026,키움,삼성,away,0,1,대구,L,completed,20260617WOSS0,https://www.koreabaseball.com/Schedule/GameCenter/Main.aspx?gameDate=20260617&gameId=20260617WOSS0
2026-06-18,2026,NC,한화,home,6,0,창원,W,completed,20260618HHNC0,https://www.koreabaseball.com/Schedule/GameCenter/Main.aspx?gameDate=20260618&gameId=20260618HHNC0
2026-06-18,2026,한화,NC,away,0,6,창원,L,completed,20260618HHNC0,https://www.koreabaseball.com/Schedule/GameCenter/Main.aspx?gameDate=20260618&gameId=20260618HHNC0
2026-06-18,2026,KT,두산,away,1,2,잠실,L,completed,20260618KTOB0,https://www.koreabaseball.com/Schedule/GameCenter/Main.aspx?gameDate=20260618&gameId=20260618KTOB0
2026-06-18,2026,두산,KT,home,2,1,잠실,W,completed,20260618KTOB0,https://www.koreabaseball.com/Schedule/GameCenter/Main.aspx?gameDate=20260618&gameId=20260618KTOB0
2026-06-18,2026,KIA,LG,home,4,2,광주,W,completed,20260618LGHT0,https://www.koreabaseball.com/Schedule/GameCenter/Main.aspx?gameDate=20260618&gameId=20260618LGHT0
2026-06-18,2026,LG,KIA,away,2,4,광주,L,completed,20260618LGHT0,https://www.koreabaseball.com/Schedule/GameCenter/Main.aspx?gameDate=20260618&gameId=20260618LGHT0
2026-06-18,2026,SSG,롯데,home,2,2,문학,D,completed,20260618LTSK0,https://www.koreabaseball.com/Schedule/GameCenter/Main.aspx?gameDate=20260618&gameId=20260618LTSK0
2026-06-18,2026,롯데,SSG,away,2,2,문학,D,completed,20260618LTSK0,https://www.koreabaseball.com/Schedule/GameCenter/Main.aspx?gameDate=20260618&gameId=20260618LTSK0
2026-06-18,2026,삼성,키움,home,4,3,대구,W,completed,20260618WOSS0,https://www.koreabaseball.com/Schedule/GameCenter/Main.aspx?gameDate=20260618&gameId=20260618WOSS0
2026-06-18,2026,키움,삼성,away,3,4,대구,L,completed,20260618WOSS0,https://www.koreabaseball.com/Schedule/GameCenter/Main.aspx?gameDate=20260618&gameId=20260618WOSS0
2026-06-19,2026,KIA,KT,away,11,3,수원,W,completed,20260619HTKT0,https://www.koreabaseball.com/Schedule/GameCenter/Main.aspx?gameDate=20260619&gameId=20260619HTKT0
2026-06-19,2026,KT,KIA,home,3,11,수원,L,completed,20260619HTKT0,https://www.koreabaseball.com/Schedule/GameCenter/Main.aspx?gameDate=20260619&gameId=20260619HTKT0
2026-06-19,2026,롯데,키움,away,2,1,고척,W,completed,20260619LTWO0,https://www.koreabaseball.com/Schedule/GameCenter/Main.aspx?gameDate=20260619&gameId=20260619LTWO0
2026-06-19,2026,키움,롯데,home,1,2,고척,L,completed,20260619LTWO0,https://www.koreabaseball.com/Schedule/GameCenter/Main.aspx?gameDate=20260619&gameId=20260619LTWO0
2026-06-19,2026,LG,두산,home,3,2,잠실,W,completed,20260619OBLG0,https://www.koreabaseball.com/Schedule/GameCenter/Main.aspx?gameDate=20260619&gameId=20260619OBLG0
2026-06-19,2026,두산,LG,away,2,3,잠실,L,completed,20260619OBLG0,https://www.koreabaseball.com/Schedule/GameCenter/Main.aspx?gameDate=20260619&gameId=20260619OBLG0
2026-06-19,2026,NC,SSG,home,9,3,창원,W,completed,20260619SKNC0,https://www.koreabaseball.com/Schedule/GameCenter/Main.aspx?gameDate=20260619&gameId=20260619SKNC0
2026-06-19,2026,SSG,NC,away,3,9,창원,L,completed,20260619SKNC0,https://www.koreabaseball.com/Schedule/GameCenter/Main.aspx?gameDate=20260619&gameId=20260619SKNC0
2026-06-19,2026,삼성,한화,away,3,3,대전,D,completed,20260619SSHH0,https://www.koreabaseball.com/Schedule/GameCenter/Main.aspx?gameDate=20260619&gameId=20260619SSHH0
2026-06-19,2026,한화,삼성,home,3,3,대전,D,completed,20260619SSHH0,https://www.koreabaseball.com/Schedule/GameCenter/Main.aspx?gameDate=20260619&gameId=20260619SSHH0
2026-06-20,2026,KIA,KT,away,9,10,수원,L,completed,20260620HTKT0,https://www.koreabaseball.com/Schedule/GameCenter/Main.aspx?gameDate=20260620&gameId=20260620HTKT0
2026-06-20,2026,KT,KIA,home,10,9,수원,W,completed,20260620HTKT0,https://www.koreabaseball.com/Schedule/GameCenter/Main.aspx?gameDate=20260620&gameId=20260620HTKT0
2026-06-20,2026,롯데,키움,away,7,1,고척,W,completed,20260620LTWO0,https://www.koreabaseball.com/Schedule/GameCenter/Main.aspx?gameDate=20260620&gameId=20260620LTWO0
2026-06-20,2026,키움,롯데,home,1,7,고척,L,completed,20260620LTWO0,https://www.koreabaseball.com/Schedule/GameCenter/Main.aspx?gameDate=20260620&gameId=20260620LTWO0
2026-06-20,2026,LG,두산,home,4,2,잠실,W,completed,20260620OBLG0,https://www.koreabaseball.com/Schedule/GameCenter/Main.aspx?gameDate=20260620&gameId=20260620OBLG0
2026-06-20,2026,두산,LG,away,2,4,잠실,L,completed,20260620OBLG0,https://www.koreabaseball.com/Schedule/GameCenter/Main.aspx?gameDate=20260620&gameId=20260620OBLG0
2026-06-20,2026,NC,SSG,home,5,12,창원,L,completed,20260620SKNC0,https://www.koreabaseball.com/Schedule/GameCenter/Main.aspx?gameDate=20260620&gameId=20260620SKNC0
2026-06-20,2026,SSG,NC,away,12,5,창원,W,completed,20260620SKNC0,https://www.koreabaseball.com/Schedule/GameCenter/Main.aspx?gameDate=20260620&gameId=20260620SKNC0
2026-06-20,2026,삼성,한화,away,4,10,대전,L,completed,20260620SSHH0,https://www.koreabaseball.com/Schedule/GameCenter/Main.aspx?gameDate=20260620&gameId=20260620SSHH0
2026-06-20,2026,한화,삼성,home,10,4,대전,W,completed,20260620SSHH0,https://www.koreabaseball.com/Schedule/GameCenter/Main.aspx?gameDate=20260620&gameId=20260620SSHH0
2026-06-21,2026,KIA,KT,away,11,5,수원,W,completed,20260621HTKT0,https://www.koreabaseball.com/Schedule/GameCenter/Main.aspx?gameDate=20260621&gameId=20260621HTKT0
2026-06-21,2026,KT,KIA,home,5,11,수원,L,completed,20260621HTKT0,https://www.koreabaseball.com/Schedule/GameCenter/Main.aspx?gameDate=20260621&gameId=20260621HTKT0
2026-06-21,2026,롯데,키움,away,6,3,고척,W,completed,20260621LTWO0,https://www.koreabaseball.com/Schedule/GameCenter/Main.aspx?gameDate=20260621&gameId=20260621LTWO0
2026-06-21,2026,키움,롯데,home,3,6,고척,L,completed,20260621LTWO0,https://www.koreabaseball.com/Schedule/GameCenter/Main.aspx?gameDate=20260621&gameId=20260621LTWO0
2026-06-21,2026,LG,두산,home,9,3,잠실,W,completed,20260621OBLG0,https://www.koreabaseball.com/Schedule/GameCenter/Main.aspx?gameDate=20260621&gameId=20260621OBLG0
2026-06-21,2026,두산,LG,away,3,9,잠실,L,completed,20260621OBLG0,https://www.koreabaseball.com/Schedule/GameCenter/Main.aspx?gameDate=20260621&gameId=20260621OBLG0
2026-06-21,2026,NC,SSG,home,3,7,창원,L,completed,20260621SKNC0,https://www.koreabaseball.com/Schedule/GameCenter/Main.aspx?gameDate=20260621&gameId=20260621SKNC0
2026-06-21,2026,SSG,NC,away,7,3,창원,W,completed,20260621SKNC0,https://www.koreabaseball.com/Schedule/GameCenter/Main.aspx?gameDate=20260621&gameId=20260621SKNC0
2026-06-21,2026,삼성,한화,away,3,1,대전,W,completed,20260621SSHH0,https://www.koreabaseball.com/Schedule/GameCenter/Main.aspx?gameDate=20260621&gameId=20260621SSHH0
2026-06-21,2026,한화,삼성,home,1,3,대전,L,completed,20260621SSHH0,https://www.koreabaseball.com/Schedule/GameCenter/Main.aspx?gameDate=20260621&gameId=20260621SSHH0
2026-06-23,2026,KIA,키움,away,7,3,고척,W,completed,20260623HTWO0,https://www.koreabaseball.com/Schedule/GameCenter/Main.aspx?gameDate=20260623&gameId=20260623HTWO0
2026-06-23,2026,키움,KIA,home,3,7,고척,L,completed,20260623HTWO0,https://www.koreabaseball.com/Schedule/GameCenter/Main.aspx?gameDate=20260623&gameId=20260623HTWO0
2026-06-23,2026,NC,롯데,away,2,3,사직,L,completed,20260623NCLT0,https://www.koreabaseball.com/Schedule/GameCenter/Main.aspx?gameDate=20260623&gameId=20260623NCLT0
2026-06-23,2026,롯데,NC,home,3,2,사직,W,completed,20260623NCLT0,https://www.koreabaseball.com/Schedule/GameCenter/Main.aspx?gameDate=20260623&gameId=20260623NCLT0
2026-06-23,2026,두산,한화,away,2,3,대전,L,completed,20260623OBHH0,https://www.koreabaseball.com/Schedule/GameCenter/Main.aspx?gameDate=20260623&gameId=20260623OBHH0
2026-06-23,2026,한화,두산,home,3,2,대전,W,completed,20260623OBHH0,https://www.koreabaseball.com/Schedule/GameCenter/Main.aspx?gameDate=20260623&gameId=20260623OBHH0
2026-06-23,2026,KT,SSG,home,13,2,수원,W,completed,20260623SKKT0,https://www.koreabaseball.com/Schedule/GameCenter/Main.aspx?gameDate=20260623&gameId=20260623SKKT0
2026-06-23,2026,SSG,KT,away,2,13,수원,L,completed,20260623SKKT0,https://www.koreabaseball.com/Schedule/GameCenter/Main.aspx?gameDate=20260623&gameId=20260623SKKT0
2026-06-23,2026,LG,삼성,home,4,3,잠실,W,completed,20260623SSLG0,https://www.koreabaseball.com/Schedule/GameCenter/Main.aspx?gameDate=20260623&gameId=20260623SSLG0
2026-06-23,2026,삼성,LG,away,3,4,잠실,L,completed,20260623SSLG0,https://www.koreabaseball.com/Schedule/GameCenter/Main.aspx?gameDate=20260623&gameId=20260623SSLG0
2026-06-24,2026,KIA,키움,away,10,3,고척,W,completed,20260624HTWO0,https://www.koreabaseball.com/Schedule/GameCenter/Main.aspx?gameDate=20260624&gameId=20260624HTWO0
2026-06-24,2026,키움,KIA,home,3,10,고척,L,completed,20260624HTWO0,https://www.koreabaseball.com/Schedule/GameCenter/Main.aspx?gameDate=20260624&gameId=20260624HTWO0
2026-06-24,2026,NC,롯데,away,3,5,사직,L,completed,20260624NCLT0,https://www.koreabaseball.com/Schedule/GameCenter/Main.aspx?gameDate=20260624&gameId=20260624NCLT0
2026-06-24,2026,롯데,NC,home,5,3,사직,W,completed,20260624NCLT0,https://www.koreabaseball.com/Schedule/GameCenter/Main.aspx?gameDate=20260624&gameId=20260624NCLT0
2026-06-24,2026,두산,한화,away,7,2,대전,W,completed,20260624OBHH0,https://www.koreabaseball.com/Schedule/GameCenter/Main.aspx?gameDate=20260624&gameId=20260624OBHH0
2026-06-24,2026,한화,두산,home,2,7,대전,L,completed,20260624OBHH0,https://www.koreabaseball.com/Schedule/GameCenter/Main.aspx?gameDate=20260624&gameId=20260624OBHH0
2026-06-24,2026,KT,SSG,home,4,5,수원,L,completed,20260624SKKT0,https://www.koreabaseball.com/Schedule/GameCenter/Main.aspx?gameDate=20260624&gameId=20260624SKKT0
2026-06-24,2026,SSG,KT,away,5,4,수원,W,completed,20260624SKKT0,https://www.koreabaseball.com/Schedule/GameCenter/Main.aspx?gameDate=20260624&gameId=20260624SKKT0
2026-06-24,2026,LG,삼성,home,2,0,잠실,W,completed,20260624SSLG0,https://www.koreabaseball.com/Schedule/GameCenter/Main.aspx?gameDate=20260624&gameId=20260624SSLG0
2026-06-24,2026,삼성,LG,away,0,2,잠실,L,completed,20260624SSLG0,https://www.koreabaseball.com/Schedule/GameCenter/Main.aspx?gameDate=20260624&gameId=20260624SSLG0
2026-06-25,2026,KIA,키움,away,9,4,고척,W,completed,20260625HTWO0,https://www.koreabaseball.com/Schedule/GameCenter/Main.aspx?gameDate=20260625&gameId=20260625HTWO0
2026-06-25,2026,키움,KIA,home,4,9,고척,L,completed,20260625HTWO0,https://www.koreabaseball.com/Schedule/GameCenter/Main.aspx?gameDate=20260625&gameId=20260625HTWO0
2026-06-25,2026,NC,롯데,away,8,2,사직,W,completed,20260625NCLT0,https://www.koreabaseball.com/Schedule/GameCenter/Main.aspx?gameDate=20260625&gameId=20260625NCLT0
2026-06-25,2026,롯데,NC,home,2,8,사직,L,completed,20260625NCLT0,https://www.koreabaseball.com/Schedule/GameCenter/Main.aspx?gameDate=20260625&gameId=20260625NCLT0
2026-06-25,2026,두산,한화,away,5,3,대전,W,completed,20260625OBHH0,https://www.koreabaseball.com/Schedule/GameCenter/Main.aspx?gameDate=20260625&gameId=20260625OBHH0
2026-06-25,2026,한화,두산,home,3,5,대전,L,completed,20260625OBHH0,https://www.koreabaseball.com/Schedule/GameCenter/Main.aspx?gameDate=20260625&gameId=20260625OBHH0
2026-06-25,2026,KT,SSG,home,12,7,수원,W,completed,20260625SKKT0,https://www.koreabaseball.com/Schedule/GameCenter/Main.aspx?gameDate=20260625&gameId=20260625SKKT0
2026-06-25,2026,SSG,KT,away,7,12,수원,L,completed,20260625SKKT0,https://www.koreabaseball.com/Schedule/GameCenter/Main.aspx?gameDate=20260625&gameId=20260625SKKT0
2026-06-25,2026,LG,삼성,home,6,13,잠실,L,completed,20260625SSLG0,https://www.koreabaseball.com/Schedule/GameCenter/Main.aspx?gameDate=20260625&gameId=20260625SSLG0
2026-06-25,2026,삼성,LG,away,13,6,잠실,W,completed,20260625SSLG0,https://www.koreabaseball.com/Schedule/GameCenter/Main.aspx?gameDate=20260625&gameId=20260625SSLG0
2026-06-26,2026,SSG,한화,home,2,9,문학,L,completed,20260626HHSK0,https://www.koreabaseball.com/Schedule/GameCenter/Main.aspx?gameDate=20260626&gameId=20260626HHSK0
2026-06-26,2026,한화,SSG,away,9,2,문학,W,completed,20260626HHSK0,https://www.koreabaseball.com/Schedule/GameCenter/Main.aspx?gameDate=20260626&gameId=20260626HHSK0
2026-06-26,2026,KIA,두산,away,2,3,잠실,L,completed,20260626HTOB0,https://www.koreabaseball.com/Schedule/GameCenter/Main.aspx?gameDate=20260626&gameId=20260626HTOB0
2026-06-26,2026,두산,KIA,home,3,2,잠실,W,completed,20260626HTOB0,https://www.koreabaseball.com/Schedule/GameCenter/Main.aspx?gameDate=20260626&gameId=20260626HTOB0
2026-06-26,2026,KT,삼성,away,1,9,대구,L,completed,20260626KTSS0,https://www.koreabaseball.com/Schedule/GameCenter/Main.aspx?gameDate=20260626&gameId=20260626KTSS0
2026-06-26,2026,삼성,KT,home,9,1,대구,W,completed,20260626KTSS0,https://www.koreabaseball.com/Schedule/GameCenter/Main.aspx?gameDate=20260626&gameId=20260626KTSS0
2026-06-26,2026,LG,롯데,away,2,3,사직,L,completed,20260626LGLT0,https://www.koreabaseball.com/Schedule/GameCenter/Main.aspx?gameDate=20260626&gameId=20260626LGLT0
2026-06-26,2026,롯데,LG,home,3,2,사직,W,completed,20260626LGLT0,https://www.koreabaseball.com/Schedule/GameCenter/Main.aspx?gameDate=20260626&gameId=20260626LGLT0
2026-06-26,2026,NC,키움,home,11,4,창원,W,completed,20260626WONC0,https://www.koreabaseball.com/Schedule/GameCenter/Main.aspx?gameDate=20260626&gameId=20260626WONC0
2026-06-26,2026,키움,NC,away,4,11,창원,L,completed,20260626WONC0,https://www.koreabaseball.com/Schedule/GameCenter/Main.aspx?gameDate=20260626&gameId=20260626WONC0
2026-06-27,2026,SSG,한화,home,1,8,문학,L,completed,20260627HHSK0,https://www.koreabaseball.com/Schedule/GameCenter/Main.aspx?gameDate=20260627&gameId=20260627HHSK0
2026-06-27,2026,한화,SSG,away,8,1,문학,W,completed,20260627HHSK0,https://www.koreabaseball.com/Schedule/GameCenter/Main.aspx?gameDate=20260627&gameId=20260627HHSK0
2026-06-27,2026,KIA,두산,away,1,8,잠실,L,completed,20260627HTOB0,https://www.koreabaseball.com/Schedule/GameCenter/Main.aspx?gameDate=20260627&gameId=20260627HTOB0
2026-06-27,2026,두산,KIA,home,8,1,잠실,W,completed,20260627HTOB0,https://www.koreabaseball.com/Schedule/GameCenter/Main.aspx?gameDate=20260627&gameId=20260627HTOB0
2026-06-27,2026,KT,삼성,away,3,4,대구,L,completed,20260627KTSS0,https://www.koreabaseball.com/Schedule/GameCenter/Main.aspx?gameDate=20260627&gameId=20260627KTSS0
2026-06-27,2026,삼성,KT,home,4,3,대구,W,completed,20260627KTSS0,https://www.koreabaseball.com/Schedule/GameCenter/Main.aspx?gameDate=20260627&gameId=20260627KTSS0
2026-06-27,2026,LG,롯데,away,8,7,사직,W,completed,20260627LGLT0,https://www.koreabaseball.com/Schedule/GameCenter/Main.aspx?gameDate=20260627&gameId=20260627LGLT0
2026-06-27,2026,롯데,LG,home,7,8,사직,L,completed,20260627LGLT0,https://www.koreabaseball.com/Schedule/GameCenter/Main.aspx?gameDate=20260627&gameId=20260627LGLT0
2026-06-27,2026,NC,키움,home,1,3,창원,L,completed,20260627WONC0,https://www.koreabaseball.com/Schedule/GameCenter/Main.aspx?gameDate=20260627&gameId=20260627WONC0
2026-06-27,2026,키움,NC,away,3,1,창원,W,completed,20260627WONC0,https://www.koreabaseball.com/Schedule/GameCenter/Main.aspx?gameDate=20260627&gameId=20260627WONC0
2026-06-28,2026,SSG,한화,home,3,6,문학,L,completed,20260628HHSK0,https://www.koreabaseball.com/Schedule/GameCenter/Main.aspx?gameDate=20260628&gameId=20260628HHSK0
2026-06-28,2026,한화,SSG,away,6,3,문학,W,completed,20260628HHSK0,https://www.koreabaseball.com/Schedule/GameCenter/Main.aspx?gameDate=20260628&gameId=20260628HHSK0
2026-06-28,2026,KIA,두산,away,12,1,잠실,W,completed,20260628HTOB0,https://www.koreabaseball.com/Schedule/GameCenter/Main.aspx?gameDate=20260628&gameId=20260628HTOB0
2026-06-28,2026,두산,KIA,home,1,12,잠실,L,completed,20260628HTOB0,https://www.koreabaseball.com/Schedule/GameCenter/Main.aspx?gameDate=20260628&gameId=20260628HTOB0
2026-06-28,2026,KT,삼성,away,4,7,대구,L,completed,20260628KTSS0,https://www.koreabaseball.com/Schedule/GameCenter/Main.aspx?gameDate=20260628&gameId=20260628KTSS0
2026-06-28,2026,삼성,KT,home,7,4,대구,W,completed,20260628KTSS0,https://www.koreabaseball.com/Schedule/GameCenter/Main.aspx?gameDate=20260628&gameId=20260628KTSS0
2026-06-28,2026,LG,롯데,away,9,11,사직,L,completed,20260628LGLT0,https://www.koreabaseball.com/Schedule/GameCenter/Main.aspx?gameDate=20260628&gameId=20260628LGLT0
2026-06-28,2026,롯데,LG,home,11,9,사직,W,completed,20260628LGLT0,https://www.koreabaseball.com/Schedule/GameCenter/Main.aspx?gameDate=20260628&gameId=20260628LGLT0
2026-06-28,2026,NC,키움,home,9,2,창원,W,completed,20260628WONC0,https://www.koreabaseball.com/Schedule/GameCenter/Main.aspx?gameDate=20260628&gameId=20260628WONC0
2026-06-28,2026,키움,NC,away,2,9,창원,L,completed,20260628WONC0,https://www.koreabaseball.com/Schedule/GameCenter/Main.aspx?gameDate=20260628&gameId=20260628WONC0
2026-06-30,2026,KT,한화,away,,,대전,,not_completed,2026-06-30_KT_한화,https://www.koreabaseball.com/Schedule/Schedule.aspx
2026-06-30,2026,한화,KT,home,,,대전,,not_completed,2026-06-30_KT_한화,https://www.koreabaseball.com/Schedule/Schedule.aspx
2026-06-30,2026,LG,키움,away,0,6,고척,L,completed,20260630LGWO0,https://www.koreabaseball.com/Schedule/GameCenter/Main.aspx?gameDate=20260630&gameId=20260630LGWO0
2026-06-30,2026,키움,LG,home,6,0,고척,W,completed,20260630LGWO0,https://www.koreabaseball.com/Schedule/GameCenter/Main.aspx?gameDate=20260630&gameId=20260630LGWO0
2026-06-30,2026,두산,롯데,home,5,0,잠실,W,completed,20260630LTOB0,https://www.koreabaseball.com/Schedule/GameCenter/Main.aspx?gameDate=20260630&gameId=20260630LTOB0
2026-06-30,2026,롯데,두산,away,0,5,잠실,L,completed,20260630LTOB0,https://www.koreabaseball.com/Schedule/GameCenter/Main.aspx?gameDate=20260630&gameId=20260630LTOB0
2026-06-30,2026,KIA,SSG,home,10,3,광주,W,completed,20260630SKHT0,https://www.koreabaseball.com/Schedule/GameCenter/Main.aspx?gameDate=20260630&gameId=20260630SKHT0
2026-06-30,2026,SSG,KIA,away,3,10,광주,L,completed,20260630SKHT0,https://www.koreabaseball.com/Schedule/GameCenter/Main.aspx?gameDate=20260630&gameId=20260630SKHT0
2026-06-30,2026,NC,삼성,home,7,13,창원,L,completed,20260630SSNC0,https://www.koreabaseball.com/Schedule/GameCenter/Main.aspx?gameDate=20260630&gameId=20260630SSNC0
2026-06-30,2026,삼성,NC,away,13,7,창원,W,completed,20260630SSNC0,https://www.koreabaseball.com/Schedule/GameCenter/Main.aspx?gameDate=20260630&gameId=20260630SSNC0
2026-07-01,2026,KT,한화,away,7,4,대전,W,completed,20260701KTHH0,https://www.koreabaseball.com/Schedule/GameCenter/Main.aspx?gameDate=20260701&gameId=20260701KTHH0
2026-07-01,2026,한화,KT,home,4,7,대전,L,completed,20260701KTHH0,https://www.koreabaseball.com/Schedule/GameCenter/Main.aspx?gameDate=20260701&gameId=20260701KTHH0
2026-07-01,2026,LG,키움,away,10,4,고척,W,completed,20260701LGWO0,https://www.koreabaseball.com/Schedule/GameCenter/Main.aspx?gameDate=20260701&gameId=20260701LGWO0
2026-07-01,2026,키움,LG,home,4,10,고척,L,completed,20260701LGWO0,https://www.koreabaseball.com/Schedule/GameCenter/Main.aspx?gameDate=20260701&gameId=20260701LGWO0
2026-07-01,2026,두산,롯데,home,2,5,잠실,L,completed,20260701LTOB0,https://www.koreabaseball.com/Schedule/GameCenter/Main.aspx?gameDate=20260701&gameId=20260701LTOB0
2026-07-01,2026,롯데,두산,away,5,2,잠실,W,completed,20260701LTOB0,https://www.koreabaseball.com/Schedule/GameCenter/Main.aspx?gameDate=20260701&gameId=20260701LTOB0
2026-07-01,2026,KIA,SSG,home,6,6,광주,D,completed,20260701SKHT0,https://www.koreabaseball.com/Schedule/GameCenter/Main.aspx?gameDate=20260701&gameId=20260701SKHT0
2026-07-01,2026,SSG,KIA,away,6,6,광주,D,completed,20260701SKHT0,https://www.koreabaseball.com/Schedule/GameCenter/Main.aspx?gameDate=20260701&gameId=20260701SKHT0
2026-07-01,2026,NC,삼성,home,10,5,창원,W,completed,20260701SSNC0,https://www.koreabaseball.com/Schedule/GameCenter/Main.aspx?gameDate=20260701&gameId=20260701SSNC0
2026-07-01,2026,삼성,NC,away,5,10,창원,L,completed,20260701SSNC0,https://www.koreabaseball.com/Schedule/GameCenter/Main.aspx?gameDate=20260701&gameId=20260701SSNC0
2026-07-02,2026,KT,한화,away,3,14,대전,L,completed,20260702KTHH0,https://www.koreabaseball.com/Schedule/GameCenter/Main.aspx?gameDate=20260702&gameId=20260702KTHH0
2026-07-02,2026,한화,KT,home,14,3,대전,W,completed,20260702KTHH0,https://www.koreabaseball.com/Schedule/GameCenter/Main.aspx?gameDate=20260702&gameId=20260702KTHH0
2026-07-02,2026,LG,키움,away,7,5,고척,W,completed,20260702LGWO0,https://www.koreabaseball.com/Schedule/GameCenter/Main.aspx?gameDate=20260702&gameId=20260702LGWO0
2026-07-02,2026,키움,LG,home,5,7,고척,L,completed,20260702LGWO0,https://www.koreabaseball.com/Schedule/GameCenter/Main.aspx?gameDate=20260702&gameId=20260702LGWO0
2026-07-02,2026,두산,롯데,home,8,3,잠실,W,completed,20260702LTOB0,https://www.koreabaseball.com/Schedule/GameCenter/Main.aspx?gameDate=20260702&gameId=20260702LTOB0
2026-07-02,2026,롯데,두산,away,3,8,잠실,L,completed,20260702LTOB0,https://www.koreabaseball.com/Schedule/GameCenter/Main.aspx?gameDate=20260702&gameId=20260702LTOB0
2026-07-02,2026,KIA,SSG,home,8,7,광주,W,completed,20260702SKHT0,https://www.koreabaseball.com/Schedule/GameCenter/Main.aspx?gameDate=20260702&gameId=20260702SKHT0
2026-07-02,2026,SSG,KIA,away,7,8,광주,L,completed,20260702SKHT0,https://www.koreabaseball.com/Schedule/GameCenter/Main.aspx?gameDate=20260702&gameId=20260702SKHT0
2026-07-02,2026,NC,삼성,home,1,6,창원,L,completed,20260702SSNC0,https://www.koreabaseball.com/Schedule/GameCenter/Main.aspx?gameDate=20260702&gameId=20260702SSNC0
2026-07-02,2026,삼성,NC,away,6,1,창원,W,completed,20260702SSNC0,https://www.koreabaseball.com/Schedule/GameCenter/Main.aspx?gameDate=20260702&gameId=20260702SSNC0
2026-07-03,2026,LG,한화,home,1,8,잠실,L,completed,20260703HHLG0,https://www.koreabaseball.com/Schedule/GameCenter/Main.aspx?gameDate=20260703&gameId=20260703HHLG0
2026-07-03,2026,한화,LG,away,8,1,잠실,W,completed,20260703HHLG0,https://www.koreabaseball.com/Schedule/GameCenter/Main.aspx?gameDate=20260703&gameId=20260703HHLG0
2026-07-03,2026,KT,롯데,home,0,4,수원,L,completed,20260703LTKT0,https://www.koreabaseball.com/Schedule/GameCenter/Main.aspx?gameDate=20260703&gameId=20260703LTKT0
2026-07-03,2026,롯데,KT,away,4,0,수원,W,completed,20260703LTKT0,https://www.koreabaseball.com/Schedule/GameCenter/Main.aspx?gameDate=20260703&gameId=20260703LTKT0
2026-07-03,2026,KIA,NC,home,3,11,광주,L,completed,20260703NCHT0,https://www.koreabaseball.com/Schedule/GameCenter/Main.aspx?gameDate=20260703&gameId=20260703NCHT0
2026-07-03,2026,NC,KIA,away,11,3,광주,W,completed,20260703NCHT0,https://www.koreabaseball.com/Schedule/GameCenter/Main.aspx?gameDate=20260703&gameId=20260703NCHT0
2026-07-03,2026,두산,키움,away,5,6,고척,L,completed,20260703OBWO0,https://www.koreabaseball.com/Schedule/GameCenter/Main.aspx?gameDate=20260703&gameId=20260703OBWO0
2026-07-03,2026,키움,두산,home,6,5,고척,W,completed,20260703OBWO0,https://www.koreabaseball.com/Schedule/GameCenter/Main.aspx?gameDate=20260703&gameId=20260703OBWO0
2026-07-03,2026,SSG,삼성,home,4,6,문학,L,completed,20260703SSSK0,https://www.koreabaseball.com/Schedule/GameCenter/Main.aspx?gameDate=20260703&gameId=20260703SSSK0
2026-07-03,2026,삼성,SSG,away,6,4,문학,W,completed,20260703SSSK0,https://www.koreabaseball.com/Schedule/GameCenter/Main.aspx?gameDate=20260703&gameId=20260703SSSK0
2026-07-04,2026,LG,한화,home,5,3,잠실,W,completed,20260704HHLG0,https://www.koreabaseball.com/Schedule/GameCenter/Main.aspx?gameDate=20260704&gameId=20260704HHLG0
2026-07-04,2026,한화,LG,away,3,5,잠실,L,completed,20260704HHLG0,https://www.koreabaseball.com/Schedule/GameCenter/Main.aspx?gameDate=20260704&gameId=20260704HHLG0
2026-07-04,2026,KT,롯데,home,1,4,수원,L,completed,20260704LTKT0,https://www.koreabaseball.com/Schedule/GameCenter/Main.aspx?gameDate=20260704&gameId=20260704LTKT0
2026-07-04,2026,롯데,KT,away,4,1,수원,W,completed,20260704LTKT0,https://www.koreabaseball.com/Schedule/GameCenter/Main.aspx?gameDate=20260704&gameId=20260704LTKT0
2026-07-04,2026,KIA,NC,home,4,5,광주,L,completed,20260704NCHT0,https://www.koreabaseball.com/Schedule/GameCenter/Main.aspx?gameDate=20260704&gameId=20260704NCHT0
2026-07-04,2026,NC,KIA,away,5,4,광주,W,completed,20260704NCHT0,https://www.koreabaseball.com/Schedule/GameCenter/Main.aspx?gameDate=20260704&gameId=20260704NCHT0
2026-07-04,2026,두산,키움,away,8,5,고척,W,completed,20260704OBWO0,https://www.koreabaseball.com/Schedule/GameCenter/Main.aspx?gameDate=20260704&gameId=20260704OBWO0
2026-07-04,2026,키움,두산,home,5,8,고척,L,completed,20260704OBWO0,https://www.koreabaseball.com/Schedule/GameCenter/Main.aspx?gameDate=20260704&gameId=20260704OBWO0
2026-07-04,2026,SSG,삼성,home,7,13,문학,L,completed,20260704SSSK0,https://www.koreabaseball.com/Schedule/GameCenter/Main.aspx?gameDate=20260704&gameId=20260704SSSK0
2026-07-04,2026,삼성,SSG,away,13,7,문학,W,completed,20260704SSSK0,https://www.koreabaseball.com/Schedule/GameCenter/Main.aspx?gameDate=20260704&gameId=20260704SSSK0
2026-07-05,2026,KIA,NC,home,,,광주,,not_completed,2026-07-05_KIA_NC,https://www.koreabaseball.com/Schedule/Schedule.aspx
2026-07-05,2026,NC,KIA,away,,,광주,,not_completed,2026-07-05_KIA_NC,https://www.koreabaseball.com/Schedule/Schedule.aspx
2026-07-05,2026,LG,한화,home,,,잠실,,not_completed,2026-07-05_LG_한화,https://www.koreabaseball.com/Schedule/Schedule.aspx
2026-07-05,2026,한화,LG,away,,,잠실,,not_completed,2026-07-05_LG_한화,https://www.koreabaseball.com/Schedule/Schedule.aspx
2026-07-05,2026,KT,롯데,home,4,2,수원,W,completed,20260705LTKT0,https://www.koreabaseball.com/Schedule/GameCenter/Main.aspx?gameDate=20260705&gameId=20260705LTKT0
2026-07-05,2026,롯데,KT,away,2,4,수원,L,completed,20260705LTKT0,https://www.koreabaseball.com/Schedule/GameCenter/Main.aspx?gameDate=20260705&gameId=20260705LTKT0
2026-07-05,2026,두산,키움,away,8,1,고척,W,completed,20260705OBWO0,https://www.koreabaseball.com/Schedule/GameCenter/Main.aspx?gameDate=20260705&gameId=20260705OBWO0
2026-07-05,2026,키움,두산,home,1,8,고척,L,completed,20260705OBWO0,https://www.koreabaseball.com/Schedule/GameCenter/Main.aspx?gameDate=20260705&gameId=20260705OBWO0
2026-07-05,2026,SSG,삼성,home,3,13,문학,L,completed,20260705SSSK0,https://www.koreabaseball.com/Schedule/GameCenter/Main.aspx?gameDate=20260705&gameId=20260705SSSK0
2026-07-05,2026,삼성,SSG,away,13,3,문학,W,completed,20260705SSSK0,https://www.koreabaseball.com/Schedule/GameCenter/Main.aspx?gameDate=20260705&gameId=20260705SSSK0
2026-07-07,2026,KIA,롯데,away,2,10,사직,L,completed,20260707HTLT0,https://www.koreabaseball.com/Schedule/GameCenter/Main.aspx?gameDate=20260707&gameId=20260707HTLT0
2026-07-07,2026,롯데,KIA,home,10,2,사직,W,completed,20260707HTLT0,https://www.koreabaseball.com/Schedule/GameCenter/Main.aspx?gameDate=20260707&gameId=20260707HTLT0
2026-07-07,2026,LG,삼성,away,2,9,대구,L,completed,20260707LGSS0,https://www.koreabaseball.com/Schedule/GameCenter/Main.aspx?gameDate=20260707&gameId=20260707LGSS0
2026-07-07,2026,삼성,LG,home,9,2,대구,W,completed,20260707LGSS0,https://www.koreabaseball.com/Schedule/GameCenter/Main.aspx?gameDate=20260707&gameId=20260707LGSS0
2026-07-07,2026,NC,한화,away,9,6,대전,W,completed,20260707NCHH0,https://www.koreabaseball.com/Schedule/GameCenter/Main.aspx?gameDate=20260707&gameId=20260707NCHH0
2026-07-07,2026,한화,NC,home,6,9,대전,L,completed,20260707NCHH0,https://www.koreabaseball.com/Schedule/GameCenter/Main.aspx?gameDate=20260707&gameId=20260707NCHH0
2026-07-07,2026,SSG,두산,away,4,2,잠실,W,completed,20260707SKOB0,https://www.koreabaseball.com/Schedule/GameCenter/Main.aspx?gameDate=20260707&gameId=20260707SKOB0
2026-07-07,2026,두산,SSG,home,2,4,잠실,L,completed,20260707SKOB0,https://www.koreabaseball.com/Schedule/GameCenter/Main.aspx?gameDate=20260707&gameId=20260707SKOB0
2026-07-07,2026,KT,키움,home,3,0,수원,W,completed,20260707WOKT0,https://www.koreabaseball.com/Schedule/GameCenter/Main.aspx?gameDate=20260707&gameId=20260707WOKT0
2026-07-07,2026,키움,KT,away,0,3,수원,L,completed,20260707WOKT0,https://www.koreabaseball.com/Schedule/GameCenter/Main.aspx?gameDate=20260707&gameId=20260707WOKT0
2026-07-08,2026,NC,한화,away,,,대전,,not_completed,2026-07-08_NC_한화,https://www.koreabaseball.com/Schedule/Schedule.aspx
2026-07-08,2026,한화,NC,home,,,대전,,not_completed,2026-07-08_NC_한화,https://www.koreabaseball.com/Schedule/Schedule.aspx
2026-07-08,2026,KIA,롯데,away,3,11,사직,L,completed,20260708HTLT0,https://www.koreabaseball.com/Schedule/GameCenter/Main.aspx?gameDate=20260708&gameId=20260708HTLT0
2026-07-08,2026,롯데,KIA,home,11,3,사직,W,completed,20260708HTLT0,https://www.koreabaseball.com/Schedule/GameCenter/Main.aspx?gameDate=20260708&gameId=20260708HTLT0
2026-07-08,2026,LG,삼성,away,8,2,대구,W,completed,20260708LGSS0,https://www.koreabaseball.com/Schedule/GameCenter/Main.aspx?gameDate=20260708&gameId=20260708LGSS0
2026-07-08,2026,삼성,LG,home,2,8,대구,L,completed,20260708LGSS0,https://www.koreabaseball.com/Schedule/GameCenter/Main.aspx?gameDate=20260708&gameId=20260708LGSS0
2026-07-08,2026,SSG,두산,away,3,7,잠실,L,completed,20260708SKOB0,https://www.koreabaseball.com/Schedule/GameCenter/Main.aspx?gameDate=20260708&gameId=20260708SKOB0
2026-07-08,2026,두산,SSG,home,7,3,잠실,W,completed,20260708SKOB0,https://www.koreabaseball.com/Schedule/GameCenter/Main.aspx?gameDate=20260708&gameId=20260708SKOB0
2026-07-08,2026,KT,키움,home,7,3,수원,W,completed,20260708WOKT0,https://www.koreabaseball.com/Schedule/GameCenter/Main.aspx?gameDate=20260708&gameId=20260708WOKT0
2026-07-08,2026,키움,KT,away,3,7,수원,L,completed,20260708WOKT0,https://www.koreabaseball.com/Schedule/GameCenter/Main.aspx?gameDate=20260708&gameId=20260708WOKT0
2026-07-09,2026,KT,키움,home,,,수원,,not_completed,2026-07-09_KT_키움,https://www.koreabaseball.com/Schedule/Schedule.aspx
2026-07-09,2026,키움,KT,away,,,수원,,not_completed,2026-07-09_KT_키움,https://www.koreabaseball.com/Schedule/Schedule.aspx
2026-07-09,2026,KIA,롯데,away,5,2,사직,W,completed,20260709HTLT0,https://www.koreabaseball.com/Schedule/GameCenter/Main.aspx?gameDate=20260709&gameId=20260709HTLT0
2026-07-09,2026,롯데,KIA,home,2,5,사직,L,completed,20260709HTLT0,https://www.koreabaseball.com/Schedule/GameCenter/Main.aspx?gameDate=20260709&gameId=20260709HTLT0
2026-07-09,2026,LG,삼성,away,5,6,대구,L,completed,20260709LGSS0,https://www.koreabaseball.com/Schedule/GameCenter/Main.aspx?gameDate=20260709&gameId=20260709LGSS0
2026-07-09,2026,삼성,LG,home,6,5,대구,W,completed,20260709LGSS0,https://www.koreabaseball.com/Schedule/GameCenter/Main.aspx?gameDate=20260709&gameId=20260709LGSS0
2026-07-09,2026,NC,한화,away,4,6,대전,L,completed,20260709NCHH0,https://www.koreabaseball.com/Schedule/GameCenter/Main.aspx?gameDate=20260709&gameId=20260709NCHH0
2026-07-09,2026,한화,NC,home,6,4,대전,W,completed,20260709NCHH0,https://www.koreabaseball.com/Schedule/GameCenter/Main.aspx?gameDate=20260709&gameId=20260709NCHH0
2026-07-09,2026,SSG,두산,away,0,7,잠실,L,completed,20260709SKOB0,https://www.koreabaseball.com/Schedule/GameCenter/Main.aspx?gameDate=20260709&gameId=20260709SKOB0
2026-07-09,2026,두산,SSG,home,7,0,잠실,W,completed,20260709SKOB0,https://www.koreabaseball.com/Schedule/GameCenter/Main.aspx?gameDate=20260709&gameId=20260709SKOB0
2026-07-16,2026,KIA,SSG,away,0,6,문학,L,completed,20260716HTSK0,https://www.koreabaseball.com/Schedule/GameCenter/Main.aspx?gameDate=20260716&gameId=20260716HTSK0
2026-07-16,2026,SSG,KIA,home,6,0,문학,W,completed,20260716HTSK0,https://www.koreabaseball.com/Schedule/GameCenter/Main.aspx?gameDate=20260716&gameId=20260716HTSK0
2026-07-16,2026,KT,LG,away,4,3,잠실,W,completed,20260716KTLG0,https://www.koreabaseball.com/Schedule/GameCenter/Main.aspx?gameDate=20260716&gameId=20260716KTLG0
2026-07-16,2026,LG,KT,home,3,4,잠실,L,completed,20260716KTLG0,https://www.koreabaseball.com/Schedule/GameCenter/Main.aspx?gameDate=20260716&gameId=20260716KTLG0
2026-07-16,2026,롯데,삼성,away,1,4,대구,L,completed,20260716LTSS0,https://www.koreabaseball.com/Schedule/GameCenter/Main.aspx?gameDate=20260716&gameId=20260716LTSS0
2026-07-16,2026,삼성,롯데,home,4,1,대구,W,completed,20260716LTSS0,https://www.koreabaseball.com/Schedule/GameCenter/Main.aspx?gameDate=20260716&gameId=20260716LTSS0
2026-07-16,2026,NC,두산,home,4,2,창원,W,completed,20260716OBNC0,https://www.koreabaseball.com/Schedule/GameCenter/Main.aspx?gameDate=20260716&gameId=20260716OBNC0
2026-07-16,2026,두산,NC,away,2,4,창원,L,completed,20260716OBNC0,https://www.koreabaseball.com/Schedule/GameCenter/Main.aspx?gameDate=20260716&gameId=20260716OBNC0
2026-07-16,2026,키움,한화,away,14,5,대전,W,completed,20260716WOHH0,https://www.koreabaseball.com/Schedule/GameCenter/Main.aspx?gameDate=20260716&gameId=20260716WOHH0
2026-07-16,2026,한화,키움,home,5,14,대전,L,completed,20260716WOHH0,https://www.koreabaseball.com/Schedule/GameCenter/Main.aspx?gameDate=20260716&gameId=20260716WOHH0
2026-07-17,2026,롯데,삼성,away,,,대구,,not_completed,2026-07-17_롯데_삼성,https://www.koreabaseball.com/Schedule/Schedule.aspx
2026-07-17,2026,삼성,롯데,home,,,대구,,not_completed,2026-07-17_롯데_삼성,https://www.koreabaseball.com/Schedule/Schedule.aspx
2026-07-17,2026,KIA,SSG,away,6,3,문학,W,completed,20260717HTSK0,https://www.koreabaseball.com/Schedule/GameCenter/Main.aspx?gameDate=20260717&gameId=20260717HTSK0
2026-07-17,2026,SSG,KIA,home,3,6,문학,L,completed,20260717HTSK0,https://www.koreabaseball.com/Schedule/GameCenter/Main.aspx?gameDate=20260717&gameId=20260717HTSK0
2026-07-17,2026,KT,LG,away,6,1,잠실,W,completed,20260717KTLG0,https://www.koreabaseball.com/Schedule/GameCenter/Main.aspx?gameDate=20260717&gameId=20260717KTLG0
2026-07-17,2026,LG,KT,home,1,6,잠실,L,completed,20260717KTLG0,https://www.koreabaseball.com/Schedule/GameCenter/Main.aspx?gameDate=20260717&gameId=20260717KTLG0
2026-07-17,2026,NC,두산,home,2,4,창원,L,completed,20260717OBNC0,https://www.koreabaseball.com/Schedule/GameCenter/Main.aspx?gameDate=20260717&gameId=20260717OBNC0
2026-07-17,2026,두산,NC,away,4,2,창원,W,completed,20260717OBNC0,https://www.koreabaseball.com/Schedule/GameCenter/Main.aspx?gameDate=20260717&gameId=20260717OBNC0
2026-07-17,2026,키움,한화,away,7,6,대전,W,completed,20260717WOHH0,https://www.koreabaseball.com/Schedule/GameCenter/Main.aspx?gameDate=20260717&gameId=20260717WOHH0
2026-07-17,2026,한화,키움,home,6,7,대전,L,completed,20260717WOHH0,https://www.koreabaseball.com/Schedule/GameCenter/Main.aspx?gameDate=20260717&gameId=20260717WOHH0
2026-07-18,2026,KIA,SSG,away,12,2,문학,W,completed,20260718HTSK0,https://www.koreabaseball.com/Schedule/GameCenter/Main.aspx?gameDate=20260718&gameId=20260718HTSK0
2026-07-18,2026,SSG,KIA,home,2,12,문학,L,completed,20260718HTSK0,https://www.koreabaseball.com/Schedule/GameCenter/Main.aspx?gameDate=20260718&gameId=20260718HTSK0
2026-07-18,2026,KT,LG,away,8,2,잠실,W,completed,20260718KTLG0,https://www.koreabaseball.com/Schedule/GameCenter/Main.aspx?gameDate=20260718&gameId=20260718KTLG0
2026-07-18,2026,LG,KT,home,2,8,잠실,L,completed,20260718KTLG0,https://www.koreabaseball.com/Schedule/GameCenter/Main.aspx?gameDate=20260718&gameId=20260718KTLG0
2026-07-18,2026,롯데,삼성,away,0,5,대구,L,completed,20260718LTSS0,https://www.koreabaseball.com/Schedule/GameCenter/Main.aspx?gameDate=20260718&gameId=20260718LTSS0
2026-07-18,2026,삼성,롯데,home,5,0,대구,W,completed,20260718LTSS0,https://www.koreabaseball.com/Schedule/GameCenter/Main.aspx?gameDate=20260718&gameId=20260718LTSS0
2026-07-18,2026,NC,두산,home,9,12,창원,L,completed,20260718OBNC0,https://www.koreabaseball.com/Schedule/GameCenter/Main.aspx?gameDate=20260718&gameId=20260718OBNC0
2026-07-18,2026,두산,NC,away,12,9,창원,W,completed,20260718OBNC0,https://www.koreabaseball.com/Schedule/GameCenter/Main.aspx?gameDate=20260718&gameId=20260718OBNC0
2026-07-18,2026,키움,한화,away,4,2,대전,W,completed,20260718WOHH0,https://www.koreabaseball.com/Schedule/GameCenter/Main.aspx?gameDate=20260718&gameId=20260718WOHH0
2026-07-18,2026,한화,키움,home,2,4,대전,L,completed,20260718WOHH0,https://www.koreabaseball.com/Schedule/GameCenter/Main.aspx?gameDate=20260718&gameId=20260718WOHH0
2026-07-19,2026,KIA,SSG,away,9,5,문학,W,completed,20260719HTSK0,https://www.koreabaseball.com/Schedule/GameCenter/Main.aspx?gameDate=20260719&gameId=20260719HTSK0
2026-07-19,2026,SSG,KIA,home,5,9,문학,L,completed,20260719HTSK0,https://www.koreabaseball.com/Schedule/GameCenter/Main.aspx?gameDate=20260719&gameId=20260719HTSK0
2026-07-19,2026,KT,LG,away,4,1,잠실,W,completed,20260719KTLG0,https://www.koreabaseball.com/Schedule/GameCenter/Main.aspx?gameDate=20260719&gameId=20260719KTLG0
2026-07-19,2026,LG,KT,home,1,4,잠실,L,completed,20260719KTLG0,https://www.koreabaseball.com/Schedule/GameCenter/Main.aspx?gameDate=20260719&gameId=20260719KTLG0
2026-07-19,2026,롯데,삼성,away,11,8,대구,W,completed,20260719LTSS0,https://www.koreabaseball.com/Schedule/GameCenter/Main.aspx?gameDate=20260719&gameId=20260719LTSS0
2026-07-19,2026,삼성,롯데,home,8,11,대구,L,completed,20260719LTSS0,https://www.koreabaseball.com/Schedule/GameCenter/Main.aspx?gameDate=20260719&gameId=20260719LTSS0
2026-07-19,2026,NC,두산,home,3,10,창원,L,completed,20260719OBNC0,https://www.koreabaseball.com/Schedule/GameCenter/Main.aspx?gameDate=20260719&gameId=20260719OBNC0
2026-07-19,2026,두산,NC,away,10,3,창원,W,completed,20260719OBNC0,https://www.koreabaseball.com/Schedule/GameCenter/Main.aspx?gameDate=20260719&gameId=20260719OBNC0
2026-07-19,2026,키움,한화,away,9,9,대전,D,completed,20260719WOHH0,https://www.koreabaseball.com/Schedule/GameCenter/Main.aspx?gameDate=20260719&gameId=20260719WOHH0
2026-07-19,2026,한화,키움,home,9,9,대전,D,completed,20260719WOHH0,https://www.koreabaseball.com/Schedule/GameCenter/Main.aspx?gameDate=20260719&gameId=20260719WOHH0
2026-07-21,2026,KIA,한화,home,7,3,광주,W,completed,20260721HHHT0,https://www.koreabaseball.com/Schedule/GameCenter/Main.aspx?gameDate=20260721&gameId=20260721HHHT0
2026-07-21,2026,한화,KIA,away,3,7,광주,L,completed,20260721HHHT0,https://www.koreabaseball.com/Schedule/GameCenter/Main.aspx?gameDate=20260721&gameId=20260721HHHT0
2026-07-21,2026,LG,NC,home,5,7,잠실,L,completed,20260721NCLG0,https://www.koreabaseball.com/Schedule/GameCenter/Main.aspx?gameDate=20260721&gameId=20260721NCLG0
2026-07-21,2026,NC,LG,away,7,5,잠실,W,completed,20260721NCLG0,https://www.koreabaseball.com/Schedule/GameCenter/Main.aspx?gameDate=20260721&gameId=20260721NCLG0
2026-07-21,2026,KT,두산,home,2,2,수원,D,completed,20260721OBKT0,https://www.koreabaseball.com/Schedule/GameCenter/Main.aspx?gameDate=20260721&gameId=20260721OBKT0
2026-07-21,2026,두산,KT,away,2,2,수원,D,completed,20260721OBKT0,https://www.koreabaseball.com/Schedule/GameCenter/Main.aspx?gameDate=20260721&gameId=20260721OBKT0
2026-07-21,2026,SSG,롯데,away,2,6,사직,L,completed,20260721SKLT0,https://www.koreabaseball.com/Schedule/GameCenter/Main.aspx?gameDate=20260721&gameId=20260721SKLT0
2026-07-21,2026,롯데,SSG,home,6,2,사직,W,completed,20260721SKLT0,https://www.koreabaseball.com/Schedule/GameCenter/Main.aspx?gameDate=20260721&gameId=20260721SKLT0
2026-07-21,2026,삼성,키움,away,8,6,고척,W,completed,20260721SSWO0,https://www.koreabaseball.com/Schedule/GameCenter/Main.aspx?gameDate=20260721&gameId=20260721SSWO0
2026-07-21,2026,키움,삼성,home,6,8,고척,L,completed,20260721SSWO0,https://www.koreabaseball.com/Schedule/GameCenter/Main.aspx?gameDate=20260721&gameId=20260721SSWO0
2026-07-22,2026,KT,두산,home,,,수원,,not_completed,2026-07-22_KT_두산,https://www.koreabaseball.com/Schedule/Schedule.aspx
2026-07-22,2026,두산,KT,away,,,수원,,not_completed,2026-07-22_KT_두산,https://www.koreabaseball.com/Schedule/Schedule.aspx
2026-07-22,2026,LG,NC,home,,,잠실,,not_completed,2026-07-22_LG_NC,https://www.koreabaseball.com/Schedule/Schedule.aspx
2026-07-22,2026,NC,LG,away,,,잠실,,not_completed,2026-07-22_LG_NC,https://www.koreabaseball.com/Schedule/Schedule.aspx
2026-07-22,2026,KIA,한화,home,3,7,광주,L,completed,20260722HHHT0,https://www.koreabaseball.com/Schedule/GameCenter/Main.aspx?gameDate=20260722&gameId=20260722HHHT0
2026-07-22,2026,한화,KIA,away,7,3,광주,W,completed,20260722HHHT0,https://www.koreabaseball.com/Schedule/GameCenter/Main.aspx?gameDate=20260722&gameId=20260722HHHT0
2026-07-22,2026,SSG,롯데,away,7,3,사직,W,completed,20260722SKLT0,https://www.koreabaseball.com/Schedule/GameCenter/Main.aspx?gameDate=20260722&gameId=20260722SKLT0
2026-07-22,2026,롯데,SSG,home,3,7,사직,L,completed,20260722SKLT0,https://www.koreabaseball.com/Schedule/GameCenter/Main.aspx?gameDate=20260722&gameId=20260722SKLT0
2026-07-22,2026,삼성,키움,away,1,3,고척,L,completed,20260722SSWO0,https://www.koreabaseball.com/Schedule/GameCenter/Main.aspx?gameDate=20260722&gameId=20260722SSWO0
2026-07-22,2026,키움,삼성,home,3,1,고척,W,completed,20260722SSWO0,https://www.koreabaseball.com/Schedule/GameCenter/Main.aspx?gameDate=20260722&gameId=20260722SSWO0
2026-07-23,2026,KT,두산,home,,,수원,,not_completed,2026-07-23_KT_두산,https://www.koreabaseball.com/Schedule/Schedule.aspx
2026-07-23,2026,두산,KT,away,,,수원,,not_completed,2026-07-23_KT_두산,https://www.koreabaseball.com/Schedule/Schedule.aspx
2026-07-23,2026,KIA,한화,home,3,9,광주,L,completed,20260723HHHT0,https://www.koreabaseball.com/Schedule/GameCenter/Main.aspx?gameDate=20260723&gameId=20260723HHHT0
2026-07-23,2026,한화,KIA,away,9,3,광주,W,completed,20260723HHHT0,https://www.koreabaseball.com/Schedule/GameCenter/Main.aspx?gameDate=20260723&gameId=20260723HHHT0
2026-07-23,2026,LG,NC,home,5,7,잠실,L,completed,20260723NCLG0,https://www.koreabaseball.com/Schedule/GameCenter/Main.aspx?gameDate=20260723&gameId=20260723NCLG0
2026-07-23,2026,NC,LG,away,7,5,잠실,W,completed,20260723NCLG0,https://www.koreabaseball.com/Schedule/GameCenter/Main.aspx?gameDate=20260723&gameId=20260723NCLG0
2026-07-23,2026,SSG,롯데,away,5,2,사직,W,completed,20260723SKLT0,https://www.koreabaseball.com/Schedule/GameCenter/Main.aspx?gameDate=20260723&gameId=20260723SKLT0
2026-07-23,2026,롯데,SSG,home,2,5,사직,L,completed,20260723SKLT0,https://www.koreabaseball.com/Schedule/GameCenter/Main.aspx?gameDate=20260723&gameId=20260723SKLT0
2026-07-23,2026,삼성,키움,away,3,1,고척,W,completed,20260723SSWO0,https://www.koreabaseball.com/Schedule/GameCenter/Main.aspx?gameDate=20260723&gameId=20260723SSWO0
2026-07-23,2026,키움,삼성,home,1,3,고척,L,completed,20260723SSWO0,https://www.koreabaseball.com/Schedule/GameCenter/Main.aspx?gameDate=20260723&gameId=20260723SSWO0
2026-07-24,2026,KT,롯데,away,5,4,사직,W,completed,20260724KTLT0,https://www.koreabaseball.com/Schedule/GameCenter/Main.aspx?gameDate=20260724&gameId=20260724KTLT0
2026-07-24,2026,롯데,KT,home,4,5,사직,L,completed,20260724KTLT0,https://www.koreabaseball.com/Schedule/GameCenter/Main.aspx?gameDate=20260724&gameId=20260724KTLT0
2026-07-24,2026,LG,한화,away,4,8,대전,L,completed,20260724LGHH0,https://www.koreabaseball.com/Schedule/GameCenter/Main.aspx?gameDate=20260724&gameId=20260724LGHH0
2026-07-24,2026,한화,LG,home,8,4,대전,W,completed,20260724LGHH0,https://www.koreabaseball.com/Schedule/GameCenter/Main.aspx?gameDate=20260724&gameId=20260724LGHH0
2026-07-24,2026,NC,SSG,away,3,7,문학,L,completed,20260724NCSK0,https://www.koreabaseball.com/Schedule/GameCenter/Main.aspx?gameDate=20260724&gameId=20260724NCSK0
2026-07-24,2026,SSG,NC,home,7,3,문학,W,completed,20260724NCSK0,https://www.koreabaseball.com/Schedule/GameCenter/Main.aspx?gameDate=20260724&gameId=20260724NCSK0
2026-07-24,2026,두산,삼성,home,4,15,잠실,L,completed,20260724SSOB0,https://www.koreabaseball.com/Schedule/GameCenter/Main.aspx?gameDate=20260724&gameId=20260724SSOB0
2026-07-24,2026,삼성,두산,away,15,4,잠실,W,completed,20260724SSOB0,https://www.koreabaseball.com/Schedule/GameCenter/Main.aspx?gameDate=20260724&gameId=20260724SSOB0
2026-07-24,2026,KIA,키움,home,5,8,광주,L,completed,20260724WOHT0,https://www.koreabaseball.com/Schedule/GameCenter/Main.aspx?gameDate=20260724&gameId=20260724WOHT0
2026-07-24,2026,키움,KIA,away,8,5,광주,W,completed,20260724WOHT0,https://www.koreabaseball.com/Schedule/GameCenter/Main.aspx?gameDate=20260724&gameId=20260724WOHT0
2026-07-25,2026,KT,롯데,away,6,1,사직,W,completed,20260725KTLT0,https://www.koreabaseball.com/Schedule/GameCenter/Main.aspx?gameDate=20260725&gameId=20260725KTLT0
2026-07-25,2026,롯데,KT,home,1,6,사직,L,completed,20260725KTLT0,https://www.koreabaseball.com/Schedule/GameCenter/Main.aspx?gameDate=20260725&gameId=20260725KTLT0
2026-07-25,2026,LG,한화,away,15,11,대전,W,completed,20260725LGHH0,https://www.koreabaseball.com/Schedule/GameCenter/Main.aspx?gameDate=20260725&gameId=20260725LGHH0
2026-07-25,2026,한화,LG,home,11,15,대전,L,completed,20260725LGHH0,https://www.koreabaseball.com/Schedule/GameCenter/Main.aspx?gameDate=20260725&gameId=20260725LGHH0
2026-07-25,2026,NC,SSG,away,4,10,문학,L,completed,20260725NCSK0,https://www.koreabaseball.com/Schedule/GameCenter/Main.aspx?gameDate=20260725&gameId=20260725NCSK0
2026-07-25,2026,SSG,NC,home,10,4,문학,W,completed,20260725NCSK0,https://www.koreabaseball.com/Schedule/GameCenter/Main.aspx?gameDate=20260725&gameId=20260725NCSK0
2026-07-25,2026,두산,삼성,home,1,4,잠실,L,completed,20260725SSOB0,https://www.koreabaseball.com/Schedule/GameCenter/Main.aspx?gameDate=20260725&gameId=20260725SSOB0
2026-07-25,2026,삼성,두산,away,4,1,잠실,W,completed,20260725SSOB0,https://www.koreabaseball.com/Schedule/GameCenter/Main.aspx?gameDate=20260725&gameId=20260725SSOB0
2026-07-25,2026,KIA,키움,home,9,5,광주,W,completed,20260725WOHT0,https://www.koreabaseball.com/Schedule/GameCenter/Main.aspx?gameDate=20260725&gameId=20260725WOHT0
2026-07-25,2026,키움,KIA,away,5,9,광주,L,completed,20260725WOHT0,https://www.koreabaseball.com/Schedule/GameCenter/Main.aspx?gameDate=20260725&gameId=20260725WOHT0
2026-07-26,2026,KT,롯데,away,1,15,사직,L,completed,20260726KTLT0,https://www.koreabaseball.com/Schedule/GameCenter/Main.aspx?gameDate=20260726&gameId=20260726KTLT0
2026-07-26,2026,롯데,KT,home,15,1,사직,W,completed,20260726KTLT0,https://www.koreabaseball.com/Schedule/GameCenter/Main.aspx?gameDate=20260726&gameId=20260726KTLT0
2026-07-26,2026,LG,한화,away,4,14,대전,L,completed,20260726LGHH0,https://www.koreabaseball.com/Schedule/GameCenter/Main.aspx?gameDate=20260726&gameId=20260726LGHH0
2026-07-26,2026,한화,LG,home,14,4,대전,W,completed,20260726LGHH0,https://www.koreabaseball.com/Schedule/GameCenter/Main.aspx?gameDate=20260726&gameId=20260726LGHH0
2026-07-26,2026,NC,SSG,away,5,5,문학,D,completed,20260726NCSK0,https://www.koreabaseball.com/Schedule/GameCenter/Main.aspx?gameDate=20260726&gameId=20260726NCSK0
2026-07-26,2026,SSG,NC,home,5,5,문학,D,completed,20260726NCSK0,https://www.koreabaseball.com/Schedule/GameCenter/Main.aspx?gameDate=20260726&gameId=20260726NCSK0
2026-07-26,2026,두산,삼성,home,7,0,잠실,W,completed,20260726SSOB0,https://www.koreabaseball.com/Schedule/GameCenter/Main.aspx?gameDate=20260726&gameId=20260726SSOB0
2026-07-26,2026,삼성,두산,away,0,7,잠실,L,completed,20260726SSOB0,https://www.koreabaseball.com/Schedule/GameCenter/Main.aspx?gameDate=20260726&gameId=20260726SSOB0
2026-07-26,2026,KIA,키움,home,3,8,광주,L,completed,20260726WOHT0,https://www.koreabaseball.com/Schedule/GameCenter/Main.aspx?gameDate=20260726&gameId=20260726WOHT0
2026-07-26,2026,키움,KIA,away,8,3,광주,W,completed,20260726WOHT0,https://www.koreabaseball.com/Schedule/GameCenter/Main.aspx?gameDate=20260726&gameId=20260726WOHT0
2026-07-28,2026,KIA,삼성,away,5,12,대구,L,completed,20260728HTSS0,https://www.koreabaseball.com/Schedule/GameCenter/Main.aspx?gameDate=20260728&gameId=20260728HTSS0
2026-07-28,2026,삼성,KIA,home,12,5,대구,W,completed,20260728HTSS0,https://www.koreabaseball.com/Schedule/GameCenter/Main.aspx?gameDate=20260728&gameId=20260728HTSS0
2026-07-28,2026,KT,NC,away,10,0,창원,W,completed,20260728KTNC0,https://www.koreabaseball.com/Schedule/GameCenter/Main.aspx?gameDate=20260728&gameId=20260728KTNC0
2026-07-28,2026,NC,KT,home,0,10,창원,L,completed,20260728KTNC0,https://www.koreabaseball.com/Schedule/GameCenter/Main.aspx?gameDate=20260728&gameId=20260728KTNC0
2026-07-28,2026,롯데,한화,away,9,3,대전,W,completed,20260728LTHH0,https://www.koreabaseball.com/Schedule/GameCenter/Main.aspx?gameDate=20260728&gameId=20260728LTHH0
2026-07-28,2026,한화,롯데,home,3,9,대전,L,completed,20260728LTHH0,https://www.koreabaseball.com/Schedule/GameCenter/Main.aspx?gameDate=20260728&gameId=20260728LTHH0
2026-07-28,2026,SSG,두산,home,1,2,문학,L,completed,20260728OBSK0,https://www.koreabaseball.com/Schedule/GameCenter/Main.aspx?gameDate=20260728&gameId=20260728OBSK0
2026-07-28,2026,두산,SSG,away,2,1,문학,W,completed,20260728OBSK0,https://www.koreabaseball.com/Schedule/GameCenter/Main.aspx?gameDate=20260728&gameId=20260728OBSK0
2026-07-28,2026,LG,키움,home,5,3,잠실,W,completed,20260728WOLG0,https://www.koreabaseball.com/Schedule/GameCenter/Main.aspx?gameDate=20260728&gameId=20260728WOLG0
2026-07-28,2026,키움,LG,away,3,5,잠실,L,completed,20260728WOLG0,https://www.koreabaseball.com/Schedule/GameCenter/Main.aspx?gameDate=20260728&gameId=20260728WOLG0
2026-07-29,2026,KIA,삼성,away,9,4,대구,W,completed,20260729HTSS0,https://www.koreabaseball.com/Schedule/GameCenter/Main.aspx?gameDate=20260729&gameId=20260729HTSS0
2026-07-29,2026,삼성,KIA,home,4,9,대구,L,completed,20260729HTSS0,https://www.koreabaseball.com/Schedule/GameCenter/Main.aspx?gameDate=20260729&gameId=20260729HTSS0
2026-07-29,2026,KT,NC,away,10,3,창원,W,completed,20260729KTNC0,https://www.koreabaseball.com/Schedule/GameCenter/Main.aspx?gameDate=20260729&gameId=20260729KTNC0
2026-07-29,2026,NC,KT,home,3,10,창원,L,completed,20260729KTNC0,https://www.koreabaseball.com/Schedule/GameCenter/Main.aspx?gameDate=20260729&gameId=20260729KTNC0
2026-07-29,2026,롯데,한화,away,3,5,대전,L,completed,20260729LTHH0,https://www.koreabaseball.com/Schedule/GameCenter/Main.aspx?gameDate=20260729&gameId=20260729LTHH0
2026-07-29,2026,한화,롯데,home,5,3,대전,W,completed,20260729LTHH0,https://www.koreabaseball.com/Schedule/GameCenter/Main.aspx?gameDate=20260729&gameId=20260729LTHH0
2026-07-29,2026,SSG,두산,home,6,2,문학,W,completed,20260729OBSK0,https://www.koreabaseball.com/Schedule/GameCenter/Main.aspx?gameDate=20260729&gameId=20260729OBSK0
2026-07-29,2026,두산,SSG,away,2,6,문학,L,completed,20260729OBSK0,https://www.koreabaseball.com/Schedule/GameCenter/Main.aspx?gameDate=20260729&gameId=20260729OBSK0
2026-07-29,2026,LG,키움,home,11,18,잠실,L,completed,20260729WOLG0,https://www.koreabaseball.com/Schedule/GameCenter/Main.aspx?gameDate=20260729&gameId=20260729WOLG0
2026-07-29,2026,키움,LG,away,18,11,잠실,W,completed,20260729WOLG0,https://www.koreabaseball.com/Schedule/GameCenter/Main.aspx?gameDate=20260729&gameId=20260729WOLG0
2026-07-30,2026,KIA,삼성,away,12,3,대구,W,completed,20260730HTSS0,https://www.koreabaseball.com/Schedule/GameCenter/Main.aspx?gameDate=20260730&gameId=20260730HTSS0
2026-07-30,2026,삼성,KIA,home,3,12,대구,L,completed,20260730HTSS0,https://www.koreabaseball.com/Schedule/GameCenter/Main.aspx?gameDate=20260730&gameId=20260730HTSS0
2026-07-30,2026,KT,NC,away,10,2,창원,W,completed,20260730KTNC0,https://www.koreabaseball.com/Schedule/GameCenter/Main.aspx?gameDate=20260730&gameId=20260730KTNC0
2026-07-30,2026,NC,KT,home,2,10,창원,L,completed,20260730KTNC0,https://www.koreabaseball.com/Schedule/GameCenter/Main.aspx?gameDate=20260730&gameId=20260730KTNC0
2026-07-30,2026,롯데,한화,away,2,3,대전,L,completed,20260730LTHH0,https://www.koreabaseball.com/Schedule/GameCenter/Main.aspx?gameDate=20260730&gameId=20260730LTHH0
2026-07-30,2026,한화,롯데,home,3,2,대전,W,completed,20260730LTHH0,https://www.koreabaseball.com/Schedule/GameCenter/Main.aspx?gameDate=20260730&gameId=20260730LTHH0
2026-07-30,2026,SSG,두산,home,3,5,문학,L,completed,20260730OBSK0,https://www.koreabaseball.com/Schedule/GameCenter/Main.aspx?gameDate=20260730&gameId=20260730OBSK0
2026-07-30,2026,두산,SSG,away,5,3,문학,W,completed,20260730OBSK0,https://www.koreabaseball.com/Schedule/GameCenter/Main.aspx?gameDate=20260730&gameId=20260730OBSK0
2026-07-30,2026,LG,키움,home,5,3,잠실,W,completed,20260730WOLG0,https://www.koreabaseball.com/Schedule/GameCenter/Main.aspx?gameDate=20260730&gameId=20260730WOLG0
2026-07-30,2026,키움,LG,away,3,5,잠실,L,completed,20260730WOLG0,https://www.koreabaseball.com/Schedule/GameCenter/Main.aspx?gameDate=20260730&gameId=20260730WOLG0
2026-07-31,2026,KT,한화,home,5,3,수원,W,completed,20260731HHKT0,https://www.koreabaseball.com/Schedule/GameCenter/Main.aspx?gameDate=20260731&gameId=20260731HHKT0
2026-07-31,2026,한화,KT,away,3,5,수원,L,completed,20260731HHKT0,https://www.koreabaseball.com/Schedule/GameCenter/Main.aspx?gameDate=20260731&gameId=20260731HHKT0
2026-07-31,2026,KIA,NC,away,4,10,창원,L,completed,20260731HTNC0,https://www.koreabaseball.com/Schedule/GameCenter/Main.aspx?gameDate=20260731&gameId=20260731HTNC0
2026-07-31,2026,NC,KIA,home,10,4,창원,W,completed,20260731HTNC0,https://www.koreabaseball.com/Schedule/GameCenter/Main.aspx?gameDate=20260731&gameId=20260731HTNC0
2026-07-31,2026,LG,두산,away,2,4,잠실,L,completed,20260731LGOB0,https://www.koreabaseball.com/Schedule/GameCenter/Main.aspx?gameDate=20260731&gameId=20260731LGOB0
2026-07-31,2026,두산,LG,home,4,2,잠실,W,completed,20260731LGOB0,https://www.koreabaseball.com/Schedule/GameCenter/Main.aspx?gameDate=20260731&gameId=20260731LGOB0
2026-07-31,2026,SSG,키움,away,7,12,고척,L,completed,20260731SKWO0,https://www.koreabaseball.com/Schedule/GameCenter/Main.aspx?gameDate=20260731&gameId=20260731SKWO0
2026-07-31,2026,키움,SSG,home,12,7,고척,W,completed,20260731SKWO0,https://www.koreabaseball.com/Schedule/GameCenter/Main.aspx?gameDate=20260731&gameId=20260731SKWO0
2026-07-31,2026,롯데,삼성,home,7,9,사직,L,completed,20260731SSLT0,https://www.koreabaseball.com/Schedule/GameCenter/Main.aspx?gameDate=20260731&gameId=20260731SSLT0
2026-07-31,2026,삼성,롯데,away,9,7,사직,W,completed,20260731SSLT0,https://www.koreabaseball.com/Schedule/GameCenter/Main.aspx?gameDate=20260731&gameId=20260731SSLT0
2026-08-01,2026,KIA,NC,away,,,창원,,not_completed,2026-08-01_KIA_NC,https://www.koreabaseball.com/Schedule/Schedule.aspx
2026-08-01,2026,NC,KIA,home,,,창원,,not_completed,2026-08-01_KIA_NC,https://www.koreabaseball.com/Schedule/Schedule.aspx
2026-08-01,2026,롯데,삼성,home,,,사직,,not_completed,2026-08-01_롯데_삼성,https://www.koreabaseball.com/Schedule/Schedule.aspx
2026-08-01,2026,삼성,롯데,away,,,사직,,not_completed,2026-08-01_롯데_삼성,https://www.koreabaseball.com/Schedule/Schedule.aspx
2026-08-01,2026,KT,한화,home,7,4,수원,W,completed,20260801HHKT0,https://www.koreabaseball.com/Schedule/GameCenter/Main.aspx?gameDate=20260801&gameId=20260801HHKT0
2026-08-01,2026,한화,KT,away,4,7,수원,L,completed,20260801HHKT0,https://www.koreabaseball.com/Schedule/GameCenter/Main.aspx?gameDate=20260801&gameId=20260801HHKT0
2026-08-01,2026,LG,두산,away,2,2,잠실,D,completed,20260801LGOB0,https://www.koreabaseball.com/Schedule/GameCenter/Main.aspx?gameDate=20260801&gameId=20260801LGOB0
2026-08-01,2026,두산,LG,home,2,2,잠실,D,completed,20260801LGOB0,https://www.koreabaseball.com/Schedule/GameCenter/Main.aspx?gameDate=20260801&gameId=20260801LGOB0
2026-08-01,2026,SSG,키움,away,10,2,고척,W,completed,20260801SKWO0,https://www.koreabaseball.com/Schedule/GameCenter/Main.aspx?gameDate=20260801&gameId=20260801SKWO0
2026-08-01,2026,키움,SSG,home,2,10,고척,L,completed,20260801SKWO0,https://www.koreabaseball.com/Schedule/GameCenter/Main.aspx?gameDate=20260801&gameId=20260801SKWO0
2026-08-02,2026,KIA,NC,away,,,창원,,not_completed,2026-08-02_KIA_NC,https://www.koreabaseball.com/Schedule/Schedule.aspx
2026-08-02,2026,NC,KIA,home,,,창원,,not_completed,2026-08-02_KIA_NC,https://www.koreabaseball.com/Schedule/Schedule.aspx
2026-08-02,2026,KT,한화,home,12,1,수원,W,completed,20260802HHKT0,https://www.koreabaseball.com/Schedule/GameCenter/Main.aspx?gameDate=20260802&gameId=20260802HHKT0
2026-08-02,2026,한화,KT,away,1,12,수원,L,completed,20260802HHKT0,https://www.koreabaseball.com/Schedule/GameCenter/Main.aspx?gameDate=20260802&gameId=20260802HHKT0
2026-08-02,2026,LG,두산,away,3,8,잠실,L,completed,20260802LGOB0,https://www.koreabaseball.com/Schedule/GameCenter/Main.aspx?gameDate=20260802&gameId=20260802LGOB0
2026-08-02,2026,두산,LG,home,8,3,잠실,W,completed,20260802LGOB0,https://www.koreabaseball.com/Schedule/GameCenter/Main.aspx?gameDate=20260802&gameId=20260802LGOB0
2026-08-02,2026,SSG,키움,away,3,5,고척,L,completed,20260802SKWO0,https://www.koreabaseball.com/Schedule/GameCenter/Main.aspx?gameDate=20260802&gameId=20260802SKWO0
2026-08-02,2026,키움,SSG,home,5,3,고척,W,completed,20260802SKWO0,https://www.koreabaseball.com/Schedule/GameCenter/Main.aspx?gameDate=20260802&gameId=20260802SKWO0
2026-08-02,2026,롯데,삼성,home,10,7,사직,W,completed,20260802SSLT0,https://www.koreabaseball.com/Schedule/GameCenter/Main.aspx?gameDate=20260802&gameId=20260802SSLT0
2026-08-02,2026,삼성,롯데,away,7,10,사직,L,completed,20260802SSLT0,https://www.koreabaseball.com/Schedule/GameCenter/Main.aspx?gameDate=20260802&gameId=20260802SSLT0
2026-08-04,2026,KIA,KT,home,,,광주,,not_completed,2026-08-04_KIA_KT,https://www.koreabaseball.com/Schedule/Schedule.aspx
2026-08-04,2026,KT,KIA,away,,,광주,,not_completed,2026-08-04_KIA_KT,https://www.koreabaseball.com/Schedule/Schedule.aspx
2026-08-04,2026,NC,두산,away,,,잠실,,not_completed,2026-08-04_NC_두산,https://www.koreabaseball.com/Schedule/Schedule.aspx
2026-08-04,2026,두산,NC,home,,,잠실,,not_completed,2026-08-04_NC_두산,https://www.koreabaseball.com/Schedule/Schedule.aspx
2026-08-04,2026,삼성,한화,home,1,4,대구,L,completed,20260804HHSS0,https://www.koreabaseball.com/Schedule/GameCenter/Main.aspx?gameDate=20260804&gameId=20260804HHSS0
2026-08-04,2026,한화,삼성,away,4,1,대구,W,completed,20260804HHSS0,https://www.koreabaseball.com/Schedule/GameCenter/Main.aspx?gameDate=20260804&gameId=20260804HHSS0
2026-08-04,2026,LG,SSG,away,8,10,문학,L,completed,20260804LGSK0,https://www.koreabaseball.com/Schedule/GameCenter/Main.aspx?gameDate=20260804&gameId=20260804LGSK0
2026-08-04,2026,SSG,LG,home,10,8,문학,W,completed,20260804LGSK0,https://www.koreabaseball.com/Schedule/GameCenter/Main.aspx?gameDate=20260804&gameId=20260804LGSK0
2026-08-04,2026,롯데,키움,home,3,2,사직,W,completed,20260804WOLT0,https://www.koreabaseball.com/Schedule/GameCenter/Main.aspx?gameDate=20260804&gameId=20260804WOLT0
2026-08-04,2026,키움,롯데,away,2,3,사직,L,completed,20260804WOLT0,https://www.koreabaseball.com/Schedule/GameCenter/Main.aspx?gameDate=20260804&gameId=20260804WOLT0
2026-08-05,2026,KIA,KT,home,,,광주,,not_completed,2026-08-05_KIA_KT,https://www.koreabaseball.com/Schedule/Schedule.aspx
2026-08-05,2026,KT,KIA,away,,,광주,,not_completed,2026-08-05_KIA_KT,https://www.koreabaseball.com/Schedule/Schedule.aspx
2026-08-05,2026,LG,SSG,away,,,문학,,not_completed,2026-08-05_LG_SSG,https://www.koreabaseball.com/Schedule/Schedule.aspx
2026-08-05,2026,SSG,LG,home,,,문학,,not_completed,2026-08-05_LG_SSG,https://www.koreabaseball.com/Schedule/Schedule.aspx
2026-08-05,2026,NC,두산,away,,,잠실,,not_completed,2026-08-05_NC_두산,https://www.koreabaseball.com/Schedule/Schedule.aspx
2026-08-05,2026,두산,NC,home,,,잠실,,not_completed,2026-08-05_NC_두산,https://www.koreabaseball.com/Schedule/Schedule.aspx
2026-08-05,2026,롯데,키움,home,,,사직,,not_completed,2026-08-05_롯데_키움,https://www.koreabaseball.com/Schedule/Schedule.aspx
2026-08-05,2026,키움,롯데,away,,,사직,,not_completed,2026-08-05_롯데_키움,https://www.koreabaseball.com/Schedule/Schedule.aspx
2026-08-05,2026,삼성,한화,home,,,대구,,not_completed,2026-08-05_삼성_한화,https://www.koreabaseball.com/Schedule/Schedule.aspx
2026-08-05,2026,한화,삼성,away,,,대구,,not_completed,2026-08-05_삼성_한화,https://www.koreabaseball.com/Schedule/Schedule.aspx
2026-08-06,2026,KIA,KT,home,,,광주,,not_completed,2026-08-06_KIA_KT,https://www.koreabaseball.com/Schedule/Schedule.aspx
2026-08-06,2026,KT,KIA,away,,,광주,,not_completed,2026-08-06_KIA_KT,https://www.koreabaseball.com/Schedule/Schedule.aspx
2026-08-06,2026,LG,SSG,away,,,문학,,not_completed,2026-08-06_LG_SSG,https://www.koreabaseball.com/Schedule/Schedule.aspx
2026-08-06,2026,SSG,LG,home,,,문학,,not_completed,2026-08-06_LG_SSG,https://www.koreabaseball.com/Schedule/Schedule.aspx
2026-08-06,2026,NC,두산,away,,,잠실,,not_completed,2026-08-06_NC_두산,https://www.koreabaseball.com/Schedule/Schedule.aspx
2026-08-06,2026,두산,NC,home,,,잠실,,not_completed,2026-08-06_NC_두산,https://www.koreabaseball.com/Schedule/Schedule.aspx
2026-08-06,2026,롯데,키움,home,,,사직,,not_completed,2026-08-06_롯데_키움,https://www.koreabaseball.com/Schedule/Schedule.aspx
2026-08-06,2026,키움,롯데,away,,,사직,,not_completed,2026-08-06_롯데_키움,https://www.koreabaseball.com/Schedule/Schedule.aspx
2026-08-06,2026,삼성,한화,home,,,대구,,not_completed,2026-08-06_삼성_한화,https://www.koreabaseball.com/Schedule/Schedule.aspx
2026-08-06,2026,한화,삼성,away,,,대구,,not_completed,2026-08-06_삼성_한화,https://www.koreabaseball.com/Schedule/Schedule.aspx
2026-08-07,2026,KIA,LG,away,,,잠실,,not_completed,2026-08-07_KIA_LG,https://www.koreabaseball.com/Schedule/Schedule.aspx
2026-08-07,2026,LG,KIA,home,,,잠실,,not_completed,2026-08-07_KIA_LG,https://www.koreabaseball.com/Schedule/Schedule.aspx
2026-08-07,2026,KT,롯데,home,,,수원,,not_completed,2026-08-07_KT_롯데,https://www.koreabaseball.com/Schedule/Schedule.aspx
2026-08-07,2026,롯데,KT,away,,,수원,,not_completed,2026-08-07_KT_롯데,https://www.koreabaseball.com/Schedule/Schedule.aspx
2026-08-07,2026,NC,SSG,home,,,창원,,not_completed,2026-08-07_NC_SSG,https://www.koreabaseball.com/Schedule/Schedule.aspx
2026-08-07,2026,SSG,NC,away,,,창원,,not_completed,2026-08-07_NC_SSG,https://www.koreabaseball.com/Schedule/Schedule.aspx
2026-08-07,2026,두산,삼성,away,,,대구,,not_completed,2026-08-07_두산_삼성,https://www.koreabaseball.com/Schedule/Schedule.aspx
2026-08-07,2026,삼성,두산,home,,,대구,,not_completed,2026-08-07_두산_삼성,https://www.koreabaseball.com/Schedule/Schedule.aspx
2026-08-07,2026,키움,한화,away,,,대전,,not_completed,2026-08-07_키움_한화,https://www.koreabaseball.com/Schedule/Schedule.aspx
2026-08-07,2026,한화,키움,home,,,대전,,not_completed,2026-08-07_키움_한화,https://www.koreabaseball.com/Schedule/Schedule.aspx
2026-08-08,2026,KIA,LG,away,,,잠실,,not_completed,2026-08-08_KIA_LG,https://www.koreabaseball.com/Schedule/Schedule.aspx
2026-08-08,2026,LG,KIA,home,,,잠실,,not_completed,2026-08-08_KIA_LG,https://www.koreabaseball.com/Schedule/Schedule.aspx
2026-08-08,2026,KT,롯데,home,,,수원,,not_completed,2026-08-08_KT_롯데,https://www.koreabaseball.com/Schedule/Schedule.aspx
2026-08-08,2026,롯데,KT,away,,,수원,,not_completed,2026-08-08_KT_롯데,https://www.koreabaseball.com/Schedule/Schedule.aspx
2026-08-08,2026,NC,SSG,home,,,창원,,not_completed,2026-08-08_NC_SSG,https://www.koreabaseball.com/Schedule/Schedule.aspx
2026-08-08,2026,SSG,NC,away,,,창원,,not_completed,2026-08-08_NC_SSG,https://www.koreabaseball.com/Schedule/Schedule.aspx
2026-08-08,2026,두산,삼성,away,,,대구,,not_completed,2026-08-08_두산_삼성,https://www.koreabaseball.com/Schedule/Schedule.aspx
2026-08-08,2026,삼성,두산,home,,,대구,,not_completed,2026-08-08_두산_삼성,https://www.koreabaseball.com/Schedule/Schedule.aspx
2026-08-08,2026,키움,한화,away,,,대전,,not_completed,2026-08-08_키움_한화,https://www.koreabaseball.com/Schedule/Schedule.aspx
2026-08-08,2026,한화,키움,home,,,대전,,not_completed,2026-08-08_키움_한화,https://www.koreabaseball.com/Schedule/Schedule.aspx
2026-08-09,2026,KIA,LG,away,,,잠실,,not_completed,2026-08-09_KIA_LG,https://www.koreabaseball.com/Schedule/Schedule.aspx
2026-08-09,2026,LG,KIA,home,,,잠실,,not_completed,2026-08-09_KIA_LG,https://www.koreabaseball.com/Schedule/Schedule.aspx
2026-08-09,2026,KT,롯데,home,,,수원,,not_completed,2026-08-09_KT_롯데,https://www.koreabaseball.com/Schedule/Schedule.aspx
2026-08-09,2026,롯데,KT,away,,,수원,,not_completed,2026-08-09_KT_롯데,https://www.koreabaseball.com/Schedule/Schedule.aspx
2026-08-09,2026,NC,SSG,home,,,창원,,not_completed,2026-08-09_NC_SSG,https://www.koreabaseball.com/Schedule/Schedule.aspx
2026-08-09,2026,SSG,NC,away,,,창원,,not_completed,2026-08-09_NC_SSG,https://www.koreabaseball.com/Schedule/Schedule.aspx
2026-08-09,2026,두산,삼성,away,,,대구,,not_completed,2026-08-09_두산_삼성,https://www.koreabaseball.com/Schedule/Schedule.aspx
2026-08-09,2026,삼성,두산,home,,,대구,,not_completed,2026-08-09_두산_삼성,https://www.koreabaseball.com/Schedule/Schedule.aspx
2026-08-09,2026,키움,한화,away,,,대전,,not_completed,2026-08-09_키움_한화,https://www.koreabaseball.com/Schedule/Schedule.aspx
2026-08-09,2026,한화,키움,home,,,대전,,not_completed,2026-08-09_키움_한화,https://www.koreabaseball.com/Schedule/Schedule.aspx
2026-08-11,2026,두산,한화,home,6,3,잠실,W,completed,20260811HHOB0,https://www.koreabaseball.com/Schedule/GameCenter/Main.aspx?gameDate=20260811&gameId=20260811HHOB0
2026-08-11,2026,한화,두산,away,3,6,잠실,L,completed,20260811HHOB0,https://www.koreabaseball.com/Schedule/GameCenter/Main.aspx?gameDate=20260811&gameId=20260811HHOB0
2026-08-11,2026,KT,NC,away,7,3,창원,W,completed,20260811KTNC0,https://www.koreabaseball.com/Schedule/GameCenter/Main.aspx?gameDate=20260811&gameId=20260811KTNC0
2026-08-11,2026,NC,KT,home,3,7,창원,L,completed,20260811KTNC0,https://www.koreabaseball.com/Schedule/GameCenter/Main.aspx?gameDate=20260811&gameId=20260811KTNC0
2026-08-11,2026,LG,키움,away,8,3,고척,W,completed,20260811LGWO0,https://www.koreabaseball.com/Schedule/GameCenter/Main.aspx?gameDate=20260811&gameId=20260811LGWO0
2026-08-11,2026,키움,LG,home,3,8,고척,L,completed,20260811LGWO0,https://www.koreabaseball.com/Schedule/GameCenter/Main.aspx?gameDate=20260811&gameId=20260811LGWO0
2026-08-11,2026,SSG,롯데,home,8,4,문학,W,completed,20260811LTSK0,https://www.koreabaseball.com/Schedule/GameCenter/Main.aspx?gameDate=20260811&gameId=20260811LTSK0
2026-08-11,2026,롯데,SSG,away,4,8,문학,L,completed,20260811LTSK0,https://www.koreabaseball.com/Schedule/GameCenter/Main.aspx?gameDate=20260811&gameId=20260811LTSK0
2026-08-11,2026,KIA,삼성,home,3,1,광주,W,completed,20260811SSHT0,https://www.koreabaseball.com/Schedule/GameCenter/Main.aspx?gameDate=20260811&gameId=20260811SSHT0
2026-08-11,2026,삼성,KIA,away,1,3,광주,L,completed,20260811SSHT0,https://www.koreabaseball.com/Schedule/GameCenter/Main.aspx?gameDate=20260811&gameId=20260811SSHT0
2026-08-12,2026,두산,한화,home,3,4,잠실,L,completed,20260812HHOB0,https://www.koreabaseball.com/Schedule/GameCenter/Main.aspx?gameDate=20260812&gameId=20260812HHOB0
2026-08-12,2026,한화,두산,away,4,3,잠실,W,completed,20260812HHOB0,https://www.koreabaseball.com/Schedule/GameCenter/Main.aspx?gameDate=20260812&gameId=20260812HHOB0
2026-08-12,2026,KT,NC,away,0,3,창원,L,completed,20260812KTNC0,https://www.koreabaseball.com/Schedule/GameCenter/Main.aspx?gameDate=20260812&gameId=20260812KTNC0
2026-08-12,2026,NC,KT,home,3,0,창원,W,completed,20260812KTNC0,https://www.koreabaseball.com/Schedule/GameCenter/Main.aspx?gameDate=20260812&gameId=20260812KTNC0
2026-08-12,2026,LG,키움,away,3,4,고척,L,completed,20260812LGWO0,https://www.koreabaseball.com/Schedule/GameCenter/Main.aspx?gameDate=20260812&gameId=20260812LGWO0
2026-08-12,2026,키움,LG,home,4,3,고척,W,completed,20260812LGWO0,https://www.koreabaseball.com/Schedule/GameCenter/Main.aspx?gameDate=20260812&gameId=20260812LGWO0
2026-08-12,2026,SSG,롯데,home,9,1,문학,W,completed,20260812LTSK0,https://www.koreabaseball.com/Schedule/GameCenter/Main.aspx?gameDate=20260812&gameId=20260812LTSK0
2026-08-12,2026,롯데,SSG,away,1,9,문학,L,completed,20260812LTSK0,https://www.koreabaseball.com/Schedule/GameCenter/Main.aspx?gameDate=20260812&gameId=20260812LTSK0
2026-08-12,2026,KIA,삼성,home,7,2,광주,W,completed,20260812SSHT0,https://www.koreabaseball.com/Schedule/GameCenter/Main.aspx?gameDate=20260812&gameId=20260812SSHT0
2026-08-12,2026,삼성,KIA,away,2,7,광주,L,completed,20260812SSHT0,https://www.koreabaseball.com/Schedule/GameCenter/Main.aspx?gameDate=20260812&gameId=20260812SSHT0
2026-08-13,2026,두산,한화,home,9,6,잠실,W,completed,20260813HHOB0,https://www.koreabaseball.com/Schedule/GameCenter/Main.aspx?gameDate=20260813&gameId=20260813HHOB0
2026-08-13,2026,한화,두산,away,6,9,잠실,L,completed,20260813HHOB0,https://www.koreabaseball.com/Schedule/GameCenter/Main.aspx?gameDate=20260813&gameId=20260813HHOB0
2026-08-13,2026,KT,NC,away,5,6,창원,L,completed,20260813KTNC0,https://www.koreabaseball.com/Schedule/GameCenter/Main.aspx?gameDate=20260813&gameId=20260813KTNC0
2026-08-13,2026,NC,KT,home,6,5,창원,W,completed,20260813KTNC0,https://www.koreabaseball.com/Schedule/GameCenter/Main.aspx?gameDate=20260813&gameId=20260813KTNC0
2026-08-13,2026,LG,키움,away,13,6,고척,W,completed,20260813LGWO0,https://www.koreabaseball.com/Schedule/GameCenter/Main.aspx?gameDate=20260813&gameId=20260813LGWO0
2026-08-13,2026,키움,LG,home,6,13,고척,L,completed,20260813LGWO0,https://www.koreabaseball.com/Schedule/GameCenter/Main.aspx?gameDate=20260813&gameId=20260813LGWO0
2026-08-13,2026,SSG,롯데,home,0,11,문학,L,completed,20260813LTSK0,https://www.koreabaseball.com/Schedule/GameCenter/Main.aspx?gameDate=20260813&gameId=20260813LTSK0
2026-08-13,2026,롯데,SSG,away,11,0,문학,W,completed,20260813LTSK0,https://www.koreabaseball.com/Schedule/GameCenter/Main.aspx?gameDate=20260813&gameId=20260813LTSK0
2026-08-13,2026,KIA,삼성,home,8,9,광주,L,completed,20260813SSHT0,https://www.koreabaseball.com/Schedule/GameCenter/Main.aspx?gameDate=20260813&gameId=20260813SSHT0
2026-08-13,2026,삼성,KIA,away,9,8,광주,W,completed,20260813SSHT0,https://www.koreabaseball.com/Schedule/GameCenter/Main.aspx?gameDate=20260813&gameId=20260813SSHT0
2026-08-14,2026,삼성,한화,home,8,5,대구,W,completed,20260814HHSS0,https://www.koreabaseball.com/Schedule/GameCenter/Main.aspx?gameDate=20260814&gameId=20260814HHSS0
2026-08-14,2026,한화,삼성,away,5,8,대구,L,completed,20260814HHSS0,https://www.koreabaseball.com/Schedule/GameCenter/Main.aspx?gameDate=20260814&gameId=20260814HHSS0
2026-08-14,2026,NC,롯데,away,9,8,사직,W,completed,20260814NCLT0,https://www.koreabaseball.com/Schedule/GameCenter/Main.aspx?gameDate=20260814&gameId=20260814NCLT0
2026-08-14,2026,롯데,NC,home,8,9,사직,L,completed,20260814NCLT0,https://www.koreabaseball.com/Schedule/GameCenter/Main.aspx?gameDate=20260814&gameId=20260814NCLT0
2026-08-14,2026,KIA,두산,home,4,10,광주,L,completed,20260814OBHT0,https://www.koreabaseball.com/Schedule/GameCenter/Main.aspx?gameDate=20260814&gameId=20260814OBHT0
2026-08-14,2026,두산,KIA,away,10,4,광주,W,completed,20260814OBHT0,https://www.koreabaseball.com/Schedule/GameCenter/Main.aspx?gameDate=20260814&gameId=20260814OBHT0
2026-08-14,2026,LG,SSG,home,3,5,잠실,L,completed,20260814SKLG0,https://www.koreabaseball.com/Schedule/GameCenter/Main.aspx?gameDate=20260814&gameId=20260814SKLG0
2026-08-14,2026,SSG,LG,away,5,3,잠실,W,completed,20260814SKLG0,https://www.koreabaseball.com/Schedule/GameCenter/Main.aspx?gameDate=20260814&gameId=20260814SKLG0
2026-08-14,2026,KT,키움,home,8,3,수원,W,completed,20260814WOKT0,https://www.koreabaseball.com/Schedule/GameCenter/Main.aspx?gameDate=20260814&gameId=20260814WOKT0
2026-08-14,2026,키움,KT,away,3,8,수원,L,completed,20260814WOKT0,https://www.koreabaseball.com/Schedule/GameCenter/Main.aspx?gameDate=20260814&gameId=20260814WOKT0
2026-08-15,2026,삼성,한화,home,11,6,대구,W,completed,20260815HHSS0,https://www.koreabaseball.com/Schedule/GameCenter/Main.aspx?gameDate=20260815&gameId=20260815HHSS0
2026-08-15,2026,한화,삼성,away,6,11,대구,L,completed,20260815HHSS0,https://www.koreabaseball.com/Schedule/GameCenter/Main.aspx?gameDate=20260815&gameId=20260815HHSS0
2026-08-15,2026,NC,롯데,away,5,8,사직,L,completed,20260815NCLT0,https://www.koreabaseball.com/Schedule/GameCenter/Main.aspx?gameDate=20260815&gameId=20260815NCLT0
2026-08-15,2026,롯데,NC,home,8,5,사직,W,completed,20260815NCLT0,https://www.koreabaseball.com/Schedule/GameCenter/Main.aspx?gameDate=20260815&gameId=20260815NCLT0
2026-08-15,2026,KIA,두산,home,6,1,광주,W,completed,20260815OBHT0,https://www.koreabaseball.com/Schedule/GameCenter/Main.aspx?gameDate=20260815&gameId=20260815OBHT0
2026-08-15,2026,두산,KIA,away,1,6,광주,L,completed,20260815OBHT0,https://www.koreabaseball.com/Schedule/GameCenter/Main.aspx?gameDate=20260815&gameId=20260815OBHT0
2026-08-15,2026,LG,SSG,home,4,1,잠실,W,completed,20260815SKLG0,https://www.koreabaseball.com/Schedule/GameCenter/Main.aspx?gameDate=20260815&gameId=20260815SKLG0
2026-08-15,2026,SSG,LG,away,1,4,잠실,L,completed,20260815SKLG0,https://www.koreabaseball.com/Schedule/GameCenter/Main.aspx?gameDate=20260815&gameId=20260815SKLG0
2026-08-15,2026,KT,키움,home,5,10,수원,L,completed,20260815WOKT0,https://www.koreabaseball.com/Schedule/GameCenter/Main.aspx?gameDate=20260815&gameId=20260815WOKT0
2026-08-15,2026,키움,KT,away,10,5,수원,W,completed,20260815WOKT0,https://www.koreabaseball.com/Schedule/GameCenter/Main.aspx?gameDate=20260815&gameId=20260815WOKT0
2026-08-16,2026,NC,롯데,away,,,사직,,not_completed,2026-08-16_NC_롯데,https://www.koreabaseball.com/Schedule/Schedule.aspx
2026-08-16,2026,롯데,NC,home,,,사직,,not_completed,2026-08-16_NC_롯데,https://www.koreabaseball.com/Schedule/Schedule.aspx
2026-08-16,2026,삼성,한화,home,,,대구,,not_completed,2026-08-16_삼성_한화,https://www.koreabaseball.com/Schedule/Schedule.aspx
2026-08-16,2026,한화,삼성,away,,,대구,,not_completed,2026-08-16_삼성_한화,https://www.koreabaseball.com/Schedule/Schedule.aspx
2026-08-16,2026,KIA,두산,home,2,1,광주,W,completed,20260816OBHT0,https://www.koreabaseball.com/Schedule/GameCenter/Main.aspx?gameDate=20260816&gameId=20260816OBHT0
2026-08-16,2026,두산,KIA,away,1,2,광주,L,completed,20260816OBHT0,https://www.koreabaseball.com/Schedule/GameCenter/Main.aspx?gameDate=20260816&gameId=20260816OBHT0
2026-08-16,2026,LG,SSG,home,0,6,잠실,L,completed,20260816SKLG0,https://www.koreabaseball.com/Schedule/GameCenter/Main.aspx?gameDate=20260816&gameId=20260816SKLG0
2026-08-16,2026,SSG,LG,away,6,0,잠실,W,completed,20260816SKLG0,https://www.koreabaseball.com/Schedule/GameCenter/Main.aspx?gameDate=20260816&gameId=20260816SKLG0
2026-08-16,2026,KT,키움,home,6,2,수원,W,completed,20260816WOKT0,https://www.koreabaseball.com/Schedule/GameCenter/Main.aspx?gameDate=20260816&gameId=20260816WOKT0
2026-08-16,2026,키움,KT,away,2,6,수원,L,completed,20260816WOKT0,https://www.koreabaseball.com/Schedule/GameCenter/Main.aspx?gameDate=20260816&gameId=20260816WOKT0
2026-08-18,2026,KIA,한화,away,4,3,대전,W,completed,20260818HTHH0,https://www.koreabaseball.com/Schedule/GameCenter/Main.aspx?gameDate=20260818&gameId=20260818HTHH0
2026-08-18,2026,한화,KIA,home,3,4,대전,L,completed,20260818HTHH0,https://www.koreabaseball.com/Schedule/GameCenter/Main.aspx?gameDate=20260818&gameId=20260818HTHH0
2026-08-18,2026,KT,LG,away,1,9,잠실,L,completed,20260818KTLG0,https://www.koreabaseball.com/Schedule/GameCenter/Main.aspx?gameDate=20260818&gameId=20260818KTLG0
2026-08-18,2026,LG,KT,home,9,1,잠실,W,completed,20260818KTLG0,https://www.koreabaseball.com/Schedule/GameCenter/Main.aspx?gameDate=20260818&gameId=20260818KTLG0
2026-08-18,2026,NC,두산,home,4,6,창원,L,completed,20260818OBNC0,https://www.koreabaseball.com/Schedule/GameCenter/Main.aspx?gameDate=20260818&gameId=20260818OBNC0
2026-08-18,2026,두산,NC,away,6,4,창원,W,completed,20260818OBNC0,https://www.koreabaseball.com/Schedule/GameCenter/Main.aspx?gameDate=20260818&gameId=20260818OBNC0
2026-08-18,2026,SSG,삼성,away,5,4,대구,W,completed,20260818SKSS0,https://www.koreabaseball.com/Schedule/GameCenter/Main.aspx?gameDate=20260818&gameId=20260818SKSS0
2026-08-18,2026,삼성,SSG,home,4,5,대구,L,completed,20260818SKSS0,https://www.koreabaseball.com/Schedule/GameCenter/Main.aspx?gameDate=20260818&gameId=20260818SKSS0
2026-08-18,2026,롯데,키움,home,15,10,사직,W,completed,20260818WOLT0,https://www.koreabaseball.com/Schedule/GameCenter/Main.aspx?gameDate=20260818&gameId=20260818WOLT0
2026-08-18,2026,키움,롯데,away,10,15,사직,L,completed,20260818WOLT0,https://www.koreabaseball.com/Schedule/GameCenter/Main.aspx?gameDate=20260818&gameId=20260818WOLT0
2026-08-19,2026,KIA,한화,away,6,3,대전,W,completed,20260819HTHH0,https://www.koreabaseball.com/Schedule/GameCenter/Main.aspx?gameDate=20260819&gameId=20260819HTHH0
2026-08-19,2026,한화,KIA,home,3,6,대전,L,completed,20260819HTHH0,https://www.koreabaseball.com/Schedule/GameCenter/Main.aspx?gameDate=20260819&gameId=20260819HTHH0
2026-08-19,2026,KT,LG,away,0,1,잠실,L,completed,20260819KTLG0,https://www.koreabaseball.com/Schedule/GameCenter/Main.aspx?gameDate=20260819&gameId=20260819KTLG0
2026-08-19,2026,LG,KT,home,1,0,잠실,W,completed,20260819KTLG0,https://www.koreabaseball.com/Schedule/GameCenter/Main.aspx?gameDate=20260819&gameId=20260819KTLG0
2026-08-19,2026,NC,두산,home,2,8,창원,L,completed,20260819OBNC0,https://www.koreabaseball.com/Schedule/GameCenter/Main.aspx?gameDate=20260819&gameId=20260819OBNC0
2026-08-19,2026,두산,NC,away,8,2,창원,W,completed,20260819OBNC0,https://www.koreabaseball.com/Schedule/GameCenter/Main.aspx?gameDate=20260819&gameId=20260819OBNC0
2026-08-19,2026,SSG,삼성,away,4,18,대구,L,completed,20260819SKSS0,https://www.koreabaseball.com/Schedule/GameCenter/Main.aspx?gameDate=20260819&gameId=20260819SKSS0
2026-08-19,2026,삼성,SSG,home,18,4,대구,W,completed,20260819SKSS0,https://www.koreabaseball.com/Schedule/GameCenter/Main.aspx?gameDate=20260819&gameId=20260819SKSS0
2026-08-19,2026,롯데,키움,home,5,4,사직,W,completed,20260819WOLT0,https://www.koreabaseball.com/Schedule/GameCenter/Main.aspx?gameDate=20260819&gameId=20260819WOLT0
2026-08-19,2026,키움,롯데,away,4,5,사직,L,completed,20260819WOLT0,https://www.koreabaseball.com/Schedule/GameCenter/Main.aspx?gameDate=20260819&gameId=20260819WOLT0
2026-08-20,2026,KIA,한화,away,10,6,대전,W,completed,20260820HTHH0,https://www.koreabaseball.com/Schedule/GameCenter/Main.aspx?gameDate=20260820&gameId=20260820HTHH0
2026-08-20,2026,한화,KIA,home,6,10,대전,L,completed,20260820HTHH0,https://www.koreabaseball.com/Schedule/GameCenter/Main.aspx?gameDate=20260820&gameId=20260820HTHH0
2026-08-20,2026,KT,LG,away,16,4,잠실,W,completed,20260820KTLG0,https://www.koreabaseball.com/Schedule/GameCenter/Main.aspx?gameDate=20260820&gameId=20260820KTLG0
2026-08-20,2026,LG,KT,home,4,16,잠실,L,completed,20260820KTLG0,https://www.koreabaseball.com/Schedule/GameCenter/Main.aspx?gameDate=20260820&gameId=20260820KTLG0
2026-08-20,2026,NC,두산,home,5,4,창원,W,completed,20260820OBNC0,https://www.koreabaseball.com/Schedule/GameCenter/Main.aspx?gameDate=20260820&gameId=20260820OBNC0
2026-08-20,2026,두산,NC,away,4,5,창원,L,completed,20260820OBNC0,https://www.koreabaseball.com/Schedule/GameCenter/Main.aspx?gameDate=20260820&gameId=20260820OBNC0
2026-08-20,2026,SSG,삼성,away,6,4,대구,W,completed,20260820SKSS0,https://www.koreabaseball.com/Schedule/GameCenter/Main.aspx?gameDate=20260820&gameId=20260820SKSS0
2026-08-20,2026,삼성,SSG,home,4,6,대구,L,completed,20260820SKSS0,https://www.koreabaseball.com/Schedule/GameCenter/Main.aspx?gameDate=20260820&gameId=20260820SKSS0
2026-08-20,2026,롯데,키움,home,7,1,사직,W,completed,20260820WOLT0,https://www.koreabaseball.com/Schedule/GameCenter/Main.aspx?gameDate=20260820&gameId=20260820WOLT0
2026-08-20,2026,키움,롯데,away,1,7,사직,L,completed,20260820WOLT0,https://www.koreabaseball.com/Schedule/GameCenter/Main.aspx?gameDate=20260820&gameId=20260820WOLT0
2026-08-21,2026,KIA,키움,away,11,1,고척,W,completed,20260821HTWO0,https://www.koreabaseball.com/Schedule/GameCenter/Main.aspx?gameDate=20260821&gameId=20260821HTWO0
2026-08-21,2026,키움,KIA,home,1,11,고척,L,completed,20260821HTWO0,https://www.koreabaseball.com/Schedule/GameCenter/Main.aspx?gameDate=20260821&gameId=20260821HTWO0
2026-08-21,2026,KT,SSG,away,3,3,문학,D,completed,20260821KTSK0,https://www.koreabaseball.com/Schedule/GameCenter/Main.aspx?gameDate=20260821&gameId=20260821KTSK0
2026-08-21,2026,SSG,KT,home,3,3,문학,D,completed,20260821KTSK0,https://www.koreabaseball.com/Schedule/GameCenter/Main.aspx?gameDate=20260821&gameId=20260821KTSK0
2026-08-21,2026,LG,한화,away,11,15,대전,L,completed,20260821LGHH0,https://www.koreabaseball.com/Schedule/GameCenter/Main.aspx?gameDate=20260821&gameId=20260821LGHH0
2026-08-21,2026,한화,LG,home,15,11,대전,W,completed,20260821LGHH0,https://www.koreabaseball.com/Schedule/GameCenter/Main.aspx?gameDate=20260821&gameId=20260821LGHH0
2026-08-21,2026,두산,롯데,home,4,11,잠실,L,completed,20260821LTOB0,https://www.koreabaseball.com/Schedule/GameCenter/Main.aspx?gameDate=20260821&gameId=20260821LTOB0
2026-08-21,2026,롯데,두산,away,11,4,잠실,W,completed,20260821LTOB0,https://www.koreabaseball.com/Schedule/GameCenter/Main.aspx?gameDate=20260821&gameId=20260821LTOB0
2026-08-21,2026,NC,삼성,home,3,2,창원,W,completed,20260821SSNC0,https://www.koreabaseball.com/Schedule/GameCenter/Main.aspx?gameDate=20260821&gameId=20260821SSNC0
2026-08-21,2026,삼성,NC,away,2,3,창원,L,completed,20260821SSNC0,https://www.koreabaseball.com/Schedule/GameCenter/Main.aspx?gameDate=20260821&gameId=20260821SSNC0
2026-08-22,2026,KT,SSG,away,,,문학,,not_completed,2026-08-22_KT_SSG,https://www.koreabaseball.com/Schedule/Schedule.aspx
2026-08-22,2026,SSG,KT,home,,,문학,,not_completed,2026-08-22_KT_SSG,https://www.koreabaseball.com/Schedule/Schedule.aspx
2026-08-22,2026,LG,한화,away,,,대전,,not_completed,2026-08-22_LG_한화,https://www.koreabaseball.com/Schedule/Schedule.aspx
2026-08-22,2026,한화,LG,home,,,대전,,not_completed,2026-08-22_LG_한화,https://www.koreabaseball.com/Schedule/Schedule.aspx
2026-08-22,2026,두산,롯데,home,,,잠실,,not_completed,2026-08-22_두산_롯데,https://www.koreabaseball.com/Schedule/Schedule.aspx
2026-08-22,2026,롯데,두산,away,,,잠실,,not_completed,2026-08-22_두산_롯데,https://www.koreabaseball.com/Schedule/Schedule.aspx
2026-08-22,2026,KIA,키움,away,1,3,고척,L,completed,20260822HTWO0,https://www.koreabaseball.com/Schedule/GameCenter/Main.aspx?gameDate=20260822&gameId=20260822HTWO0
2026-08-22,2026,키움,KIA,home,3,1,고척,W,completed,20260822HTWO0,https://www.koreabaseball.com/Schedule/GameCenter/Main.aspx?gameDate=20260822&gameId=20260822HTWO0
2026-08-22,2026,NC,삼성,home,6,8,창원,L,completed,20260822SSNC0,https://www.koreabaseball.com/Schedule/GameCenter/Main.aspx?gameDate=20260822&gameId=20260822SSNC0
2026-08-22,2026,삼성,NC,away,8,6,창원,W,completed,20260822SSNC0,https://www.koreabaseball.com/Schedule/GameCenter/Main.aspx?gameDate=20260822&gameId=20260822SSNC0
2026-08-23,2026,KIA,키움,away,7,8,고척,L,completed,20260823HTWO0,https://www.koreabaseball.com/Schedule/GameCenter/Main.aspx?gameDate=20260823&gameId=20260823HTWO0
2026-08-23,2026,키움,KIA,home,8,7,고척,W,completed,20260823HTWO0,https://www.koreabaseball.com/Schedule/GameCenter/Main.aspx?gameDate=20260823&gameId=20260823HTWO0
2026-08-23,2026,KT,SSG,away,3,1,문학,W,completed,20260823KTSK0,https://www.koreabaseball.com/Schedule/GameCenter/Main.aspx?gameDate=20260823&gameId=20260823KTSK0
2026-08-23,2026,SSG,KT,home,1,3,문학,L,completed,20260823KTSK0,https://www.koreabaseball.com/Schedule/GameCenter/Main.aspx?gameDate=20260823&gameId=20260823KTSK0
2026-08-23,2026,LG,한화,away,12,3,대전,W,completed,20260823LGHH0,https://www.koreabaseball.com/Schedule/GameCenter/Main.aspx?gameDate=20260823&gameId=20260823LGHH0
2026-08-23,2026,한화,LG,home,3,12,대전,L,completed,20260823LGHH0,https://www.koreabaseball.com/Schedule/GameCenter/Main.aspx?gameDate=20260823&gameId=20260823LGHH0
2026-08-23,2026,두산,롯데,home,3,1,잠실,W,completed,20260823LTOB0,https://www.koreabaseball.com/Schedule/GameCenter/Main.aspx?gameDate=20260823&gameId=20260823LTOB0
2026-08-23,2026,롯데,두산,away,1,3,잠실,L,completed,20260823LTOB0,https://www.koreabaseball.com/Schedule/GameCenter/Main.aspx?gameDate=20260823&gameId=20260823LTOB0
2026-08-23,2026,NC,삼성,home,1,2,창원,L,completed,20260823SSNC0,https://www.koreabaseball.com/Schedule/GameCenter/Main.aspx?gameDate=20260823&gameId=20260823SSNC0
2026-08-23,2026,삼성,NC,away,2,1,창원,W,completed,20260823SSNC0,https://www.koreabaseball.com/Schedule/GameCenter/Main.aspx?gameDate=20260823&gameId=20260823SSNC0
2026-08-25,2026,SSG,한화,home,7,1,문학,W,completed,20260825HHSK0,https://www.koreabaseball.com/Schedule/GameCenter/Main.aspx?gameDate=20260825&gameId=20260825HHSK0
2026-08-25,2026,한화,SSG,away,1,7,문학,L,completed,20260825HHSK0,https://www.koreabaseball.com/Schedule/GameCenter/Main.aspx?gameDate=20260825&gameId=20260825HHSK0
2026-08-25,2026,KIA,롯데,home,8,5,광주,W,completed,20260825LTHT0,https://www.koreabaseball.com/Schedule/GameCenter/Main.aspx?gameDate=20260825&gameId=20260825LTHT0
2026-08-25,2026,롯데,KIA,away,5,8,광주,L,completed,20260825LTHT0,https://www.koreabaseball.com/Schedule/GameCenter/Main.aspx?gameDate=20260825&gameId=20260825LTHT0
2026-08-25,2026,LG,NC,home,5,4,잠실,W,completed,20260825NCLG0,https://www.koreabaseball.com/Schedule/GameCenter/Main.aspx?gameDate=20260825&gameId=20260825NCLG0
2026-08-25,2026,NC,LG,away,4,5,잠실,L,completed,20260825NCLG0,https://www.koreabaseball.com/Schedule/GameCenter/Main.aspx?gameDate=20260825&gameId=20260825NCLG0
2026-08-25,2026,KT,두산,home,1,3,수원,L,completed,20260825OBKT0,https://www.koreabaseball.com/Schedule/GameCenter/Main.aspx?gameDate=20260825&gameId=20260825OBKT0
2026-08-25,2026,두산,KT,away,3,1,수원,W,completed,20260825OBKT0,https://www.koreabaseball.com/Schedule/GameCenter/Main.aspx?gameDate=20260825&gameId=20260825OBKT0
2026-08-25,2026,삼성,키움,away,3,3,고척,D,completed,20260825SSWO0,https://www.koreabaseball.com/Schedule/GameCenter/Main.aspx?gameDate=20260825&gameId=20260825SSWO0
2026-08-25,2026,키움,삼성,home,3,3,고척,D,completed,20260825SSWO0,https://www.koreabaseball.com/Schedule/GameCenter/Main.aspx?gameDate=20260825&gameId=20260825SSWO0
2026-08-26,2026,SSG,한화,home,6,1,문학,W,completed,20260826HHSK0,https://www.koreabaseball.com/Schedule/GameCenter/Main.aspx?gameDate=20260826&gameId=20260826HHSK0
2026-08-26,2026,한화,SSG,away,1,6,문학,L,completed,20260826HHSK0,https://www.koreabaseball.com/Schedule/GameCenter/Main.aspx?gameDate=20260826&gameId=20260826HHSK0
2026-08-26,2026,KIA,롯데,home,16,11,광주,W,completed,20260826LTHT0,https://www.koreabaseball.com/Schedule/GameCenter/Main.aspx?gameDate=20260826&gameId=20260826LTHT0
2026-08-26,2026,롯데,KIA,away,11,16,광주,L,completed,20260826LTHT0,https://www.koreabaseball.com/Schedule/GameCenter/Main.aspx?gameDate=20260826&gameId=20260826LTHT0
2026-08-26,2026,LG,NC,home,8,0,잠실,W,completed,20260826NCLG0,https://www.koreabaseball.com/Schedule/GameCenter/Main.aspx?gameDate=20260826&gameId=20260826NCLG0
2026-08-26,2026,NC,LG,away,0,8,잠실,L,completed,20260826NCLG0,https://www.koreabaseball.com/Schedule/GameCenter/Main.aspx?gameDate=20260826&gameId=20260826NCLG0
2026-08-26,2026,KT,두산,home,5,4,수원,W,completed,20260826OBKT0,https://www.koreabaseball.com/Schedule/GameCenter/Main.aspx?gameDate=20260826&gameId=20260826OBKT0
2026-08-26,2026,두산,KT,away,4,5,수원,L,completed,20260826OBKT0,https://www.koreabaseball.com/Schedule/GameCenter/Main.aspx?gameDate=20260826&gameId=20260826OBKT0
2026-08-26,2026,삼성,키움,away,12,2,고척,W,completed,20260826SSWO0,https://www.koreabaseball.com/Schedule/GameCenter/Main.aspx?gameDate=20260826&gameId=20260826SSWO0
2026-08-26,2026,키움,삼성,home,2,12,고척,L,completed,20260826SSWO0,https://www.koreabaseball.com/Schedule/GameCenter/Main.aspx?gameDate=20260826&gameId=20260826SSWO0
2026-08-27,2026,KIA,롯데,home,,,광주,,not_completed,2026-08-27_KIA_롯데,https://www.koreabaseball.com/Schedule/Schedule.aspx
2026-08-27,2026,롯데,KIA,away,,,광주,,not_completed,2026-08-27_KIA_롯데,https://www.koreabaseball.com/Schedule/Schedule.aspx
2026-08-27,2026,SSG,한화,home,13,6,문학,W,completed,20260827HHSK0,https://www.koreabaseball.com/Schedule/GameCenter/Main.aspx?gameDate=20260827&gameId=20260827HHSK0
2026-08-27,2026,한화,SSG,away,6,13,문학,L,completed,20260827HHSK0,https://www.koreabaseball.com/Schedule/GameCenter/Main.aspx?gameDate=20260827&gameId=20260827HHSK0
2026-08-27,2026,LG,NC,home,3,13,잠실,L,completed,20260827NCLG0,https://www.koreabaseball.com/Schedule/GameCenter/Main.aspx?gameDate=20260827&gameId=20260827NCLG0
2026-08-27,2026,NC,LG,away,13,3,잠실,W,completed,20260827NCLG0,https://www.koreabaseball.com/Schedule/GameCenter/Main.aspx?gameDate=20260827&gameId=20260827NCLG0
2026-08-27,2026,KT,두산,home,5,4,수원,W,completed,20260827OBKT0,https://www.koreabaseball.com/Schedule/GameCenter/Main.aspx?gameDate=20260827&gameId=20260827OBKT0
2026-08-27,2026,두산,KT,away,4,5,수원,L,completed,20260827OBKT0,https://www.koreabaseball.com/Schedule/GameCenter/Main.aspx?gameDate=20260827&gameId=20260827OBKT0
2026-08-27,2026,삼성,키움,away,15,2,고척,W,completed,20260827SSWO0,https://www.koreabaseball.com/Schedule/GameCenter/Main.aspx?gameDate=20260827&gameId=20260827SSWO0
2026-08-27,2026,키움,삼성,home,2,15,고척,L,completed,20260827SSWO0,https://www.koreabaseball.com/Schedule/GameCenter/Main.aspx?gameDate=20260827&gameId=20260827SSWO0
2026-08-28,2026,KIA,SSG,home,,,광주,,not_completed,2026-08-28_KIA_SSG,https://www.koreabaseball.com/Schedule/Schedule.aspx
2026-08-28,2026,SSG,KIA,away,,,광주,,not_completed,2026-08-28_KIA_SSG,https://www.koreabaseball.com/Schedule/Schedule.aspx
2026-08-28,2026,KT,삼성,away,,,대구,,not_completed,2026-08-28_KT_삼성,https://www.koreabaseball.com/Schedule/Schedule.aspx
2026-08-28,2026,삼성,KT,home,,,대구,,not_completed,2026-08-28_KT_삼성,https://www.koreabaseball.com/Schedule/Schedule.aspx
2026-08-28,2026,LG,롯데,away,,,사직,,not_completed,2026-08-28_LG_롯데,https://www.koreabaseball.com/Schedule/Schedule.aspx
2026-08-28,2026,롯데,LG,home,,,사직,,not_completed,2026-08-28_LG_롯데,https://www.koreabaseball.com/Schedule/Schedule.aspx
2026-08-28,2026,NC,한화,away,,,대전,,not_completed,2026-08-28_NC_한화,https://www.koreabaseball.com/Schedule/Schedule.aspx
2026-08-28,2026,한화,NC,home,,,대전,,not_completed,2026-08-28_NC_한화,https://www.koreabaseball.com/Schedule/Schedule.aspx
2026-08-28,2026,두산,키움,home,,,잠실,,not_completed,2026-08-28_두산_키움,https://www.koreabaseball.com/Schedule/Schedule.aspx
2026-08-28,2026,키움,두산,away,,,잠실,,not_completed,2026-08-28_두산_키움,https://www.koreabaseball.com/Schedule/Schedule.aspx
2026-08-29,2026,KT,삼성,away,2,4,대구,L,completed,20260829KTSS0,https://www.koreabaseball.com/Schedule/GameCenter/Main.aspx?gameDate=20260829&gameId=20260829KTSS0
2026-08-29,2026,삼성,KT,home,4,2,대구,W,completed,20260829KTSS0,https://www.koreabaseball.com/Schedule/GameCenter/Main.aspx?gameDate=20260829&gameId=20260829KTSS0
2026-08-29,2026,LG,롯데,away,8,3,사직,W,completed,20260829LGLT0,https://www.koreabaseball.com/Schedule/GameCenter/Main.aspx?gameDate=20260829&gameId=20260829LGLT0
2026-08-29,2026,롯데,LG,home,3,8,사직,L,completed,20260829LGLT0,https://www.koreabaseball.com/Schedule/GameCenter/Main.aspx?gameDate=20260829&gameId=20260829LGLT0
2026-08-29,2026,NC,한화,away,11,4,대전,W,completed,20260829NCHH0,https://www.koreabaseball.com/Schedule/GameCenter/Main.aspx?gameDate=20260829&gameId=20260829NCHH0
2026-08-29,2026,한화,NC,home,4,11,대전,L,completed,20260829NCHH0,https://www.koreabaseball.com/Schedule/GameCenter/Main.aspx?gameDate=20260829&gameId=20260829NCHH0
2026-08-29,2026,KIA,SSG,home,2,1,광주,W,completed,20260829SKHT0,https://www.koreabaseball.com/Schedule/GameCenter/Main.aspx?gameDate=20260829&gameId=20260829SKHT0
2026-08-29,2026,SSG,KIA,away,1,2,광주,L,completed,20260829SKHT0,https://www.koreabaseball.com/Schedule/GameCenter/Main.aspx?gameDate=20260829&gameId=20260829SKHT0
2026-08-29,2026,두산,키움,home,7,2,잠실,W,completed,20260829WOOB0,https://www.koreabaseball.com/Schedule/GameCenter/Main.aspx?gameDate=20260829&gameId=20260829WOOB0
2026-08-29,2026,키움,두산,away,2,7,잠실,L,completed,20260829WOOB0,https://www.koreabaseball.com/Schedule/GameCenter/Main.aspx?gameDate=20260829&gameId=20260829WOOB0
2026-08-30,2026,KIA,SSG,home,,,광주,,not_completed,2026-08-30_KIA_SSG,https://www.koreabaseball.com/Schedule/Schedule.aspx
2026-08-30,2026,SSG,KIA,away,,,광주,,not_completed,2026-08-30_KIA_SSG,https://www.koreabaseball.com/Schedule/Schedule.aspx
2026-08-30,2026,KT,삼성,away,,,대구,,not_completed,2026-08-30_KT_삼성,https://www.koreabaseball.com/Schedule/Schedule.aspx
2026-08-30,2026,삼성,KT,home,,,대구,,not_completed,2026-08-30_KT_삼성,https://www.koreabaseball.com/Schedule/Schedule.aspx
2026-08-30,2026,LG,롯데,away,,,사직,,not_completed,2026-08-30_LG_롯데,https://www.koreabaseball.com/Schedule/Schedule.aspx
2026-08-30,2026,롯데,LG,home,,,사직,,not_completed,2026-08-30_LG_롯데,https://www.koreabaseball.com/Schedule/Schedule.aspx
2026-08-30,2026,NC,한화,away,10,7,대전,W,completed,20260830NCHH0,https://www.koreabaseball.com/Schedule/GameCenter/Main.aspx?gameDate=20260830&gameId=20260830NCHH0
2026-08-30,2026,한화,NC,home,7,10,대전,L,completed,20260830NCHH0,https://www.koreabaseball.com/Schedule/GameCenter/Main.aspx?gameDate=20260830&gameId=20260830NCHH0
2026-08-30,2026,두산,키움,home,15,1,잠실,W,completed,20260830WOOB0,https://www.koreabaseball.com/Schedule/GameCenter/Main.aspx?gameDate=20260830&gameId=20260830WOOB0
2026-08-30,2026,키움,두산,away,1,15,잠실,L,completed,20260830WOOB0,https://www.koreabaseball.com/Schedule/GameCenter/Main.aspx?gameDate=20260830&gameId=20260830WOOB0
2026-09-01,2026,KT,한화,home,6,1,수원,W,completed,20260901HHKT0,https://www.koreabaseball.com/Schedule/GameCenter/Main.aspx?gameDate=20260901&gameId=20260901HHKT0
2026-09-01,2026,한화,KT,away,1,6,수원,L,completed,20260901HHKT0,https://www.koreabaseball.com/Schedule/GameCenter/Main.aspx?gameDate=20260901&gameId=20260901HHKT0
2026-09-01,2026,KIA,NC,away,2,7,창원,L,completed,20260901HTNC0,https://www.koreabaseball.com/Schedule/GameCenter/Main.aspx?gameDate=20260901&gameId=20260901HTNC0
2026-09-01,2026,NC,KIA,home,7,2,창원,W,completed,20260901HTNC0,https://www.koreabaseball.com/Schedule/GameCenter/Main.aspx?gameDate=20260901&gameId=20260901HTNC0
2026-09-01,2026,LG,두산,away,3,1,잠실,W,completed,20260901LGOB0,https://www.koreabaseball.com/Schedule/GameCenter/Main.aspx?gameDate=20260901&gameId=20260901LGOB0
2026-09-01,2026,두산,LG,home,1,3,잠실,L,completed,20260901LGOB0,https://www.koreabaseball.com/Schedule/GameCenter/Main.aspx?gameDate=20260901&gameId=20260901LGOB0
2026-09-01,2026,롯데,삼성,away,0,3,대구,L,completed,20260901LTSS0,https://www.koreabaseball.com/Schedule/GameCenter/Main.aspx?gameDate=20260901&gameId=20260901LTSS0
2026-09-01,2026,삼성,롯데,home,3,0,대구,W,completed,20260901LTSS0,https://www.koreabaseball.com/Schedule/GameCenter/Main.aspx?gameDate=20260901&gameId=20260901LTSS0
2026-09-01,2026,SSG,키움,away,4,0,고척,W,completed,20260901SKWO0,https://www.koreabaseball.com/Schedule/GameCenter/Main.aspx?gameDate=20260901&gameId=20260901SKWO0
2026-09-01,2026,키움,SSG,home,0,4,고척,L,completed,20260901SKWO0,https://www.koreabaseball.com/Schedule/GameCenter/Main.aspx?gameDate=20260901&gameId=20260901SKWO0
2026-09-02,2026,KT,한화,home,9,6,수원,W,completed,20260902HHKT0,https://www.koreabaseball.com/Schedule/GameCenter/Main.aspx?gameDate=20260902&gameId=20260902HHKT0
2026-09-02,2026,한화,KT,away,6,9,수원,L,completed,20260902HHKT0,https://www.koreabaseball.com/Schedule/GameCenter/Main.aspx?gameDate=20260902&gameId=20260902HHKT0
2026-09-02,2026,KIA,NC,away,2,3,창원,L,completed,20260902HTNC0,https://www.koreabaseball.com/Schedule/GameCenter/Main.aspx?gameDate=20260902&gameId=20260902HTNC0
2026-09-02,2026,NC,KIA,home,3,2,창원,W,completed,20260902HTNC0,https://www.koreabaseball.com/Schedule/GameCenter/Main.aspx?gameDate=20260902&gameId=20260902HTNC0
2026-09-02,2026,LG,두산,away,5,1,잠실,W,completed,20260902LGOB0,https://www.koreabaseball.com/Schedule/GameCenter/Main.aspx?gameDate=20260902&gameId=20260902LGOB0
2026-09-02,2026,두산,LG,home,1,5,잠실,L,completed,20260902LGOB0,https://www.koreabaseball.com/Schedule/GameCenter/Main.aspx?gameDate=20260902&gameId=20260902LGOB0
2026-09-02,2026,롯데,삼성,away,5,8,대구,L,completed,20260902LTSS0,https://www.koreabaseball.com/Schedule/GameCenter/Main.aspx?gameDate=20260902&gameId=20260902LTSS0
2026-09-02,2026,삼성,롯데,home,8,5,대구,W,completed,20260902LTSS0,https://www.koreabaseball.com/Schedule/GameCenter/Main.aspx?gameDate=20260902&gameId=20260902LTSS0
2026-09-02,2026,SSG,키움,away,9,6,고척,W,completed,20260902SKWO0,https://www.koreabaseball.com/Schedule/GameCenter/Main.aspx?gameDate=20260902&gameId=20260902SKWO0
2026-09-02,2026,키움,SSG,home,6,9,고척,L,completed,20260902SKWO0,https://www.koreabaseball.com/Schedule/GameCenter/Main.aspx?gameDate=20260902&gameId=20260902SKWO0
2026-09-03,2026,KIA,NC,away,,,창원,,not_completed,2026-09-03_KIA_NC,https://www.koreabaseball.com/Schedule/Schedule.aspx
2026-09-03,2026,NC,KIA,home,,,창원,,not_completed,2026-09-03_KIA_NC,https://www.koreabaseball.com/Schedule/Schedule.aspx
2026-09-03,2026,KT,한화,home,13,11,수원,W,completed,20260903HHKT0,https://www.koreabaseball.com/Schedule/GameCenter/Main.aspx?gameDate=20260903&gameId=20260903HHKT0
2026-09-03,2026,한화,KT,away,11,13,수원,L,completed,20260903HHKT0,https://www.koreabaseball.com/Schedule/GameCenter/Main.aspx?gameDate=20260903&gameId=20260903HHKT0
2026-09-03,2026,LG,두산,away,1,0,잠실,W,completed,20260903LGOB0,https://www.koreabaseball.com/Schedule/GameCenter/Main.aspx?gameDate=20260903&gameId=20260903LGOB0
2026-09-03,2026,두산,LG,home,0,1,잠실,L,completed,20260903LGOB0,https://www.koreabaseball.com/Schedule/GameCenter/Main.aspx?gameDate=20260903&gameId=20260903LGOB0
2026-09-03,2026,롯데,삼성,away,3,2,대구,W,completed,20260903LTSS0,https://www.koreabaseball.com/Schedule/GameCenter/Main.aspx?gameDate=20260903&gameId=20260903LTSS0
2026-09-03,2026,삼성,롯데,home,2,3,대구,L,completed,20260903LTSS0,https://www.koreabaseball.com/Schedule/GameCenter/Main.aspx?gameDate=20260903&gameId=20260903LTSS0
2026-09-03,2026,SSG,키움,away,2,3,고척,L,completed,20260903SKWO0,https://www.koreabaseball.com/Schedule/GameCenter/Main.aspx?gameDate=20260903&gameId=20260903SKWO0
2026-09-03,2026,키움,SSG,home,3,2,고척,W,completed,20260903SKWO0,https://www.koreabaseball.com/Schedule/GameCenter/Main.aspx?gameDate=20260903&gameId=20260903SKWO0
2026-09-04,2026,롯데,한화,home,4,14,사직,L,completed,20260904HHLT0,https://www.koreabaseball.com/Schedule/GameCenter/Main.aspx?gameDate=20260904&gameId=20260904HHLT0
2026-09-04,2026,한화,롯데,away,14,4,사직,W,completed,20260904HHLT0,https://www.koreabaseball.com/Schedule/GameCenter/Main.aspx?gameDate=20260904&gameId=20260904HHLT0
2026-09-04,2026,KIA,KT,home,4,3,광주,W,completed,20260904KTHT0,https://www.koreabaseball.com/Schedule/GameCenter/Main.aspx?gameDate=20260904&gameId=20260904KTHT0
2026-09-04,2026,KT,KIA,away,3,4,광주,L,completed,20260904KTHT0,https://www.koreabaseball.com/Schedule/GameCenter/Main.aspx?gameDate=20260904&gameId=20260904KTHT0
2026-09-04,2026,NC,키움,away,6,1,고척,W,completed,20260904NCWO0,https://www.koreabaseball.com/Schedule/GameCenter/Main.aspx?gameDate=20260904&gameId=20260904NCWO0
2026-09-04,2026,키움,NC,home,1,6,고척,L,completed,20260904NCWO0,https://www.koreabaseball.com/Schedule/GameCenter/Main.aspx?gameDate=20260904&gameId=20260904NCWO0
2026-09-04,2026,SSG,두산,home,4,0,문학,W,completed,20260904OBSK0,https://www.koreabaseball.com/Schedule/GameCenter/Main.aspx?gameDate=20260904&gameId=20260904OBSK0
2026-09-04,2026,두산,SSG,away,0,4,문학,L,completed,20260904OBSK0,https://www.koreabaseball.com/Schedule/GameCenter/Main.aspx?gameDate=20260904&gameId=20260904OBSK0
2026-09-04,2026,LG,삼성,home,4,3,잠실,W,completed,20260904SSLG0,https://www.koreabaseball.com/Schedule/GameCenter/Main.aspx?gameDate=20260904&gameId=20260904SSLG0
2026-09-04,2026,삼성,LG,away,3,4,잠실,L,completed,20260904SSLG0,https://www.koreabaseball.com/Schedule/GameCenter/Main.aspx?gameDate=20260904&gameId=20260904SSLG0
2026-09-05,2026,롯데,한화,home,6,11,사직,L,completed,20260905HHLT0,https://www.koreabaseball.com/Schedule/GameCenter/Main.aspx?gameDate=20260905&gameId=20260905HHLT0
2026-09-05,2026,한화,롯데,away,11,6,사직,W,completed,20260905HHLT0,https://www.koreabaseball.com/Schedule/GameCenter/Main.aspx?gameDate=20260905&gameId=20260905HHLT0
2026-09-05,2026,KIA,KT,home,6,3,광주,W,completed,20260905KTHT0,https://www.koreabaseball.com/Schedule/GameCenter/Main.aspx?gameDate=20260905&gameId=20260905KTHT0
2026-09-05,2026,KT,KIA,away,3,6,광주,L,completed,20260905KTHT0,https://www.koreabaseball.com/Schedule/GameCenter/Main.aspx?gameDate=20260905&gameId=20260905KTHT0
2026-09-05,2026,NC,키움,away,2,1,고척,W,completed,20260905NCWO0,https://www.koreabaseball.com/Schedule/GameCenter/Main.aspx?gameDate=20260905&gameId=20260905NCWO0
2026-09-05,2026,키움,NC,home,1,2,고척,L,completed,20260905NCWO0,https://www.koreabaseball.com/Schedule/GameCenter/Main.aspx?gameDate=20260905&gameId=20260905NCWO0
2026-09-05,2026,SSG,두산,home,3,2,문학,W,completed,20260905OBSK0,https://www.koreabaseball.com/Schedule/GameCenter/Main.aspx?gameDate=20260905&gameId=20260905OBSK0
2026-09-05,2026,두산,SSG,away,2,3,문학,L,completed,20260905OBSK0,https://www.koreabaseball.com/Schedule/GameCenter/Main.aspx?gameDate=20260905&gameId=20260905OBSK0
2026-09-05,2026,LG,삼성,home,3,4,잠실,L,completed,20260905SSLG0,https://www.koreabaseball.com/Schedule/GameCenter/Main.aspx?gameDate=20260905&gameId=20260905SSLG0
2026-09-05,2026,삼성,LG,away,4,3,잠실,W,completed,20260905SSLG0,https://www.koreabaseball.com/Schedule/GameCenter/Main.aspx?gameDate=20260905&gameId=20260905SSLG0
2026-09-06,2026,롯데,한화,home,2,8,사직,L,completed,20260906HHLT0,https://www.koreabaseball.com/Schedule/GameCenter/Main.aspx?gameDate=20260906&gameId=20260906HHLT0
2026-09-06,2026,한화,롯데,away,8,2,사직,W,completed,20260906HHLT0,https://www.koreabaseball.com/Schedule/GameCenter/Main.aspx?gameDate=20260906&gameId=20260906HHLT0
2026-09-06,2026,KIA,KT,home,8,3,광주,W,completed,20260906KTHT0,https://www.koreabaseball.com/Schedule/GameCenter/Main.aspx?gameDate=20260906&gameId=20260906KTHT0
2026-09-06,2026,KT,KIA,away,3,8,광주,L,completed,20260906KTHT0,https://www.koreabaseball.com/Schedule/GameCenter/Main.aspx?gameDate=20260906&gameId=20260906KTHT0
2026-09-06,2026,NC,키움,away,2,4,고척,L,completed,20260906NCWO0,https://www.koreabaseball.com/Schedule/GameCenter/Main.aspx?gameDate=20260906&gameId=20260906NCWO0
2026-09-06,2026,키움,NC,home,4,2,고척,W,completed,20260906NCWO0,https://www.koreabaseball.com/Schedule/GameCenter/Main.aspx?gameDate=20260906&gameId=20260906NCWO0
2026-09-06,2026,SSG,두산,home,9,16,문학,L,completed,20260906OBSK0,https://www.koreabaseball.com/Schedule/GameCenter/Main.aspx?gameDate=20260906&gameId=20260906OBSK0
2026-09-06,2026,두산,SSG,away,16,9,문학,W,completed,20260906OBSK0,https://www.koreabaseball.com/Schedule/GameCenter/Main.aspx?gameDate=20260906&gameId=20260906OBSK0
2026-09-06,2026,LG,삼성,home,4,10,잠실,L,completed,20260906SSLG0,https://www.koreabaseball.com/Schedule/GameCenter/Main.aspx?gameDate=20260906&gameId=20260906SSLG0
2026-09-06,2026,삼성,LG,away,10,4,잠실,W,completed,20260906SSLG0,https://www.koreabaseball.com/Schedule/GameCenter/Main.aspx?gameDate=20260906&gameId=20260906SSLG0
2026-09-08,2026,KIA,삼성,away,4,6,대구,L,completed,20260908HTSS0,https://www.koreabaseball.com/Schedule/GameCenter/Main.aspx?gameDate=20260908&gameId=20260908HTSS0
2026-09-08,2026,삼성,KIA,home,6,4,대구,W,completed,20260908HTSS0,https://www.koreabaseball.com/Schedule/GameCenter/Main.aspx?gameDate=20260908&gameId=20260908HTSS0
2026-09-08,2026,NC,롯데,home,3,6,창원,L,completed,20260908LTNC0,https://www.koreabaseball.com/Schedule/GameCenter/Main.aspx?gameDate=20260908&gameId=20260908LTNC0
2026-09-08,2026,롯데,NC,away,6,3,창원,W,completed,20260908LTNC0,https://www.koreabaseball.com/Schedule/GameCenter/Main.aspx?gameDate=20260908&gameId=20260908LTNC0
2026-09-08,2026,두산,한화,away,1,6,대전,L,completed,20260908OBHH0,https://www.koreabaseball.com/Schedule/GameCenter/Main.aspx?gameDate=20260908&gameId=20260908OBHH0
2026-09-08,2026,한화,두산,home,6,1,대전,W,completed,20260908OBHH0,https://www.koreabaseball.com/Schedule/GameCenter/Main.aspx?gameDate=20260908&gameId=20260908OBHH0
2026-09-08,2026,KT,SSG,home,3,1,수원,W,completed,20260908SKKT0,https://www.koreabaseball.com/Schedule/GameCenter/Main.aspx?gameDate=20260908&gameId=20260908SKKT0
2026-09-08,2026,SSG,KT,away,1,3,수원,L,completed,20260908SKKT0,https://www.koreabaseball.com/Schedule/GameCenter/Main.aspx?gameDate=20260908&gameId=20260908SKKT0
2026-09-08,2026,LG,키움,home,3,8,잠실,L,completed,20260908WOLG0,https://www.koreabaseball.com/Schedule/GameCenter/Main.aspx?gameDate=20260908&gameId=20260908WOLG0
2026-09-08,2026,키움,LG,away,8,3,잠실,W,completed,20260908WOLG0,https://www.koreabaseball.com/Schedule/GameCenter/Main.aspx?gameDate=20260908&gameId=20260908WOLG0
2026-09-09,2026,KT,삼성,away,2,0,대구,W,completed,20260909KTSS0,https://www.koreabaseball.com/Schedule/GameCenter/Main.aspx?gameDate=20260909&gameId=20260909KTSS0
2026-09-09,2026,삼성,KT,home,0,2,대구,L,completed,20260909KTSS0,https://www.koreabaseball.com/Schedule/GameCenter/Main.aspx?gameDate=20260909&gameId=20260909KTSS0
2026-09-09,2026,LG,한화,away,3,19,대전,L,completed,20260909LGHH0,https://www.koreabaseball.com/Schedule/GameCenter/Main.aspx?gameDate=20260909&gameId=20260909LGHH0
2026-09-09,2026,한화,LG,home,19,3,대전,W,completed,20260909LGHH0,https://www.koreabaseball.com/Schedule/GameCenter/Main.aspx?gameDate=20260909&gameId=20260909LGHH0
2026-09-09,2026,KIA,NC,home,4,5,광주,L,completed,20260909NCHT0,https://www.koreabaseball.com/Schedule/GameCenter/Main.aspx?gameDate=20260909&gameId=20260909NCHT0
2026-09-09,2026,NC,KIA,away,5,4,광주,W,completed,20260909NCHT0,https://www.koreabaseball.com/Schedule/GameCenter/Main.aspx?gameDate=20260909&gameId=20260909NCHT0
2026-09-09,2026,SSG,두산,away,1,0,잠실,W,completed,20260909SKOB0,https://www.koreabaseball.com/Schedule/GameCenter/Main.aspx?gameDate=20260909&gameId=20260909SKOB0
2026-09-09,2026,두산,SSG,home,0,1,잠실,L,completed,20260909SKOB0,https://www.koreabaseball.com/Schedule/GameCenter/Main.aspx?gameDate=20260909&gameId=20260909SKOB0
2026-09-10,2026,SSG,한화,home,4,3,문학,W,completed,20260910HHSK0,https://www.koreabaseball.com/Schedule/GameCenter/Main.aspx?gameDate=20260910&gameId=20260910HHSK0
2026-09-10,2026,한화,SSG,away,3,4,문학,L,completed,20260910HHSK0,https://www.koreabaseball.com/Schedule/GameCenter/Main.aspx?gameDate=20260910&gameId=20260910HHSK0
2026-09-10,2026,KT,롯데,away,16,3,사직,W,completed,20260910KTLT0,https://www.koreabaseball.com/Schedule/GameCenter/Main.aspx?gameDate=20260910&gameId=20260910KTLT0
2026-09-10,2026,롯데,KT,home,3,16,사직,L,completed,20260910KTLT0,https://www.koreabaseball.com/Schedule/GameCenter/Main.aspx?gameDate=20260910&gameId=20260910KTLT0
2026-09-10,2026,KIA,NC,home,1,2,광주,L,completed,20260910NCHT0,https://www.koreabaseball.com/Schedule/GameCenter/Main.aspx?gameDate=20260910&gameId=20260910NCHT0
2026-09-10,2026,NC,KIA,away,2,1,광주,W,completed,20260910NCHT0,https://www.koreabaseball.com/Schedule/GameCenter/Main.aspx?gameDate=20260910&gameId=20260910NCHT0
2026-09-10,2026,두산,키움,home,5,0,잠실,W,completed,20260910WOOB0,https://www.koreabaseball.com/Schedule/GameCenter/Main.aspx?gameDate=20260910&gameId=20260910WOOB0
2026-09-10,2026,키움,두산,away,0,5,잠실,L,completed,20260910WOOB0,https://www.koreabaseball.com/Schedule/GameCenter/Main.aspx?gameDate=20260910&gameId=20260910WOOB0
2026-09-11,2026,KT,롯데,away,7,1,사직,W,completed,20260911KTLT0,https://www.koreabaseball.com/Schedule/GameCenter/Main.aspx?gameDate=20260911&gameId=20260911KTLT0
2026-09-11,2026,롯데,KT,home,1,7,사직,L,completed,20260911KTLT0,https://www.koreabaseball.com/Schedule/GameCenter/Main.aspx?gameDate=20260911&gameId=20260911KTLT0
2026-09-11,2026,NC,한화,away,9,7,대전,W,completed,20260911NCHH0,https://www.koreabaseball.com/Schedule/GameCenter/Main.aspx?gameDate=20260911&gameId=20260911NCHH0
2026-09-11,2026,한화,NC,home,7,9,대전,L,completed,20260911NCHH0,https://www.koreabaseball.com/Schedule/GameCenter/Main.aspx?gameDate=20260911&gameId=20260911NCHH0
2026-09-11,2026,KIA,SSG,home,5,2,광주,W,completed,20260911SKHT0,https://www.koreabaseball.com/Schedule/GameCenter/Main.aspx?gameDate=20260911&gameId=20260911SKHT0
2026-09-11,2026,SSG,KIA,away,2,5,광주,L,completed,20260911SKHT0,https://www.koreabaseball.com/Schedule/GameCenter/Main.aspx?gameDate=20260911&gameId=20260911SKHT0
2026-09-11,2026,삼성,키움,home,6,4,대구,W,completed,20260911WOSS0,https://www.koreabaseball.com/Schedule/GameCenter/Main.aspx?gameDate=20260911&gameId=20260911WOSS0
2026-09-11,2026,키움,삼성,away,4,6,대구,L,completed,20260911WOSS0,https://www.koreabaseball.com/Schedule/GameCenter/Main.aspx?gameDate=20260911&gameId=20260911WOSS0
2026-09-12,2026,KIA,KT,away,2,6,수원,L,completed,20260912HTKT0,https://www.koreabaseball.com/Schedule/GameCenter/Main.aspx?gameDate=20260912&gameId=20260912HTKT0
2026-09-12,2026,KT,KIA,home,6,2,수원,W,completed,20260912HTKT0,https://www.koreabaseball.com/Schedule/GameCenter/Main.aspx?gameDate=20260912&gameId=20260912HTKT0
2026-09-12,2026,LG,삼성,away,4,3,대구,W,completed,20260912LGSS0,https://www.koreabaseball.com/Schedule/GameCenter/Main.aspx?gameDate=20260912&gameId=20260912LGSS0
2026-09-12,2026,삼성,LG,home,3,4,대구,L,completed,20260912LGSS0,https://www.koreabaseball.com/Schedule/GameCenter/Main.aspx?gameDate=20260912&gameId=20260912LGSS0
2026-09-12,2026,롯데,키움,away,8,0,고척,W,completed,20260912LTWO0,https://www.koreabaseball.com/Schedule/GameCenter/Main.aspx?gameDate=20260912&gameId=20260912LTWO0
2026-09-12,2026,키움,롯데,home,0,8,고척,L,completed,20260912LTWO0,https://www.koreabaseball.com/Schedule/GameCenter/Main.aspx?gameDate=20260912&gameId=20260912LTWO0
2026-09-12,2026,NC,두산,away,10,9,잠실,W,completed,20260912NCOB0,https://www.koreabaseball.com/Schedule/GameCenter/Main.aspx?gameDate=20260912&gameId=20260912NCOB0
2026-09-12,2026,두산,NC,home,9,10,잠실,L,completed,20260912NCOB0,https://www.koreabaseball.com/Schedule/GameCenter/Main.aspx?gameDate=20260912&gameId=20260912NCOB0
2026-09-13,2026,KIA,한화,home,9,2,광주,W,completed,20260913HHHT0,https://www.koreabaseball.com/Schedule/GameCenter/Main.aspx?gameDate=20260913&gameId=20260913HHHT0
2026-09-13,2026,한화,KIA,away,2,9,광주,L,completed,20260913HHHT0,https://www.koreabaseball.com/Schedule/GameCenter/Main.aspx?gameDate=20260913&gameId=20260913HHHT0
2026-09-13,2026,LG,삼성,away,13,5,대구,W,completed,20260913LGSS0,https://www.koreabaseball.com/Schedule/GameCenter/Main.aspx?gameDate=20260913&gameId=20260913LGSS0
2026-09-13,2026,삼성,LG,home,5,13,대구,L,completed,20260913LGSS0,https://www.koreabaseball.com/Schedule/GameCenter/Main.aspx?gameDate=20260913&gameId=20260913LGSS0
2026-09-13,2026,KT,롯데,home,5,2,수원,W,completed,20260913LTKT0,https://www.koreabaseball.com/Schedule/GameCenter/Main.aspx?gameDate=20260913&gameId=20260913LTKT0
2026-09-13,2026,롯데,KT,away,2,5,수원,L,completed,20260913LTKT0,https://www.koreabaseball.com/Schedule/GameCenter/Main.aspx?gameDate=20260913&gameId=20260913LTKT0
2026-09-13,2026,NC,두산,away,2,9,잠실,L,completed,20260913NCOB0,https://www.koreabaseball.com/Schedule/GameCenter/Main.aspx?gameDate=20260913&gameId=20260913NCOB0
2026-09-13,2026,두산,NC,home,9,2,잠실,W,completed,20260913NCOB0,https://www.koreabaseball.com/Schedule/GameCenter/Main.aspx?gameDate=20260913&gameId=20260913NCOB0
2026-09-15,2026,KIA,SSG,away,3,6,문학,L,completed,20260915HTSK0,https://www.koreabaseball.com/Schedule/GameCenter/Main.aspx?gameDate=20260915&gameId=20260915HTSK0
2026-09-15,2026,SSG,KIA,home,6,3,문학,W,completed,20260915HTSK0,https://www.koreabaseball.com/Schedule/GameCenter/Main.aspx?gameDate=20260915&gameId=20260915HTSK0
2026-09-15,2026,KT,한화,away,13,3,대전,W,completed,20260915KTHH0,https://www.koreabaseball.com/Schedule/GameCenter/Main.aspx?gameDate=20260915&gameId=20260915KTHH0
2026-09-15,2026,한화,KT,home,3,13,대전,L,completed,20260915KTHH0,https://www.koreabaseball.com/Schedule/GameCenter/Main.aspx?gameDate=20260915&gameId=20260915KTHH0
2026-09-15,2026,LG,NC,away,3,2,창원,W,completed,20260915LGNC0,https://www.koreabaseball.com/Schedule/GameCenter/Main.aspx?gameDate=20260915&gameId=20260915LGNC0
2026-09-15,2026,NC,LG,home,2,3,창원,L,completed,20260915LGNC0,https://www.koreabaseball.com/Schedule/GameCenter/Main.aspx?gameDate=20260915&gameId=20260915LGNC0
2026-09-15,2026,롯데,삼성,away,3,7,대구,L,completed,20260915LTSS0,https://www.koreabaseball.com/Schedule/GameCenter/Main.aspx?gameDate=20260915&gameId=20260915LTSS0
2026-09-15,2026,삼성,롯데,home,7,3,대구,W,completed,20260915LTSS0,https://www.koreabaseball.com/Schedule/GameCenter/Main.aspx?gameDate=20260915&gameId=20260915LTSS0
2026-09-16,2026,KT,한화,away,4,4,대전,D,completed,20260916KTHH0,https://www.koreabaseball.com/Schedule/GameCenter/Main.aspx?gameDate=20260916&gameId=20260916KTHH0
2026-09-16,2026,한화,KT,home,4,4,대전,D,completed,20260916KTHH0,https://www.koreabaseball.com/Schedule/GameCenter/Main.aspx?gameDate=20260916&gameId=20260916KTHH0
2026-09-16,2026,LG,NC,away,9,2,창원,W,completed,20260916LGNC0,https://www.koreabaseball.com/Schedule/GameCenter/Main.aspx?gameDate=20260916&gameId=20260916LGNC0
2026-09-16,2026,NC,LG,home,2,9,창원,L,completed,20260916LGNC0,https://www.koreabaseball.com/Schedule/GameCenter/Main.aspx?gameDate=20260916&gameId=20260916LGNC0
2026-09-16,2026,SSG,롯데,away,4,1,사직,W,completed,20260916SKLT0,https://www.koreabaseball.com/Schedule/GameCenter/Main.aspx?gameDate=20260916&gameId=20260916SKLT0
2026-09-16,2026,롯데,SSG,home,1,4,사직,L,completed,20260916SKLT0,https://www.koreabaseball.com/Schedule/GameCenter/Main.aspx?gameDate=20260916&gameId=20260916SKLT0
2026-09-16,2026,두산,삼성,home,3,1,잠실,W,completed,20260916SSOB0,https://www.koreabaseball.com/Schedule/GameCenter/Main.aspx?gameDate=20260916&gameId=20260916SSOB0
2026-09-16,2026,삼성,두산,away,1,3,잠실,L,completed,20260916SSOB0,https://www.koreabaseball.com/Schedule/GameCenter/Main.aspx?gameDate=20260916&gameId=20260916SSOB0
2026-09-17,2026,NC,SSG,home,1,2,창원,L,completed,20260917SKNC0,https://www.koreabaseball.com/Schedule/GameCenter/Main.aspx?gameDate=20260917&gameId=20260917SKNC0
2026-09-17,2026,SSG,NC,away,2,1,창원,W,completed,20260917SKNC0,https://www.koreabaseball.com/Schedule/GameCenter/Main.aspx?gameDate=20260917&gameId=20260917SKNC0
2026-09-17,2026,KIA,키움,home,2,0,광주,W,completed,20260917WOHT0,https://www.koreabaseball.com/Schedule/GameCenter/Main.aspx?gameDate=20260917&gameId=20260917WOHT0
2026-09-17,2026,키움,KIA,away,0,2,광주,L,completed,20260917WOHT0,https://www.koreabaseball.com/Schedule/GameCenter/Main.aspx?gameDate=20260917&gameId=20260917WOHT0
2026-09-18,2026,KT,LG,home,1,12,수원,L,completed,20260918LGKT0,https://www.koreabaseball.com/Schedule/GameCenter/Main.aspx?gameDate=20260918&gameId=20260918LGKT0
2026-09-18,2026,LG,KT,away,12,1,수원,W,completed,20260918LGKT0,https://www.koreabaseball.com/Schedule/GameCenter/Main.aspx?gameDate=20260918&gameId=20260918LGKT0
2026-09-18,2026,NC,롯데,away,6,9,사직,L,completed,20260918NCLT0,https://www.koreabaseball.com/Schedule/GameCenter/Main.aspx?gameDate=20260918&gameId=20260918NCLT0
2026-09-18,2026,롯데,NC,home,9,6,사직,W,completed,20260918NCLT0,https://www.koreabaseball.com/Schedule/GameCenter/Main.aspx?gameDate=20260918&gameId=20260918NCLT0
2026-09-18,2026,삼성,한화,away,10,4,대전,W,completed,20260918SSHH0,https://www.koreabaseball.com/Schedule/GameCenter/Main.aspx?gameDate=20260918&gameId=20260918SSHH0
2026-09-18,2026,한화,삼성,home,4,10,대전,L,completed,20260918SSHH0,https://www.koreabaseball.com/Schedule/GameCenter/Main.aspx?gameDate=20260918&gameId=20260918SSHH0
2026-09-18,2026,두산,키움,home,6,6,잠실,D,completed,20260918WOOB0,https://www.koreabaseball.com/Schedule/GameCenter/Main.aspx?gameDate=20260918&gameId=20260918WOOB0
2026-09-18,2026,키움,두산,away,6,6,잠실,D,completed,20260918WOOB0,https://www.koreabaseball.com/Schedule/GameCenter/Main.aspx?gameDate=20260918&gameId=20260918WOOB0
2026-09-19,2026,LG,한화,home,2,1,잠실,W,completed,20260919HHLG0,https://www.koreabaseball.com/Schedule/GameCenter/Main.aspx?gameDate=20260919&gameId=20260919HHLG0
2026-09-19,2026,한화,LG,away,1,2,잠실,L,completed,20260919HHLG0,https://www.koreabaseball.com/Schedule/GameCenter/Main.aspx?gameDate=20260919&gameId=20260919HHLG0
2026-09-19,2026,KIA,NC,away,5,1,창원,W,completed,20260919HTNC0,https://www.koreabaseball.com/Schedule/GameCenter/Main.aspx?gameDate=20260919&gameId=20260919HTNC0
2026-09-19,2026,NC,KIA,home,1,5,창원,L,completed,20260919HTNC0,https://www.koreabaseball.com/Schedule/GameCenter/Main.aspx?gameDate=20260919&gameId=20260919HTNC0
2026-09-19,2026,KT,두산,home,15,3,수원,W,completed,20260919OBKT0,https://www.koreabaseball.com/Schedule/GameCenter/Main.aspx?gameDate=20260919&gameId=20260919OBKT0
2026-09-19,2026,두산,KT,away,3,15,수원,L,completed,20260919OBKT0,https://www.koreabaseball.com/Schedule/GameCenter/Main.aspx?gameDate=20260919&gameId=20260919OBKT0
2026-09-19,2026,롯데,삼성,home,5,3,사직,W,completed,20260919SSLT0,https://www.koreabaseball.com/Schedule/GameCenter/Main.aspx?gameDate=20260919&gameId=20260919SSLT0
2026-09-19,2026,삼성,롯데,away,3,5,사직,L,completed,20260919SSLT0,https://www.koreabaseball.com/Schedule/GameCenter/Main.aspx?gameDate=20260919&gameId=20260919SSLT0
2026-09-20,2026,LG,한화,home,4,3,잠실,W,completed,20260920HHLG0,https://www.koreabaseball.com/Schedule/GameCenter/Main.aspx?gameDate=20260920&gameId=20260920HHLG0
2026-09-20,2026,한화,LG,away,3,4,잠실,L,completed,20260920HHLG0,https://www.koreabaseball.com/Schedule/GameCenter/Main.aspx?gameDate=20260920&gameId=20260920HHLG0
2026-09-20,2026,KIA,NC,away,8,6,창원,W,completed,20260920HTNC0,https://www.koreabaseball.com/Schedule/GameCenter/Main.aspx?gameDate=20260920&gameId=20260920HTNC0
2026-09-20,2026,NC,KIA,home,6,8,창원,L,completed,20260920HTNC0,https://www.koreabaseball.com/Schedule/GameCenter/Main.aspx?gameDate=20260920&gameId=20260920HTNC0
2026-09-20,2026,KT,두산,home,9,8,수원,W,completed,20260920OBKT0,https://www.koreabaseball.com/Schedule/GameCenter/Main.aspx?gameDate=20260920&gameId=20260920OBKT0
2026-09-20,2026,두산,KT,away,8,9,수원,L,completed,20260920OBKT0,https://www.koreabaseball.com/Schedule/GameCenter/Main.aspx?gameDate=20260920&gameId=20260920OBKT0
2026-09-20,2026,롯데,삼성,home,13,6,사직,W,completed,20260920SSLT0,https://www.koreabaseball.com/Schedule/GameCenter/Main.aspx?gameDate=20260920&gameId=20260920SSLT0
2026-09-20,2026,삼성,롯데,away,6,13,사직,L,completed,20260920SSLT0,https://www.koreabaseball.com/Schedule/GameCenter/Main.aspx?gameDate=20260920&gameId=20260920SSLT0
2026-09-20,2026,SSG,키움,home,10,5,문학,W,completed,20260920WOSK0,https://www.koreabaseball.com/Schedule/GameCenter/Main.aspx?gameDate=20260920&gameId=20260920WOSK0
2026-09-20,2026,키움,SSG,away,5,10,문학,L,completed,20260920WOSK0,https://www.koreabaseball.com/Schedule/GameCenter/Main.aspx?gameDate=20260920&gameId=20260920WOSK0
2026-09-22,2026,KT,SSG,away,8,2,문학,W,completed,20260922KTSK0,https://www.koreabaseball.com/Schedule/GameCenter/Main.aspx?gameDate=20260922&gameId=20260922KTSK0
2026-09-22,2026,SSG,KT,home,2,8,문학,L,completed,20260922KTSK0,https://www.koreabaseball.com/Schedule/GameCenter/Main.aspx?gameDate=20260922&gameId=20260922KTSK0
2026-09-22,2026,롯데,한화,away,7,0,대전,W,completed,20260922LTHH0,https://www.koreabaseball.com/Schedule/GameCenter/Main.aspx?gameDate=20260922&gameId=20260922LTHH0
2026-09-22,2026,한화,롯데,home,0,7,대전,L,completed,20260922LTHH0,https://www.koreabaseball.com/Schedule/GameCenter/Main.aspx?gameDate=20260922&gameId=20260922LTHH0
2026-09-22,2026,NC,삼성,away,5,8,대구,L,completed,20260922NCSS0,https://www.koreabaseball.com/Schedule/GameCenter/Main.aspx?gameDate=20260922&gameId=20260922NCSS0
2026-09-22,2026,삼성,NC,home,8,5,대구,W,completed,20260922NCSS0,https://www.koreabaseball.com/Schedule/GameCenter/Main.aspx?gameDate=20260922&gameId=20260922NCSS0
2026-09-22,2026,두산,키움,away,5,3,고척,W,completed,20260922OBWO0,https://www.koreabaseball.com/Schedule/GameCenter/Main.aspx?gameDate=20260922&gameId=20260922OBWO0
2026-09-22,2026,키움,두산,home,3,5,고척,L,completed,20260922OBWO0,https://www.koreabaseball.com/Schedule/GameCenter/Main.aspx?gameDate=20260922&gameId=20260922OBWO0
2026-09-23,2026,KIA,두산,away,2,3,잠실,L,completed,20260923HTOB0,https://www.koreabaseball.com/Schedule/GameCenter/Main.aspx?gameDate=20260923&gameId=20260923HTOB0
2026-09-23,2026,두산,KIA,home,3,2,잠실,W,completed,20260923HTOB0,https://www.koreabaseball.com/Schedule/GameCenter/Main.aspx?gameDate=20260923&gameId=20260923HTOB0
2026-09-23,2026,롯데,한화,away,9,5,대전,W,completed,20260923LTHH0,https://www.koreabaseball.com/Schedule/GameCenter/Main.aspx?gameDate=20260923&gameId=20260923LTHH0
2026-09-23,2026,한화,롯데,home,5,9,대전,L,completed,20260923LTHH0,https://www.koreabaseball.com/Schedule/GameCenter/Main.aspx?gameDate=20260923&gameId=20260923LTHH0
2026-09-23,2026,KT,NC,home,3,10,수원,L,completed,20260923NCKT0,https://www.koreabaseball.com/Schedule/GameCenter/Main.aspx?gameDate=20260923&gameId=20260923NCKT0
2026-09-23,2026,NC,KT,away,10,3,수원,W,completed,20260923NCKT0,https://www.koreabaseball.com/Schedule/GameCenter/Main.aspx?gameDate=20260923&gameId=20260923NCKT0
2026-09-24,2026,LG,롯데,home,4,6,잠실,L,completed,20260924LTLG0,https://www.koreabaseball.com/Schedule/GameCenter/Main.aspx?gameDate=20260924&gameId=20260924LTLG0
2026-09-24,2026,롯데,LG,away,6,4,잠실,W,completed,20260924LTLG0,https://www.koreabaseball.com/Schedule/GameCenter/Main.aspx?gameDate=20260924&gameId=20260924LTLG0
2026-09-24,2026,KT,NC,home,3,2,수원,W,completed,20260924NCKT0,https://www.koreabaseball.com/Schedule/GameCenter/Main.aspx?gameDate=20260924&gameId=20260924NCKT0
2026-09-24,2026,NC,KT,away,2,3,수원,L,completed,20260924NCKT0,https://www.koreabaseball.com/Schedule/GameCenter/Main.aspx?gameDate=20260924&gameId=20260924NCKT0
2026-09-24,2026,SSG,삼성,home,4,5,문학,L,completed,20260924SSSK0,https://www.koreabaseball.com/Schedule/GameCenter/Main.aspx?gameDate=20260924&gameId=20260924SSSK0
2026-09-24,2026,삼성,SSG,away,5,4,문학,W,completed,20260924SSSK0,https://www.koreabaseball.com/Schedule/GameCenter/Main.aspx?gameDate=20260924&gameId=20260924SSSK0
2026-09-25,2026,SSG,삼성,home,,,문학,,not_completed,2026-09-25_SSG_삼성,https://www.koreabaseball.com/Schedule/Schedule.aspx
2026-09-25,2026,삼성,SSG,away,,,문학,,not_completed,2026-09-25_SSG_삼성,https://www.koreabaseball.com/Schedule/Schedule.aspx
2026-09-25,2026,두산,롯데,home,,,잠실,,not_completed,2026-09-25_두산_롯데,https://www.koreabaseball.com/Schedule/Schedule.aspx
2026-09-25,2026,롯데,두산,away,,,잠실,,not_completed,2026-09-25_두산_롯데,https://www.koreabaseball.com/Schedule/Schedule.aspx
2026-09-25,2026,NC,한화,home,8,7,창원,W,completed,20260925HHNC0,https://www.koreabaseball.com/Schedule/GameCenter/Main.aspx?gameDate=20260925&gameId=20260925HHNC0
2026-09-25,2026,한화,NC,away,7,8,창원,L,completed,20260925HHNC0,https://www.koreabaseball.com/Schedule/GameCenter/Main.aspx?gameDate=20260925&gameId=20260925HHNC0
2026-09-26,2026,NC,한화,home,3,2,창원,W,completed,20260926HHNC0,https://www.koreabaseball.com/Schedule/GameCenter/Main.aspx?gameDate=20260926&gameId=20260926HHNC0
2026-09-26,2026,한화,NC,away,2,3,창원,L,completed,20260926HHNC0,https://www.koreabaseball.com/Schedule/GameCenter/Main.aspx?gameDate=20260926&gameId=20260926HHNC0
2026-09-26,2026,KIA,LG,home,5,1,광주,W,completed,20260926LGHT0,https://www.koreabaseball.com/Schedule/GameCenter/Main.aspx?gameDate=20260926&gameId=20260926LGHT0
2026-09-26,2026,LG,KIA,away,1,5,광주,L,completed,20260926LGHT0,https://www.koreabaseball.com/Schedule/GameCenter/Main.aspx?gameDate=20260926&gameId=20260926LGHT0
2026-09-26,2026,KT,키움,home,1,10,수원,L,completed,20260926WOKT0,https://www.koreabaseball.com/Schedule/GameCenter/Main.aspx?gameDate=20260926&gameId=20260926WOKT0
2026-09-26,2026,키움,KT,away,10,1,수원,W,completed,20260926WOKT0,https://www.koreabaseball.com/Schedule/GameCenter/Main.aspx?gameDate=20260926&gameId=20260926WOKT0
2026-09-27,2026,KIA,LG,home,,,광주,,not_completed,2026-09-27_KIA_LG,https://www.koreabaseball.com/Schedule/Schedule.aspx
2026-09-27,2026,LG,KIA,away,,,광주,,not_completed,2026-09-27_KIA_LG,https://www.koreabaseball.com/Schedule/Schedule.aspx
2026-09-27,2026,롯데,한화,home,2,6,사직,L,completed,20260927HHLT0,https://www.koreabaseball.com/Schedule/GameCenter/Main.aspx?gameDate=20260927&gameId=20260927HHLT0
2026-09-27,2026,한화,롯데,away,6,2,사직,W,completed,20260927HHLT0,https://www.koreabaseball.com/Schedule/GameCenter/Main.aspx?gameDate=20260927&gameId=20260927HHLT0
2026-09-27,2026,KT,두산,away,12,6,잠실,W,completed,20260927KTOB0,https://www.koreabaseball.com/Schedule/GameCenter/Main.aspx?gameDate=20260927&gameId=20260927KTOB0
2026-09-27,2026,두산,KT,home,6,12,잠실,L,completed,20260927KTOB0,https://www.koreabaseball.com/Schedule/GameCenter/Main.aspx?gameDate=20260927&gameId=20260927KTOB0
2026-09-27,2026,NC,키움,home,4,8,창원,L,completed,20260927WONC0,https://www.koreabaseball.com/Schedule/GameCenter/Main.aspx?gameDate=20260927&gameId=20260927WONC0
2026-09-27,2026,키움,NC,away,8,4,창원,W,completed,20260927WONC0,https://www.koreabaseball.com/Schedule/GameCenter/Main.aspx?gameDate=20260927&gameId=20260927WONC0
2026-09-29,2026,삼성,한화,home,,,대구,,not_completed,20260929HHSS0,https://www.koreabaseball.com/Schedule/GameCenter/Main.aspx?gameDate=20260929&gameId=20260929HHSS0
2026-09-29,2026,한화,삼성,away,,,대구,,not_completed,20260929HHSS0,https://www.koreabaseball.com/Schedule/GameCenter/Main.aspx?gameDate=20260929&gameId=20260929HHSS0
2026-09-29,2026,KIA,KT,home,,,광주,,not_completed,20260929KTHT0,https://www.koreabaseball.com/Schedule/GameCenter/Main.aspx?gameDate=20260929&gameId=20260929KTHT0
2026-09-29,2026,KT,KIA,away,,,광주,,not_completed,20260929KTHT0,https://www.koreabaseball.com/Schedule/GameCenter/Main.aspx?gameDate=20260929&gameId=20260929KTHT0
2026-09-29,2026,LG,SSG,away,,,문학,,not_completed,20260929LGSK0,https://www.koreabaseball.com/Schedule/GameCenter/Main.aspx?gameDate=20260929&gameId=20260929LGSK0
2026-09-29,2026,SSG,LG,home,,,문학,,not_completed,20260929LGSK0,https://www.koreabaseball.com/Schedule/GameCenter/Main.aspx?gameDate=20260929&gameId=20260929LGSK0
2026-09-29,2026,NC,두산,away,,,잠실,,not_completed,20260929NCOB0,https://www.koreabaseball.com/Schedule/GameCenter/Main.aspx?gameDate=20260929&gameId=20260929NCOB0
2026-09-29,2026,두산,NC,home,,,잠실,,not_completed,20260929NCOB0,https://www.koreabaseball.com/Schedule/GameCenter/Main.aspx?gameDate=20260929&gameId=20260929NCOB0
2026-09-29,2026,롯데,키움,home,,,사직,,not_completed,20260929WOLT0,https://www.koreabaseball.com/Schedule/GameCenter/Main.aspx?gameDate=20260929&gameId=20260929WOLT0
2026-09-29,2026,키움,롯데,away,,,사직,,not_completed,20260929WOLT0,https://www.koreabaseball.com/Schedule/GameCenter/Main.aspx?gameDate=20260929&gameId=20260929WOLT0
2026-09-30,2026,삼성,한화,home,,,대구,,not_completed,20260930HHSS0,https://www.koreabaseball.com/Schedule/GameCenter/Main.aspx?gameDate=20260930&gameId=20260930HHSS0
2026-09-30,2026,한화,삼성,away,,,대구,,not_completed,20260930HHSS0,https://www.koreabaseball.com/Schedule/GameCenter/Main.aspx?gameDate=20260930&gameId=20260930HHSS0
2026-09-30,2026,KIA,KT,home,,,광주,,not_completed,20260930KTHT0,https://www.koreabaseball.com/Schedule/GameCenter/Main.aspx?gameDate=20260930&gameId=20260930KTHT0
2026-09-30,2026,KT,KIA,away,,,광주,,not_completed,20260930KTHT0,https://www.koreabaseball.com/Schedule/GameCenter/Main.aspx?gameDate=20260930&gameId=20260930KTHT0
2026-09-30,2026,LG,SSG,away,,,문학,,not_completed,20260930LGSK0,https://www.koreabaseball.com/Schedule/GameCenter/Main.aspx?gameDate=20260930&gameId=20260930LGSK0
2026-09-30,2026,SSG,LG,home,,,문학,,not_completed,20260930LGSK0,https://www.koreabaseball.com/Schedule/GameCenter/Main.aspx?gameDate=20260930&gameId=20260930LGSK0
2026-09-30,2026,NC,두산,away,,,잠실,,not_completed,20260930NCOB0,https://www.koreabaseball.com/Schedule/GameCenter/Main.aspx?gameDate=20260930&gameId=20260930NCOB0
2026-09-30,2026,두산,NC,home,,,잠실,,not_completed,20260930NCOB0,https://www.koreabaseball.com/Schedule/GameCenter/Main.aspx?gameDate=20260930&gameId=20260930NCOB0
2026-09-30,2026,롯데,키움,home,,,사직,,not_completed,20260930WOLT0,https://www.koreabaseball.com/Schedule/GameCenter/Main.aspx?gameDate=20260930&gameId=20260930WOLT0
2026-09-30,2026,키움,롯데,away,,,사직,,not_completed,20260930WOLT0,https://www.koreabaseball.com/Schedule/GameCenter/Main.aspx?gameDate=20260930&gameId=20260930WOLT0
